date,hour,day_of_week,is_weekend,visitors
2025-04-03 13:38:29.003994,0,3,0,3
2025-04-03 13:38:29.003994,1,3,0,4
2025-04-03 13:38:29.003994,2,3,0,2
2025-04-03 13:38:29.003994,3,3,0,4
2025-04-03 13:38:29.003994,4,3,0,4
2025-04-03 13:38:29.003994,5,3,0,1
2025-04-03 13:38:29.003994,6,3,0,2
2025-04-03 13:38:29.003994,7,3,0,20
2025-04-03 13:38:29.003994,8,3,0,13
2025-04-03 13:38:29.003994,9,3,0,11
2025-04-03 13:38:29.003994,10,3,0,3
2025-04-03 13:38:29.003994,11,3,0,47
2025-04-03 13:38:29.003994,12,3,0,20
2025-04-03 13:38:29.003994,13,3,0,45
2025-04-03 13:38:29.003994,14,3,0,4
2025-04-03 13:38:29.003994,15,3,0,3
2025-04-03 13:38:29.003994,16,3,0,0
2025-04-03 13:38:29.003994,17,3,0,56
2025-04-03 13:38:29.003994,18,3,0,71
2025-04-03 13:38:29.003994,19,3,0,45
2025-04-03 13:38:29.003994,20,3,0,73
2025-04-03 13:38:29.003994,21,3,0,3
2025-04-03 13:38:29.003994,22,3,0,0
2025-04-03 13:38:29.003994,23,3,0,2
2025-04-04 13:38:29.003994,0,4,0,4
2025-04-04 13:38:29.003994,1,4,0,2
2025-04-04 13:38:29.003994,2,4,0,4
2025-04-04 13:38:29.003994,3,4,0,0
2025-04-04 13:38:29.003994,4,4,0,1
2025-04-04 13:38:29.003994,5,4,0,3
2025-04-04 13:38:29.003994,6,4,0,0
2025-04-04 13:38:29.003994,7,4,0,23
2025-04-04 13:38:29.003994,8,4,0,18
2025-04-04 13:38:29.003994,9,4,0,11
2025-04-04 13:38:29.003994,10,4,0,3
2025-04-04 13:38:29.003994,11,4,0,34
2025-04-04 13:38:29.003994,12,4,0,26
2025-04-04 13:38:29.003994,13,4,0,48
2025-04-04 13:38:29.003994,14,4,0,2
2025-04-04 13:38:29.003994,15,4,0,0
2025-04-04 13:38:29.003994,16,4,0,3
2025-04-04 13:38:29.003994,17,4,0,69
2025-04-04 13:38:29.003994,18,4,0,31
2025-04-04 13:38:29.003994,19,4,0,33
2025-04-04 13:38:29.003994,20,4,0,47
2025-04-04 13:38:29.003994,21,4,0,1
2025-04-04 13:38:29.003994,22,4,0,3
2025-04-04 13:38:29.003994,23,4,0,1
2025-04-05 13:38:29.003994,0,5,1,1
2025-04-05 13:38:29.003994,1,5,1,4
2025-04-05 13:38:29.003994,2,5,1,4
2025-04-05 13:38:29.003994,3,5,1,0
2025-04-05 13:38:29.003994,4,5,1,6
2025-04-05 13:38:29.003994,5,5,1,6
2025-04-05 13:38:29.003994,6,5,1,1
2025-04-05 13:38:29.003994,7,5,1,33
2025-04-05 13:38:29.003994,8,5,1,36
2025-04-05 13:38:29.003994,9,5,1,15
2025-04-05 13:38:29.003994,10,5,1,0
2025-04-05 13:38:29.003994,11,5,1,64
2025-04-05 13:38:29.003994,12,5,1,46
2025-04-05 13:38:29.003994,13,5,1,57
2025-04-05 13:38:29.003994,14,5,1,0
2025-04-05 13:38:29.003994,15,5,1,3
2025-04-05 13:38:29.003994,16,5,1,3
2025-04-05 13:38:29.003994,17,5,1,51
2025-04-05 13:38:29.003994,18,5,1,102
2025-04-05 13:38:29.003994,19,5,1,105
2025-04-05 13:38:29.003994,20,5,1,54
2025-04-05 13:38:29.003994,21,5,1,0
2025-04-05 13:38:29.003994,22,5,1,4
2025-04-05 13:38:29.003994,23,5,1,1
2025-04-06 13:38:29.003994,0,6,1,0
2025-04-06 13:38:29.003994,1,6,1,6
2025-04-06 13:38:29.003994,2,6,1,3
2025-04-06 13:38:29.003994,3,6,1,4
2025-04-06 13:38:29.003994,4,6,1,3
2025-04-06 13:38:29.003994,5,6,1,3
2025-04-06 13:38:29.003994,6,6,1,0
2025-04-06 13:38:29.003994,7,6,1,21
2025-04-06 13:38:29.003994,8,6,1,15
2025-04-06 13:38:29.003994,9,6,1,34
2025-04-06 13:38:29.003994,10,6,1,3
2025-04-06 13:38:29.003994,11,6,1,51
2025-04-06 13:38:29.003994,12,6,1,43
2025-04-06 13:38:29.003994,13,6,1,48
2025-04-06 13:38:29.003994,14,6,1,3
2025-04-06 13:38:29.003994,15,6,1,0
2025-04-06 13:38:29.003994,16,6,1,4
2025-04-06 13:38:29.003994,17,6,1,91
2025-04-06 13:38:29.003994,18,6,1,88
2025-04-06 13:38:29.003994,19,6,1,78
2025-04-06 13:38:29.003994,20,6,1,66
2025-04-06 13:38:29.003994,21,6,1,3
2025-04-06 13:38:29.003994,22,6,1,6
2025-04-06 13:38:29.003994,23,6,1,4
2025-04-07 13:38:29.003994,0,0,0,4
2025-04-07 13:38:29.003994,1,0,0,2
2025-04-07 13:38:29.003994,2,0,0,2
2025-04-07 13:38:29.003994,3,0,0,3
2025-04-07 13:38:29.003994,4,0,0,1
2025-04-07 13:38:29.003994,5,0,0,1
2025-04-07 13:38:29.003994,6,0,0,4
2025-04-07 13:38:29.003994,7,0,0,15
2025-04-07 13:38:29.003994,8,0,0,21
2025-04-07 13:38:29.003994,9,0,0,29
2025-04-07 13:38:29.003994,10,0,0,2
2025-04-07 13:38:29.003994,11,0,0,42
2025-04-07 13:38:29.003994,12,0,0,44
2025-04-07 13:38:29.003994,13,0,0,20
2025-04-07 13:38:29.003994,14,0,0,0
2025-04-07 13:38:29.003994,15,0,0,2
2025-04-07 13:38:29.003994,16,0,0,0
2025-04-07 13:38:29.003994,17,0,0,42
2025-04-07 13:38:29.003994,18,0,0,32
2025-04-07 13:38:29.003994,19,0,0,38
2025-04-07 13:38:29.003994,20,0,0,62
2025-04-07 13:38:29.003994,21,0,0,2
2025-04-07 13:38:29.003994,22,0,0,1
2025-04-07 13:38:29.003994,23,0,0,3
2025-04-08 13:38:29.003994,0,1,0,2
2025-04-08 13:38:29.003994,1,1,0,0
2025-04-08 13:38:29.003994,2,1,0,3
2025-04-08 13:38:29.003994,3,1,0,0
2025-04-08 13:38:29.003994,4,1,0,0
2025-04-08 13:38:29.003994,5,1,0,1
2025-04-08 13:38:29.003994,6,1,0,3
2025-04-08 13:38:29.003994,7,1,0,16
2025-04-08 13:38:29.003994,8,1,0,12
2025-04-08 13:38:29.003994,9,1,0,14
2025-04-08 13:38:29.003994,10,1,0,0
2025-04-08 13:38:29.003994,11,1,0,46
2025-04-08 13:38:29.003994,12,1,0,21
2025-04-08 13:38:29.003994,13,1,0,47
2025-04-08 13:38:29.003994,14,1,0,4
2025-04-08 13:38:29.003994,15,1,0,0
2025-04-08 13:38:29.003994,16,1,0,0
2025-04-08 13:38:29.003994,17,1,0,31
2025-04-08 13:38:29.003994,18,1,0,73
2025-04-08 13:38:29.003994,19,1,0,61
2025-04-08 13:38:29.003994,20,1,0,40
2025-04-08 13:38:29.003994,21,1,0,2
2025-04-08 13:38:29.003994,22,1,0,0
2025-04-08 13:38:29.003994,23,1,0,4
2025-04-09 13:38:29.003994,0,2,0,3
2025-04-09 13:38:29.003994,1,2,0,1
2025-04-09 13:38:29.003994,2,2,0,2
2025-04-09 13:38:29.003994,3,2,0,0
2025-04-09 13:38:29.003994,4,2,0,0
2025-04-09 13:38:29.003994,5,2,0,3
2025-04-09 13:38:29.003994,6,2,0,2
2025-04-09 13:38:29.003994,7,2,0,12
2025-04-09 13:38:29.003994,8,2,0,13
2025-04-09 13:38:29.003994,9,2,0,12
2025-04-09 13:38:29.003994,10,2,0,2
2025-04-09 13:38:29.003994,11,2,0,26
2025-04-09 13:38:29.003994,12,2,0,28
2025-04-09 13:38:29.003994,13,2,0,27
2025-04-09 13:38:29.003994,14,2,0,1
2025-04-09 13:38:29.003994,15,2,0,0
2025-04-09 13:38:29.003994,16,2,0,2
2025-04-09 13:38:29.003994,17,2,0,54
2025-04-09 13:38:29.003994,18,2,0,52
2025-04-09 13:38:29.003994,19,2,0,64
2025-04-09 13:38:29.003994,20,2,0,45
2025-04-09 13:38:29.003994,21,2,0,1
2025-04-09 13:38:29.003994,22,2,0,0
2025-04-09 13:38:29.003994,23,2,0,3
2025-04-10 13:38:29.003994,0,3,0,3
2025-04-10 13:38:29.003994,1,3,0,0
2025-04-10 13:38:29.003994,2,3,0,1
2025-04-10 13:38:29.003994,3,3,0,0
2025-04-10 13:38:29.003994,4,3,0,3
2025-04-10 13:38:29.003994,5,3,0,4
2025-04-10 13:38:29.003994,6,3,0,4
2025-04-10 13:38:29.003994,7,3,0,18
2025-04-10 13:38:29.003994,8,3,0,12
2025-04-10 13:38:29.003994,9,3,0,25
2025-04-10 13:38:29.003994,10,3,0,2
2025-04-10 13:38:29.003994,11,3,0,43
2025-04-10 13:38:29.003994,12,3,0,43
2025-04-10 13:38:29.003994,13,3,0,30
2025-04-10 13:38:29.003994,14,3,0,0
2025-04-10 13:38:29.003994,15,3,0,3
2025-04-10 13:38:29.003994,16,3,0,3
2025-04-10 13:38:29.003994,17,3,0,77
2025-04-10 13:38:29.003994,18,3,0,64
2025-04-10 13:38:29.003994,19,3,0,58
2025-04-10 13:38:29.003994,20,3,0,75
2025-04-10 13:38:29.003994,21,3,0,1
2025-04-10 13:38:29.003994,22,3,0,1
2025-04-10 13:38:29.003994,23,3,0,2
2025-04-11 13:38:29.003994,0,4,0,4
2025-04-11 13:38:29.003994,1,4,0,0
2025-04-11 13:38:29.003994,2,4,0,3
2025-04-11 13:38:29.003994,3,4,0,0
2025-04-11 13:38:29.003994,4,4,0,3
2025-04-11 13:38:29.003994,5,4,0,0
2025-04-11 13:38:29.003994,6,4,0,4
2025-04-11 13:38:29.003994,7,4,0,17
2025-04-11 13:38:29.003994,8,4,0,26
2025-04-11 13:38:29.003994,9,4,0,25
2025-04-11 13:38:29.003994,10,4,0,3
2025-04-11 13:38:29.003994,11,4,0,38
2025-04-11 13:38:29.003994,12,4,0,38
2025-04-11 13:38:29.003994,13,4,0,46
2025-04-11 13:38:29.003994,14,4,0,1
2025-04-11 13:38:29.003994,15,4,0,4
2025-04-11 13:38:29.003994,16,4,0,0
2025-04-11 13:38:29.003994,17,4,0,76
2025-04-11 13:38:29.003994,18,4,0,34
2025-04-11 13:38:29.003994,19,4,0,77
2025-04-11 13:38:29.003994,20,4,0,33
2025-04-11 13:38:29.003994,21,4,0,2
2025-04-11 13:38:29.003994,22,4,0,0
2025-04-11 13:38:29.003994,23,4,0,0
2025-04-12 13:38:29.003994,0,5,1,4
2025-04-12 13:38:29.003994,1,5,1,4
2025-04-12 13:38:29.003994,2,5,1,6
2025-04-12 13:38:29.003994,3,5,1,6
2025-04-12 13:38:29.003994,4,5,1,3
2025-04-12 13:38:29.003994,5,5,1,4
2025-04-12 13:38:29.003994,6,5,1,0
2025-04-12 13:38:29.003994,7,5,1,39
2025-04-12 13:38:29.003994,8,5,1,18
2025-04-12 13:38:29.003994,9,5,1,15
2025-04-12 13:38:29.003994,10,5,1,4
2025-04-12 13:38:29.003994,11,5,1,60
2025-04-12 13:38:29.003994,12,5,1,33
2025-04-12 13:38:29.003994,13,5,1,66
2025-04-12 13:38:29.003994,14,5,1,1
2025-04-12 13:38:29.003994,15,5,1,1
2025-04-12 13:38:29.003994,16,5,1,3
2025-04-12 13:38:29.003994,17,5,1,91
2025-04-12 13:38:29.003994,18,5,1,84
2025-04-12 13:38:29.003994,19,5,1,46
2025-04-12 13:38:29.003994,20,5,1,69
2025-04-12 13:38:29.003994,21,5,1,0
2025-04-12 13:38:29.003994,22,5,1,0
2025-04-12 13:38:29.003994,23,5,1,3
2025-04-13 13:38:29.003994,0,6,1,6
2025-04-13 13:38:29.003994,1,6,1,1
2025-04-13 13:38:29.003994,2,6,1,1
2025-04-13 13:38:29.003994,3,6,1,3
2025-04-13 13:38:29.003994,4,6,1,1
2025-04-13 13:38:29.003994,5,6,1,0
2025-04-13 13:38:29.003994,6,6,1,6
2025-04-13 13:38:29.003994,7,6,1,24
2025-04-13 13:38:29.003994,8,6,1,19
2025-04-13 13:38:29.003994,9,6,1,43
2025-04-13 13:38:29.003994,10,6,1,0
2025-04-13 13:38:29.003994,11,6,1,57
2025-04-13 13:38:29.003994,12,6,1,31
2025-04-13 13:38:29.003994,13,6,1,63
2025-04-13 13:38:29.003994,14,6,1,3
2025-04-13 13:38:29.003994,15,6,1,0
2025-04-13 13:38:29.003994,16,6,1,1
2025-04-13 13:38:29.003994,17,6,1,76
2025-04-13 13:38:29.003994,18,6,1,76
2025-04-13 13:38:29.003994,19,6,1,106
2025-04-13 13:38:29.003994,20,6,1,99
2025-04-13 13:38:29.003994,21,6,1,0
2025-04-13 13:38:29.003994,22,6,1,6
2025-04-13 13:38:29.003994,23,6,1,4
2025-04-14 13:38:29.003994,0,0,0,3
2025-04-14 13:38:29.003994,1,0,0,3
2025-04-14 13:38:29.003994,2,0,0,4
2025-04-14 13:38:29.003994,3,0,0,3
2025-04-14 13:38:29.003994,4,0,0,4
2025-04-14 13:38:29.003994,5,0,0,3
2025-04-14 13:38:29.003994,6,0,0,2
2025-04-14 13:38:29.003994,7,0,0,25
2025-04-14 13:38:29.003994,8,0,0,27
2025-04-14 13:38:29.003994,9,0,0,19
2025-04-14 13:38:29.003994,10,0,0,2
2025-04-14 13:38:29.003994,11,0,0,43
2025-04-14 13:38:29.003994,12,0,0,47
2025-04-14 13:38:29.003994,13,0,0,42
2025-04-14 13:38:29.003994,14,0,0,1
2025-04-14 13:38:29.003994,15,0,0,4
2025-04-14 13:38:29.003994,16,0,0,1
2025-04-14 13:38:29.003994,17,0,0,52
2025-04-14 13:38:29.003994,18,0,0,41
2025-04-14 13:38:29.003994,19,0,0,30
2025-04-14 13:38:29.003994,20,0,0,30
2025-04-14 13:38:29.003994,21,0,0,1
2025-04-14 13:38:29.003994,22,0,0,0
2025-04-14 13:38:29.003994,23,0,0,4
2025-04-15 13:38:29.003994,0,1,0,4
2025-04-15 13:38:29.003994,1,1,0,0
2025-04-15 13:38:29.003994,2,1,0,4
2025-04-15 13:38:29.003994,3,1,0,4
2025-04-15 13:38:29.003994,4,1,0,4
2025-04-15 13:38:29.003994,5,1,0,2
2025-04-15 13:38:29.003994,6,1,0,3
2025-04-15 13:38:29.003994,7,1,0,25
2025-04-15 13:38:29.003994,8,1,0,14
2025-04-15 13:38:29.003994,9,1,0,23
2025-04-15 13:38:29.003994,10,1,0,3
2025-04-15 13:38:29.003994,11,1,0,34
2025-04-15 13:38:29.003994,12,1,0,49
2025-04-15 13:38:29.003994,13,1,0,24
2025-04-15 13:38:29.003994,14,1,0,3
2025-04-15 13:38:29.003994,15,1,0,1
2025-04-15 13:38:29.003994,16,1,0,1
2025-04-15 13:38:29.003994,17,1,0,68
2025-04-15 13:38:29.003994,18,1,0,62
2025-04-15 13:38:29.003994,19,1,0,52
2025-04-15 13:38:29.003994,20,1,0,39
2025-04-15 13:38:29.003994,21,1,0,4
2025-04-15 13:38:29.003994,22,1,0,3
2025-04-15 13:38:29.003994,23,1,0,1
2025-04-16 13:38:29.003994,0,2,0,3
2025-04-16 13:38:29.003994,1,2,0,1
2025-04-16 13:38:29.003994,2,2,0,1
2025-04-16 13:38:29.003994,3,2,0,2
2025-04-16 13:38:29.003994,4,2,0,1
2025-04-16 13:38:29.003994,5,2,0,0
2025-04-16 13:38:29.003994,6,2,0,4
2025-04-16 13:38:29.003994,7,2,0,13
2025-04-16 13:38:29.003994,8,2,0,26
2025-04-16 13:38:29.003994,9,2,0,29
2025-04-16 13:38:29.003994,10,2,0,3
2025-04-16 13:38:29.003994,11,2,0,22
2025-04-16 13:38:29.003994,12,2,0,20
2025-04-16 13:38:29.003994,13,2,0,48
2025-04-16 13:38:29.003994,14,2,0,2
2025-04-16 13:38:29.003994,15,2,0,2
2025-04-16 13:38:29.003994,16,2,0,4
2025-04-16 13:38:29.003994,17,2,0,32
2025-04-16 13:38:29.003994,18,2,0,62
2025-04-16 13:38:29.003994,19,2,0,72
2025-04-16 13:38:29.003994,20,2,0,58
2025-04-16 13:38:29.003994,21,2,0,4
2025-04-16 13:38:29.003994,22,2,0,3
2025-04-16 13:38:29.003994,23,2,0,1
2025-04-17 13:38:29.003994,0,3,0,4
2025-04-17 13:38:29.003994,1,3,0,2
2025-04-17 13:38:29.003994,2,3,0,1
2025-04-17 13:38:29.003994,3,3,0,2
2025-04-17 13:38:29.003994,4,3,0,0
2025-04-17 13:38:29.003994,5,3,0,1
2025-04-17 13:38:29.003994,6,3,0,4
2025-04-17 13:38:29.003994,7,3,0,19
2025-04-17 13:38:29.003994,8,3,0,11
2025-04-17 13:38:29.003994,9,3,0,18
2025-04-17 13:38:29.003994,10,3,0,3
2025-04-17 13:38:29.003994,11,3,0,40
2025-04-17 13:38:29.003994,12,3,0,32
2025-04-17 13:38:29.003994,13,3,0,48
2025-04-17 13:38:29.003994,14,3,0,3
2025-04-17 13:38:29.003994,15,3,0,0
2025-04-17 13:38:29.003994,16,3,0,4
2025-04-17 13:38:29.003994,17,3,0,65
2025-04-17 13:38:29.003994,18,3,0,66
2025-04-17 13:38:29.003994,19,3,0,53
2025-04-17 13:38:29.003994,20,3,0,78
2025-04-17 13:38:29.003994,21,3,0,2
2025-04-17 13:38:29.003994,22,3,0,3
2025-04-17 13:38:29.003994,23,3,0,1
2025-04-18 13:38:29.003994,0,4,0,0
2025-04-18 13:38:29.003994,1,4,0,4
2025-04-18 13:38:29.003994,2,4,0,3
2025-04-18 13:38:29.003994,3,4,0,0
2025-04-18 13:38:29.003994,4,4,0,4
2025-04-18 13:38:29.003994,5,4,0,0
2025-04-18 13:38:29.003994,6,4,0,2
2025-04-18 13:38:29.003994,7,4,0,26
2025-04-18 13:38:29.003994,8,4,0,29
2025-04-18 13:38:29.003994,9,4,0,22
2025-04-18 13:38:29.003994,10,4,0,2
2025-04-18 13:38:29.003994,11,4,0,36
2025-04-18 13:38:29.003994,12,4,0,31
2025-04-18 13:38:29.003994,13,4,0,28
2025-04-18 13:38:29.003994,14,4,0,2
2025-04-18 13:38:29.003994,15,4,0,3
2025-04-18 13:38:29.003994,16,4,0,0
2025-04-18 13:38:29.003994,17,4,0,43
2025-04-18 13:38:29.003994,18,4,0,48
2025-04-18 13:38:29.003994,19,4,0,76
2025-04-18 13:38:29.003994,20,4,0,34
2025-04-18 13:38:29.003994,21,4,0,2
2025-04-18 13:38:29.003994,22,4,0,3
2025-04-18 13:38:29.003994,23,4,0,0
2025-04-19 13:38:29.003994,0,5,1,4
2025-04-19 13:38:29.003994,1,5,1,3
2025-04-19 13:38:29.003994,2,5,1,6
2025-04-19 13:38:29.003994,3,5,1,4
2025-04-19 13:38:29.003994,4,5,1,6
2025-04-19 13:38:29.003994,5,5,1,0
2025-04-19 13:38:29.003994,6,5,1,6
2025-04-19 13:38:29.003994,7,5,1,28
2025-04-19 13:38:29.003994,8,5,1,24
2025-04-19 13:38:29.003994,9,5,1,21
2025-04-19 13:38:29.003994,10,5,1,3
2025-04-19 13:38:29.003994,11,5,1,45
2025-04-19 13:38:29.003994,12,5,1,55
2025-04-19 13:38:29.003994,13,5,1,42
2025-04-19 13:38:29.003994,14,5,1,1
2025-04-19 13:38:29.003994,15,5,1,1
2025-04-19 13:38:29.003994,16,5,1,4
2025-04-19 13:38:29.003994,17,5,1,100
2025-04-19 13:38:29.003994,18,5,1,103
2025-04-19 13:38:29.003994,19,5,1,57
2025-04-19 13:38:29.003994,20,5,1,84
2025-04-19 13:38:29.003994,21,5,1,1
2025-04-19 13:38:29.003994,22,5,1,1
2025-04-19 13:38:29.003994,23,5,1,6
2025-04-20 13:38:29.003994,0,6,1,6
2025-04-20 13:38:29.003994,1,6,1,6
2025-04-20 13:38:29.003994,2,6,1,3
2025-04-20 13:38:29.003994,3,6,1,6
2025-04-20 13:38:29.003994,4,6,1,0
2025-04-20 13:38:29.003994,5,6,1,4
2025-04-20 13:38:29.003994,6,6,1,0
2025-04-20 13:38:29.003994,7,6,1,33
2025-04-20 13:38:29.003994,8,6,1,19
2025-04-20 13:38:29.003994,9,6,1,42
2025-04-20 13:38:29.003994,10,6,1,6
2025-04-20 13:38:29.003994,11,6,1,61
2025-04-20 13:38:29.003994,12,6,1,43
2025-04-20 13:38:29.003994,13,6,1,57
2025-04-20 13:38:29.003994,14,6,1,3
2025-04-20 13:38:29.003994,15,6,1,6
2025-04-20 13:38:29.003994,16,6,1,6
2025-04-20 13:38:29.003994,17,6,1,85
2025-04-20 13:38:29.003994,18,6,1,73
2025-04-20 13:38:29.003994,19,6,1,55
2025-04-20 13:38:29.003994,20,6,1,105
2025-04-20 13:38:29.003994,21,6,1,0
2025-04-20 13:38:29.003994,22,6,1,3
2025-04-20 13:38:29.003994,23,6,1,6
2025-04-21 13:38:29.003994,0,0,0,3
2025-04-21 13:38:29.003994,1,0,0,0
2025-04-21 13:38:29.003994,2,0,0,3
2025-04-21 13:38:29.003994,3,0,0,0
2025-04-21 13:38:29.003994,4,0,0,0
2025-04-21 13:38:29.003994,5,0,0,0
2025-04-21 13:38:29.003994,6,0,0,4
2025-04-21 13:38:29.003994,7,0,0,21
2025-04-21 13:38:29.003994,8,0,0,22
2025-04-21 13:38:29.003994,9,0,0,24
2025-04-21 13:38:29.003994,10,0,0,4
2025-04-21 13:38:29.003994,11,0,0,30
2025-04-21 13:38:29.003994,12,0,0,24
2025-04-21 13:38:29.003994,13,0,0,22
2025-04-21 13:38:29.003994,14,0,0,2
2025-04-21 13:38:29.003994,15,0,0,3
2025-04-21 13:38:29.003994,16,0,0,0
2025-04-21 13:38:29.003994,17,0,0,76
2025-04-21 13:38:29.003994,18,0,0,78
2025-04-21 13:38:29.003994,19,0,0,32
2025-04-21 13:38:29.003994,20,0,0,40
2025-04-21 13:38:29.003994,21,0,0,3
2025-04-21 13:38:29.003994,22,0,0,1
2025-04-21 13:38:29.003994,23,0,0,3
2025-04-22 13:38:29.003994,0,1,0,3
2025-04-22 13:38:29.003994,1,1,0,4
2025-04-22 13:38:29.003994,2,1,0,1
2025-04-22 13:38:29.003994,3,1,0,3
2025-04-22 13:38:29.003994,4,1,0,3
2025-04-22 13:38:29.003994,5,1,0,1
2025-04-22 13:38:29.003994,6,1,0,1
2025-04-22 13:38:29.003994,7,1,0,27
2025-04-22 13:38:29.003994,8,1,0,14
2025-04-22 13:38:29.003994,9,1,0,13
2025-04-22 13:38:29.003994,10,1,0,2
2025-04-22 13:38:29.003994,11,1,0,28
2025-04-22 13:38:29.003994,12,1,0,40
2025-04-22 13:38:29.003994,13,1,0,32
2025-04-22 13:38:29.003994,14,1,0,3
2025-04-22 13:38:29.003994,15,1,0,4
2025-04-22 13:38:29.003994,16,1,0,4
2025-04-22 13:38:29.003994,17,1,0,35
2025-04-22 13:38:29.003994,18,1,0,34
2025-04-22 13:38:29.003994,19,1,0,31
2025-04-22 13:38:29.003994,20,1,0,59
2025-04-22 13:38:29.003994,21,1,0,1
2025-04-22 13:38:29.003994,22,1,0,2
2025-04-22 13:38:29.003994,23,1,0,4
2025-04-23 13:38:29.003994,0,2,0,4
2025-04-23 13:38:29.003994,1,2,0,0
2025-04-23 13:38:29.003994,2,2,0,0
2025-04-23 13:38:29.003994,3,2,0,1
2025-04-23 13:38:29.003994,4,2,0,0
2025-04-23 13:38:29.003994,5,2,0,2
2025-04-23 13:38:29.003994,6,2,0,4
2025-04-23 13:38:29.003994,7,2,0,26
2025-04-23 13:38:29.003994,8,2,0,10
2025-04-23 13:38:29.003994,9,2,0,18
2025-04-23 13:38:29.003994,10,2,0,2
2025-04-23 13:38:29.003994,11,2,0,40
2025-04-23 13:38:29.003994,12,2,0,36
2025-04-23 13:38:29.003994,13,2,0,24
2025-04-23 13:38:29.003994,14,2,0,2
2025-04-23 13:38:29.003994,15,2,0,4
2025-04-23 13:38:29.003994,16,2,0,4
2025-04-23 13:38:29.003994,17,2,0,66
2025-04-23 13:38:29.003994,18,2,0,39
2025-04-23 13:38:29.003994,19,2,0,46
2025-04-23 13:38:29.003994,20,2,0,43
2025-04-23 13:38:29.003994,21,2,0,0
2025-04-23 13:38:29.003994,22,2,0,0
2025-04-23 13:38:29.003994,23,2,0,2
2025-04-24 13:38:29.003994,0,3,0,4
2025-04-24 13:38:29.003994,1,3,0,4
2025-04-24 13:38:29.003994,2,3,0,3
2025-04-24 13:38:29.003994,3,3,0,0
2025-04-24 13:38:29.003994,4,3,0,0
2025-04-24 13:38:29.003994,5,3,0,1
2025-04-24 13:38:29.003994,6,3,0,3
2025-04-24 13:38:29.003994,7,3,0,11
2025-04-24 13:38:29.003994,8,3,0,27
2025-04-24 13:38:29.003994,9,3,0,10
2025-04-24 13:38:29.003994,10,3,0,3
2025-04-24 13:38:29.003994,11,3,0,49
2025-04-24 13:38:29.003994,12,3,0,44
2025-04-24 13:38:29.003994,13,3,0,35
2025-04-24 13:38:29.003994,14,3,0,4
2025-04-24 13:38:29.003994,15,3,0,4
2025-04-24 13:38:29.003994,16,3,0,1
2025-04-24 13:38:29.003994,17,3,0,68
2025-04-24 13:38:29.003994,18,3,0,63
2025-04-24 13:38:29.003994,19,3,0,63
2025-04-24 13:38:29.003994,20,3,0,59
2025-04-24 13:38:29.003994,21,3,0,2
2025-04-24 13:38:29.003994,22,3,0,2
2025-04-24 13:38:29.003994,23,3,0,1
2025-04-25 13:38:29.003994,0,4,0,3
2025-04-25 13:38:29.003994,1,4,0,0
2025-04-25 13:38:29.003994,2,4,0,0
2025-04-25 13:38:29.003994,3,4,0,3
2025-04-25 13:38:29.003994,4,4,0,1
2025-04-25 13:38:29.003994,5,4,0,2
2025-04-25 13:38:29.003994,6,4,0,0
2025-04-25 13:38:29.003994,7,4,0,13
2025-04-25 13:38:29.003994,8,4,0,26
2025-04-25 13:38:29.003994,9,4,0,26
2025-04-25 13:38:29.003994,10,4,0,3
2025-04-25 13:38:29.003994,11,4,0,43
2025-04-25 13:38:29.003994,12,4,0,21
2025-04-25 13:38:29.003994,13,4,0,21
2025-04-25 13:38:29.003994,14,4,0,4
2025-04-25 13:38:29.003994,15,4,0,2
2025-04-25 13:38:29.003994,16,4,0,2
2025-04-25 13:38:29.003994,17,4,0,76
2025-04-25 13:38:29.003994,18,4,0,52
2025-04-25 13:38:29.003994,19,4,0,45
2025-04-25 13:38:29.003994,20,4,0,69
2025-04-25 13:38:29.003994,21,4,0,3
2025-04-25 13:38:29.003994,22,4,0,0
2025-04-25 13:38:29.003994,23,4,0,2
2025-04-26 13:38:29.003994,0,5,1,3
2025-04-26 13:38:29.003994,1,5,1,3
2025-04-26 13:38:29.003994,2,5,1,6
2025-04-26 13:38:29.003994,3,5,1,1
2025-04-26 13:38:29.003994,4,5,1,6
2025-04-26 13:38:29.003994,5,5,1,1
2025-04-26 13:38:29.003994,6,5,1,3
2025-04-26 13:38:29.003994,7,5,1,21
2025-04-26 13:38:29.003994,8,5,1,28
2025-04-26 13:38:29.003994,9,5,1,22
2025-04-26 13:38:29.003994,10,5,1,0
2025-04-26 13:38:29.003994,11,5,1,42
2025-04-26 13:38:29.003994,12,5,1,67
2025-04-26 13:38:29.003994,13,5,1,54
2025-04-26 13:38:29.003994,14,5,1,1
2025-04-26 13:38:29.003994,15,5,1,6
2025-04-26 13:38:29.003994,16,5,1,3
2025-04-26 13:38:29.003994,17,5,1,82
2025-04-26 13:38:29.003994,18,5,1,114
2025-04-26 13:38:29.003994,19,5,1,76
2025-04-26 13:38:29.003994,20,5,1,115
2025-04-26 13:38:29.003994,21,5,1,6
2025-04-26 13:38:29.003994,22,5,1,0
2025-04-26 13:38:29.003994,23,5,1,1
2025-04-27 13:38:29.003994,0,6,1,4
2025-04-27 13:38:29.003994,1,6,1,0
2025-04-27 13:38:29.003994,2,6,1,0
2025-04-27 13:38:29.003994,3,6,1,3
2025-04-27 13:38:29.003994,4,6,1,6
2025-04-27 13:38:29.003994,5,6,1,4
2025-04-27 13:38:29.003994,6,6,1,1
2025-04-27 13:38:29.003994,7,6,1,34
2025-04-27 13:38:29.003994,8,6,1,33
2025-04-27 13:38:29.003994,9,6,1,34
2025-04-27 13:38:29.003994,10,6,1,3
2025-04-27 13:38:29.003994,11,6,1,39
2025-04-27 13:38:29.003994,12,6,1,51
2025-04-27 13:38:29.003994,13,6,1,51
2025-04-27 13:38:29.003994,14,6,1,4
2025-04-27 13:38:29.003994,15,6,1,6
2025-04-27 13:38:29.003994,16,6,1,1
2025-04-27 13:38:29.003994,17,6,1,100
2025-04-27 13:38:29.003994,18,6,1,66
2025-04-27 13:38:29.003994,19,6,1,99
2025-04-27 13:38:29.003994,20,6,1,58
2025-04-27 13:38:29.003994,21,6,1,0
2025-04-27 13:38:29.003994,22,6,1,0
2025-04-27 13:38:29.003994,23,6,1,1
2025-04-28 13:38:29.003994,0,0,0,3
2025-04-28 13:38:29.003994,1,0,0,0
2025-04-28 13:38:29.003994,2,0,0,0
2025-04-28 13:38:29.003994,3,0,0,4
2025-04-28 13:38:29.003994,4,0,0,3
2025-04-28 13:38:29.003994,5,0,0,0
2025-04-28 13:38:29.003994,6,0,0,3
2025-04-28 13:38:29.003994,7,0,0,12
2025-04-28 13:38:29.003994,8,0,0,22
2025-04-28 13:38:29.003994,9,0,0,24
2025-04-28 13:38:29.003994,10,0,0,3
2025-04-28 13:38:29.003994,11,0,0,34
2025-04-28 13:38:29.003994,12,0,0,31
2025-04-28 13:38:29.003994,13,0,0,29
2025-04-28 13:38:29.003994,14,0,0,0
2025-04-28 13:38:29.003994,15,0,0,4
2025-04-28 13:38:29.003994,16,0,0,3
2025-04-28 13:38:29.003994,17,0,0,63
2025-04-28 13:38:29.003994,18,0,0,74
2025-04-28 13:38:29.003994,19,0,0,62
2025-04-28 13:38:29.003994,20,0,0,51
2025-04-28 13:38:29.003994,21,0,0,4
2025-04-28 13:38:29.003994,22,0,0,3
2025-04-28 13:38:29.003994,23,0,0,2
2025-04-29 13:38:29.003994,0,1,0,0
2025-04-29 13:38:29.003994,1,1,0,2
2025-04-29 13:38:29.003994,2,1,0,2
2025-04-29 13:38:29.003994,3,1,0,4
2025-04-29 13:38:29.003994,4,1,0,3
2025-04-29 13:38:29.003994,5,1,0,1
2025-04-29 13:38:29.003994,6,1,0,3
2025-04-29 13:38:29.003994,7,1,0,20
2025-04-29 13:38:29.003994,8,1,0,24
2025-04-29 13:38:29.003994,9,1,0,15
2025-04-29 13:38:29.003994,10,1,0,2
2025-04-29 13:38:29.003994,11,1,0,21
2025-04-29 13:38:29.003994,12,1,0,27
2025-04-29 13:38:29.003994,13,1,0,38
2025-04-29 13:38:29.003994,14,1,0,4
2025-04-29 13:38:29.003994,15,1,0,3
2025-04-29 13:38:29.003994,16,1,0,4
2025-04-29 13:38:29.003994,17,1,0,33
2025-04-29 13:38:29.003994,18,1,0,49
2025-04-29 13:38:29.003994,19,1,0,49
2025-04-29 13:38:29.003994,20,1,0,41
2025-04-29 13:38:29.003994,21,1,0,0
2025-04-29 13:38:29.003994,22,1,0,1
2025-04-29 13:38:29.003994,23,1,0,4
2025-04-30 13:38:29.003994,0,2,0,2
2025-04-30 13:38:29.003994,1,2,0,3
2025-04-30 13:38:29.003994,2,2,0,4
2025-04-30 13:38:29.003994,3,2,0,2
2025-04-30 13:38:29.003994,4,2,0,2
2025-04-30 13:38:29.003994,5,2,0,0
2025-04-30 13:38:29.003994,6,2,0,1
2025-04-30 13:38:29.003994,7,2,0,14
2025-04-30 13:38:29.003994,8,2,0,21
2025-04-30 13:38:29.003994,9,2,0,22
2025-04-30 13:38:29.003994,10,2,0,1
2025-04-30 13:38:29.003994,11,2,0,20
2025-04-30 13:38:29.003994,12,2,0,28
2025-04-30 13:38:29.003994,13,2,0,28
2025-04-30 13:38:29.003994,14,2,0,2
2025-04-30 13:38:29.003994,15,2,0,2
2025-04-30 13:38:29.003994,16,2,0,0
2025-04-30 13:38:29.003994,17,2,0,73
2025-04-30 13:38:29.003994,18,2,0,43
2025-04-30 13:38:29.003994,19,2,0,40
2025-04-30 13:38:29.003994,20,2,0,63
2025-04-30 13:38:29.003994,21,2,0,3
2025-04-30 13:38:29.003994,22,2,0,2
2025-04-30 13:38:29.003994,23,2,0,2
2025-05-01 13:38:29.003994,0,3,0,0
2025-05-01 13:38:29.003994,1,3,0,3
2025-05-01 13:38:29.003994,2,3,0,4
2025-05-01 13:38:29.003994,3,3,0,2
2025-05-01 13:38:29.003994,4,3,0,0
2025-05-01 13:38:29.003994,5,3,0,4
2025-05-01 13:38:29.003994,6,3,0,3
2025-05-01 13:38:29.003994,7,3,0,14
2025-05-01 13:38:29.003994,8,3,0,28
2025-05-01 13:38:29.003994,9,3,0,23
2025-05-01 13:38:29.003994,10,3,0,1
2025-05-01 13:38:29.003994,11,3,0,44
2025-05-01 13:38:29.003994,12,3,0,29
2025-05-01 13:38:29.003994,13,3,0,37
2025-05-01 13:38:29.003994,14,3,0,2
2025-05-01 13:38:29.003994,15,3,0,4
2025-05-01 13:38:29.003994,16,3,0,0
2025-05-01 13:38:29.003994,17,3,0,54
2025-05-01 13:38:29.003994,18,3,0,62
2025-05-01 13:38:29.003994,19,3,0,43
2025-05-01 13:38:29.003994,20,3,0,69
2025-05-01 13:38:29.003994,21,3,0,2
2025-05-01 13:38:29.003994,22,3,0,2
2025-05-01 13:38:29.003994,23,3,0,2
2025-05-02 13:38:29.003994,0,4,0,2
2025-05-02 13:38:29.003994,1,4,0,1
2025-05-02 13:38:29.003994,2,4,0,3
2025-05-02 13:38:29.003994,3,4,0,4
2025-05-02 13:38:29.003994,4,4,0,0
2025-05-02 13:38:29.003994,5,4,0,3
2025-05-02 13:38:29.003994,6,4,0,2
2025-05-02 13:38:29.003994,7,4,0,15
2025-05-02 13:38:29.003994,8,4,0,10
2025-05-02 13:38:29.003994,9,4,0,14
2025-05-02 13:38:29.003994,10,4,0,2
2025-05-02 13:38:29.003994,11,4,0,49
2025-05-02 13:38:29.003994,12,4,0,41
2025-05-02 13:38:29.003994,13,4,0,29
2025-05-02 13:38:29.003994,14,4,0,4
2025-05-02 13:38:29.003994,15,4,0,2
2025-05-02 13:38:29.003994,16,4,0,1
2025-05-02 13:38:29.003994,17,4,0,67
2025-05-02 13:38:29.003994,18,4,0,60
2025-05-02 13:38:29.003994,19,4,0,74
2025-05-02 13:38:29.003994,20,4,0,44
2025-05-02 13:38:29.003994,21,4,0,4
2025-05-02 13:38:29.003994,22,4,0,4
2025-05-02 13:38:29.003994,23,4,0,4
2025-05-03 13:38:29.003994,0,5,1,4
2025-05-03 13:38:29.003994,1,5,1,4
2025-05-03 13:38:29.003994,2,5,1,6
2025-05-03 13:38:29.003994,3,5,1,1
2025-05-03 13:38:29.003994,4,5,1,3
2025-05-03 13:38:29.003994,5,5,1,3
2025-05-03 13:38:29.003994,6,5,1,3
2025-05-03 13:38:29.003994,7,5,1,19
2025-05-03 13:38:29.003994,8,5,1,30
2025-05-03 13:38:29.003994,9,5,1,21
2025-05-03 13:38:29.003994,10,5,1,4
2025-05-03 13:38:29.003994,11,5,1,73
2025-05-03 13:38:29.003994,12,5,1,40
2025-05-03 13:38:29.003994,13,5,1,49
2025-05-03 13:38:29.003994,14,5,1,3
2025-05-03 13:38:29.003994,15,5,1,4
2025-05-03 13:38:29.003994,16,5,1,1
2025-05-03 13:38:29.003994,17,5,1,103
2025-05-03 13:38:29.003994,18,5,1,81
2025-05-03 13:38:29.003994,19,5,1,114
2025-05-03 13:38:29.003994,20,5,1,108
2025-05-03 13:38:29.003994,21,5,1,4
2025-05-03 13:38:29.003994,22,5,1,4
2025-05-03 13:38:29.003994,23,5,1,4
2025-05-04 13:38:29.003994,0,6,1,4
2025-05-04 13:38:29.003994,1,6,1,6
2025-05-04 13:38:29.003994,2,6,1,6
2025-05-04 13:38:29.003994,3,6,1,1
2025-05-04 13:38:29.003994,4,6,1,0
2025-05-04 13:38:29.003994,5,6,1,4
2025-05-04 13:38:29.003994,6,6,1,1
2025-05-04 13:38:29.003994,7,6,1,42
2025-05-04 13:38:29.003994,8,6,1,34
2025-05-04 13:38:29.003994,9,6,1,30
2025-05-04 13:38:29.003994,10,6,1,0
2025-05-04 13:38:29.003994,11,6,1,60
2025-05-04 13:38:29.003994,12,6,1,49
2025-05-04 13:38:29.003994,13,6,1,61
2025-05-04 13:38:29.003994,14,6,1,0
2025-05-04 13:38:29.003994,15,6,1,0
2025-05-04 13:38:29.003994,16,6,1,3
2025-05-04 13:38:29.003994,17,6,1,114
2025-05-04 13:38:29.003994,18,6,1,57
2025-05-04 13:38:29.003994,19,6,1,82
2025-05-04 13:38:29.003994,20,6,1,96
2025-05-04 13:38:29.003994,21,6,1,4
2025-05-04 13:38:29.003994,22,6,1,0
2025-05-04 13:38:29.003994,23,6,1,1
2025-05-05 13:38:29.003994,0,0,0,2
2025-05-05 13:38:29.003994,1,0,0,1
2025-05-05 13:38:29.003994,2,0,0,1
2025-05-05 13:38:29.003994,3,0,0,2
2025-05-05 13:38:29.003994,4,0,0,1
2025-05-05 13:38:29.003994,5,0,0,2
2025-05-05 13:38:29.003994,6,0,0,0
2025-05-05 13:38:29.003994,7,0,0,21
2025-05-05 13:38:29.003994,8,0,0,28
2025-05-05 13:38:29.003994,9,0,0,16
2025-05-05 13:38:29.003994,10,0,0,3
2025-05-05 13:38:29.003994,11,0,0,43
2025-05-05 13:38:29.003994,12,0,0,36
2025-05-05 13:38:29.003994,13,0,0,30
2025-05-05 13:38:29.003994,14,0,0,1
2025-05-05 13:38:29.003994,15,0,0,3
2025-05-05 13:38:29.003994,16,0,0,1
2025-05-05 13:38:29.003994,17,0,0,78
2025-05-05 13:38:29.003994,18,0,0,49
2025-05-05 13:38:29.003994,19,0,0,78
2025-05-05 13:38:29.003994,20,0,0,51
2025-05-05 13:38:29.003994,21,0,0,3
2025-05-05 13:38:29.003994,22,0,0,4
2025-05-05 13:38:29.003994,23,0,0,0
2025-05-06 13:38:29.003994,0,1,0,0
2025-05-06 13:38:29.003994,1,1,0,4
2025-05-06 13:38:29.003994,2,1,0,2
2025-05-06 13:38:29.003994,3,1,0,2
2025-05-06 13:38:29.003994,4,1,0,2
2025-05-06 13:38:29.003994,5,1,0,4
2025-05-06 13:38:29.003994,6,1,0,0
2025-05-06 13:38:29.003994,7,1,0,25
2025-05-06 13:38:29.003994,8,1,0,27
2025-05-06 13:38:29.003994,9,1,0,23
2025-05-06 13:38:29.003994,10,1,0,2
2025-05-06 13:38:29.003994,11,1,0,21
2025-05-06 13:38:29.003994,12,1,0,36
2025-05-06 13:38:29.003994,13,1,0,49
2025-05-06 13:38:29.003994,14,1,0,2
2025-05-06 13:38:29.003994,15,1,0,3
2025-05-06 13:38:29.003994,16,1,0,0
2025-05-06 13:38:29.003994,17,1,0,68
2025-05-06 13:38:29.003994,18,1,0,61
2025-05-06 13:38:29.003994,19,1,0,39
2025-05-06 13:38:29.003994,20,1,0,75
2025-05-06 13:38:29.003994,21,1,0,1
2025-05-06 13:38:29.003994,22,1,0,3
2025-05-06 13:38:29.003994,23,1,0,0
2025-05-07 13:38:29.003994,0,2,0,3
2025-05-07 13:38:29.003994,1,2,0,1
2025-05-07 13:38:29.003994,2,2,0,4
2025-05-07 13:38:29.003994,3,2,0,0
2025-05-07 13:38:29.003994,4,2,0,0
2025-05-07 13:38:29.003994,5,2,0,2
2025-05-07 13:38:29.003994,6,2,0,2
2025-05-07 13:38:29.003994,7,2,0,17
2025-05-07 13:38:29.003994,8,2,0,24
2025-05-07 13:38:29.003994,9,2,0,12
2025-05-07 13:38:29.003994,10,2,0,2
2025-05-07 13:38:29.003994,11,2,0,47
2025-05-07 13:38:29.003994,12,2,0,22
2025-05-07 13:38:29.003994,13,2,0,35
2025-05-07 13:38:29.003994,14,2,0,3
2025-05-07 13:38:29.003994,15,2,0,3
2025-05-07 13:38:29.003994,16,2,0,4
2025-05-07 13:38:29.003994,17,2,0,43
2025-05-07 13:38:29.003994,18,2,0,36
2025-05-07 13:38:29.003994,19,2,0,36
2025-05-07 13:38:29.003994,20,2,0,52
2025-05-07 13:38:29.003994,21,2,0,4
2025-05-07 13:38:29.003994,22,2,0,2
2025-05-07 13:38:29.003994,23,2,0,4
2025-05-08 13:38:29.003994,0,3,0,2
2025-05-08 13:38:29.003994,1,3,0,3
2025-05-08 13:38:29.003994,2,3,0,4
2025-05-08 13:38:29.003994,3,3,0,3
2025-05-08 13:38:29.003994,4,3,0,1
2025-05-08 13:38:29.003994,5,3,0,1
2025-05-08 13:38:29.003994,6,3,0,0
2025-05-08 13:38:29.003994,7,3,0,29
2025-05-08 13:38:29.003994,8,3,0,19
2025-05-08 13:38:29.003994,9,3,0,12
2025-05-08 13:38:29.003994,10,3,0,3
2025-05-08 13:38:29.003994,11,3,0,24
2025-05-08 13:38:29.003994,12,3,0,25
2025-05-08 13:38:29.003994,13,3,0,21
2025-05-08 13:38:29.003994,14,3,0,4
2025-05-08 13:38:29.003994,15,3,0,3
2025-05-08 13:38:29.003994,16,3,0,2
2025-05-08 13:38:29.003994,17,3,0,51
2025-05-08 13:38:29.003994,18,3,0,53
2025-05-08 13:38:29.003994,19,3,0,39
2025-05-08 13:38:29.003994,20,3,0,75
2025-05-08 13:38:29.003994,21,3,0,0
2025-05-08 13:38:29.003994,22,3,0,1
2025-05-08 13:38:29.003994,23,3,0,2
2025-05-09 13:38:29.003994,0,4,0,0
2025-05-09 13:38:29.003994,1,4,0,0
2025-05-09 13:38:29.003994,2,4,0,1
2025-05-09 13:38:29.003994,3,4,0,4
2025-05-09 13:38:29.003994,4,4,0,0
2025-05-09 13:38:29.003994,5,4,0,0
2025-05-09 13:38:29.003994,6,4,0,2
2025-05-09 13:38:29.003994,7,4,0,22
2025-05-09 13:38:29.003994,8,4,0,14
2025-05-09 13:38:29.003994,9,4,0,15
2025-05-09 13:38:29.003994,10,4,0,1
2025-05-09 13:38:29.003994,11,4,0,29
2025-05-09 13:38:29.003994,12,4,0,28
2025-05-09 13:38:29.003994,13,4,0,36
2025-05-09 13:38:29.003994,14,4,0,4
2025-05-09 13:38:29.003994,15,4,0,0
2025-05-09 13:38:29.003994,16,4,0,1
2025-05-09 13:38:29.003994,17,4,0,52
2025-05-09 13:38:29.003994,18,4,0,71
2025-05-09 13:38:29.003994,19,4,0,56
2025-05-09 13:38:29.003994,20,4,0,60
2025-05-09 13:38:29.003994,21,4,0,2
2025-05-09 13:38:29.003994,22,4,0,1
2025-05-09 13:38:29.003994,23,4,0,3
2025-05-10 13:38:29.003994,0,5,1,6
2025-05-10 13:38:29.003994,1,5,1,0
2025-05-10 13:38:29.003994,2,5,1,6
2025-05-10 13:38:29.003994,3,5,1,1
2025-05-10 13:38:29.003994,4,5,1,6
2025-05-10 13:38:29.003994,5,5,1,0
2025-05-10 13:38:29.003994,6,5,1,1
2025-05-10 13:38:29.003994,7,5,1,34
2025-05-10 13:38:29.003994,8,5,1,30
2025-05-10 13:38:29.003994,9,5,1,42
2025-05-10 13:38:29.003994,10,5,1,6
2025-05-10 13:38:29.003994,11,5,1,57
2025-05-10 13:38:29.003994,12,5,1,72
2025-05-10 13:38:29.003994,13,5,1,45
2025-05-10 13:38:29.003994,14,5,1,3
2025-05-10 13:38:29.003994,15,5,1,4
2025-05-10 13:38:29.003994,16,5,1,0
2025-05-10 13:38:29.003994,17,5,1,102
2025-05-10 13:38:29.003994,18,5,1,94
2025-05-10 13:38:29.003994,19,5,1,93
2025-05-10 13:38:29.003994,20,5,1,97
2025-05-10 13:38:29.003994,21,5,1,4
2025-05-10 13:38:29.003994,22,5,1,3
2025-05-10 13:38:29.003994,23,5,1,3
2025-05-11 13:38:29.003994,0,6,1,4
2025-05-11 13:38:29.003994,1,6,1,3
2025-05-11 13:38:29.003994,2,6,1,0
2025-05-11 13:38:29.003994,3,6,1,3
2025-05-11 13:38:29.003994,4,6,1,6
2025-05-11 13:38:29.003994,5,6,1,3
2025-05-11 13:38:29.003994,6,6,1,1
2025-05-11 13:38:29.003994,7,6,1,16
2025-05-11 13:38:29.003994,8,6,1,27
2025-05-11 13:38:29.003994,9,6,1,25
2025-05-11 13:38:29.003994,10,6,1,0
2025-05-11 13:38:29.003994,11,6,1,66
2025-05-11 13:38:29.003994,12,6,1,45
2025-05-11 13:38:29.003994,13,6,1,66
2025-05-11 13:38:29.003994,14,6,1,3
2025-05-11 13:38:29.003994,15,6,1,3
2025-05-11 13:38:29.003994,16,6,1,1
2025-05-11 13:38:29.003994,17,6,1,109
2025-05-11 13:38:29.003994,18,6,1,88
2025-05-11 13:38:29.003994,19,6,1,61
2025-05-11 13:38:29.003994,20,6,1,99
2025-05-11 13:38:29.003994,21,6,1,4
2025-05-11 13:38:29.003994,22,6,1,3
2025-05-11 13:38:29.003994,23,6,1,3
2025-05-12 13:38:29.003994,0,0,0,0
2025-05-12 13:38:29.003994,1,0,0,4
2025-05-12 13:38:29.003994,2,0,0,0
2025-05-12 13:38:29.003994,3,0,0,1
2025-05-12 13:38:29.003994,4,0,0,0
2025-05-12 13:38:29.003994,5,0,0,0
2025-05-12 13:38:29.003994,6,0,0,3
2025-05-12 13:38:29.003994,7,0,0,17
2025-05-12 13:38:29.003994,8,0,0,26
2025-05-12 13:38:29.003994,9,0,0,25
2025-05-12 13:38:29.003994,10,0,0,0
2025-05-12 13:38:29.003994,11,0,0,44
2025-05-12 13:38:29.003994,12,0,0,34
2025-05-12 13:38:29.003994,13,0,0,45
2025-05-12 13:38:29.003994,14,0,0,0
2025-05-12 13:38:29.003994,15,0,0,4
2025-05-12 13:38:29.003994,16,0,0,1
2025-05-12 13:38:29.003994,17,0,0,45
2025-05-12 13:38:29.003994,18,0,0,52
2025-05-12 13:38:29.003994,19,0,0,50
2025-05-12 13:38:29.003994,20,0,0,36
2025-05-12 13:38:29.003994,21,0,0,4
2025-05-12 13:38:29.003994,22,0,0,0
2025-05-12 13:38:29.003994,23,0,0,2
2025-05-13 13:38:29.003994,0,1,0,1
2025-05-13 13:38:29.003994,1,1,0,2
2025-05-13 13:38:29.003994,2,1,0,4
2025-05-13 13:38:29.003994,3,1,0,1
2025-05-13 13:38:29.003994,4,1,0,3
2025-05-13 13:38:29.003994,5,1,0,2
2025-05-13 13:38:29.003994,6,1,0,1
2025-05-13 13:38:29.003994,7,1,0,19
2025-05-13 13:38:29.003994,8,1,0,23
2025-05-13 13:38:29.003994,9,1,0,21
2025-05-13 13:38:29.003994,10,1,0,3
2025-05-13 13:38:29.003994,11,1,0,21
2025-05-13 13:38:29.003994,12,1,0,24
2025-05-13 13:38:29.003994,13,1,0,27
2025-05-13 13:38:29.003994,14,1,0,1
2025-05-13 13:38:29.003994,15,1,0,3
2025-05-13 13:38:29.003994,16,1,0,0
2025-05-13 13:38:29.003994,17,1,0,58
2025-05-13 13:38:29.003994,18,1,0,42
2025-05-13 13:38:29.003994,19,1,0,62
2025-05-13 13:38:29.003994,20,1,0,71
2025-05-13 13:38:29.003994,21,1,0,3
2025-05-13 13:38:29.003994,22,1,0,1
2025-05-13 13:38:29.003994,23,1,0,2
2025-05-14 13:38:29.003994,0,2,0,1
2025-05-14 13:38:29.003994,1,2,0,1
2025-05-14 13:38:29.003994,2,2,0,2
2025-05-14 13:38:29.003994,3,2,0,4
2025-05-14 13:38:29.003994,4,2,0,4
2025-05-14 13:38:29.003994,5,2,0,1
2025-05-14 13:38:29.003994,6,2,0,2
2025-05-14 13:38:29.003994,7,2,0,16
2025-05-14 13:38:29.003994,8,2,0,26
2025-05-14 13:38:29.003994,9,2,0,21
2025-05-14 13:38:29.003994,10,2,0,0
2025-05-14 13:38:29.003994,11,2,0,34
2025-05-14 13:38:29.003994,12,2,0,29
2025-05-14 13:38:29.003994,13,2,0,26
2025-05-14 13:38:29.003994,14,2,0,3
2025-05-14 13:38:29.003994,15,2,0,4
2025-05-14 13:38:29.003994,16,2,0,0
2025-05-14 13:38:29.003994,17,2,0,32
2025-05-14 13:38:29.003994,18,2,0,43
2025-05-14 13:38:29.003994,19,2,0,33
2025-05-14 13:38:29.003994,20,2,0,66
2025-05-14 13:38:29.003994,21,2,0,0
2025-05-14 13:38:29.003994,22,2,0,0
2025-05-14 13:38:29.003994,23,2,0,4
2025-05-15 13:38:29.003994,0,3,0,0
2025-05-15 13:38:29.003994,1,3,0,0
2025-05-15 13:38:29.003994,2,3,0,0
2025-05-15 13:38:29.003994,3,3,0,3
2025-05-15 13:38:29.003994,4,3,0,3
2025-05-15 13:38:29.003994,5,3,0,2
2025-05-15 13:38:29.003994,6,3,0,1
2025-05-15 13:38:29.003994,7,3,0,14
2025-05-15 13:38:29.003994,8,3,0,15
2025-05-15 13:38:29.003994,9,3,0,22
2025-05-15 13:38:29.003994,10,3,0,1
2025-05-15 13:38:29.003994,11,3,0,26
2025-05-15 13:38:29.003994,12,3,0,23
2025-05-15 13:38:29.003994,13,3,0,27
2025-05-15 13:38:29.003994,14,3,0,3
2025-05-15 13:38:29.003994,15,3,0,4
2025-05-15 13:38:29.003994,16,3,0,4
2025-05-15 13:38:29.003994,17,3,0,74
2025-05-15 13:38:29.003994,18,3,0,72
2025-05-15 13:38:29.003994,19,3,0,55
2025-05-15 13:38:29.003994,20,3,0,78
2025-05-15 13:38:29.003994,21,3,0,1
2025-05-15 13:38:29.003994,22,3,0,2
2025-05-15 13:38:29.003994,23,3,0,4
2025-05-16 13:38:29.003994,0,4,0,4
2025-05-16 13:38:29.003994,1,4,0,0
2025-05-16 13:38:29.003994,2,4,0,0
2025-05-16 13:38:29.003994,3,4,0,2
2025-05-16 13:38:29.003994,4,4,0,3
2025-05-16 13:38:29.003994,5,4,0,1
2025-05-16 13:38:29.003994,6,4,0,0
2025-05-16 13:38:29.003994,7,4,0,19
2025-05-16 13:38:29.003994,8,4,0,27
2025-05-16 13:38:29.003994,9,4,0,26
2025-05-16 13:38:29.003994,10,4,0,2
2025-05-16 13:38:29.003994,11,4,0,25
2025-05-16 13:38:29.003994,12,4,0,43
2025-05-16 13:38:29.003994,13,4,0,34
2025-05-16 13:38:29.003994,14,4,0,0
2025-05-16 13:38:29.003994,15,4,0,0
2025-05-16 13:38:29.003994,16,4,0,3
2025-05-16 13:38:29.003994,17,4,0,63
2025-05-16 13:38:29.003994,18,4,0,70
2025-05-16 13:38:29.003994,19,4,0,57
2025-05-16 13:38:29.003994,20,4,0,38
2025-05-16 13:38:29.003994,21,4,0,2
2025-05-16 13:38:29.003994,22,4,0,0
2025-05-16 13:38:29.003994,23,4,0,1
2025-05-17 13:38:29.003994,0,5,1,4
2025-05-17 13:38:29.003994,1,5,1,1
2025-05-17 13:38:29.003994,2,5,1,0
2025-05-17 13:38:29.003994,3,5,1,0
2025-05-17 13:38:29.003994,4,5,1,6
2025-05-17 13:38:29.003994,5,5,1,3
2025-05-17 13:38:29.003994,6,5,1,3
2025-05-17 13:38:29.003994,7,5,1,36
2025-05-17 13:38:29.003994,8,5,1,21
2025-05-17 13:38:29.003994,9,5,1,40
2025-05-17 13:38:29.003994,10,5,1,6
2025-05-17 13:38:29.003994,11,5,1,52
2025-05-17 13:38:29.003994,12,5,1,70
2025-05-17 13:38:29.003994,13,5,1,48
2025-05-17 13:38:29.003994,14,5,1,0
2025-05-17 13:38:29.003994,15,5,1,1
2025-05-17 13:38:29.003994,16,5,1,6
2025-05-17 13:38:29.003994,17,5,1,48
2025-05-17 13:38:29.003994,18,5,1,103
2025-05-17 13:38:29.003994,19,5,1,63
2025-05-17 13:38:29.003994,20,5,1,93
2025-05-17 13:38:29.003994,21,5,1,3
2025-05-17 13:38:29.003994,22,5,1,4
2025-05-17 13:38:29.003994,23,5,1,0
2025-05-18 13:38:29.003994,0,6,1,3
2025-05-18 13:38:29.003994,1,6,1,3
2025-05-18 13:38:29.003994,2,6,1,0
2025-05-18 13:38:29.003994,3,6,1,6
2025-05-18 13:38:29.003994,4,6,1,3
2025-05-18 13:38:29.003994,5,6,1,6
2025-05-18 13:38:29.003994,6,6,1,0
2025-05-18 13:38:29.003994,7,6,1,28
2025-05-18 13:38:29.003994,8,6,1,22
2025-05-18 13:38:29.003994,9,6,1,24
2025-05-18 13:38:29.003994,10,6,1,6
2025-05-18 13:38:29.003994,11,6,1,48
2025-05-18 13:38:29.003994,12,6,1,66
2025-05-18 13:38:29.003994,13,6,1,63
2025-05-18 13:38:29.003994,14,6,1,1
2025-05-18 13:38:29.003994,15,6,1,1
2025-05-18 13:38:29.003994,16,6,1,3
2025-05-18 13:38:29.003994,17,6,1,88
2025-05-18 13:38:29.003994,18,6,1,97
2025-05-18 13:38:29.003994,19,6,1,64
2025-05-18 13:38:29.003994,20,6,1,87
2025-05-18 13:38:29.003994,21,6,1,4
2025-05-18 13:38:29.003994,22,6,1,1
2025-05-18 13:38:29.003994,23,6,1,6
2025-05-19 13:38:29.003994,0,0,0,2
2025-05-19 13:38:29.003994,1,0,0,0
2025-05-19 13:38:29.003994,2,0,0,0
2025-05-19 13:38:29.003994,3,0,0,0
2025-05-19 13:38:29.003994,4,0,0,1
2025-05-19 13:38:29.003994,5,0,0,3
2025-05-19 13:38:29.003994,6,0,0,4
2025-05-19 13:38:29.003994,7,0,0,25
2025-05-19 13:38:29.003994,8,0,0,16
2025-05-19 13:38:29.003994,9,0,0,18
2025-05-19 13:38:29.003994,10,0,0,1
2025-05-19 13:38:29.003994,11,0,0,47
2025-05-19 13:38:29.003994,12,0,0,48
2025-05-19 13:38:29.003994,13,0,0,39
2025-05-19 13:38:29.003994,14,0,0,3
2025-05-19 13:38:29.003994,15,0,0,1
2025-05-19 13:38:29.003994,16,0,0,3
2025-05-19 13:38:29.003994,17,0,0,46
2025-05-19 13:38:29.003994,18,0,0,51
2025-05-19 13:38:29.003994,19,0,0,39
2025-05-19 13:38:29.003994,20,0,0,51
2025-05-19 13:38:29.003994,21,0,0,1
2025-05-19 13:38:29.003994,22,0,0,2
2025-05-19 13:38:29.003994,23,0,0,1
2025-05-20 13:38:29.003994,0,1,0,1
2025-05-20 13:38:29.003994,1,1,0,4
2025-05-20 13:38:29.003994,2,1,0,3
2025-05-20 13:38:29.003994,3,1,0,3
2025-05-20 13:38:29.003994,4,1,0,2
2025-05-20 13:38:29.003994,5,1,0,2
2025-05-20 13:38:29.003994,6,1,0,3
2025-05-20 13:38:29.003994,7,1,0,21
2025-05-20 13:38:29.003994,8,1,0,20
2025-05-20 13:38:29.003994,9,1,0,15
2025-05-20 13:38:29.003994,10,1,0,2
2025-05-20 13:38:29.003994,11,1,0,45
2025-05-20 13:38:29.003994,12,1,0,21
2025-05-20 13:38:29.003994,13,1,0,48
2025-05-20 13:38:29.003994,14,1,0,3
2025-05-20 13:38:29.003994,15,1,0,0
2025-05-20 13:38:29.003994,16,1,0,2
2025-05-20 13:38:29.003994,17,1,0,70
2025-05-20 13:38:29.003994,18,1,0,58
2025-05-20 13:38:29.003994,19,1,0,61
2025-05-20 13:38:29.003994,20,1,0,76
2025-05-20 13:38:29.003994,21,1,0,3
2025-05-20 13:38:29.003994,22,1,0,2
2025-05-20 13:38:29.003994,23,1,0,2
2025-05-21 13:38:29.003994,0,2,0,2
2025-05-21 13:38:29.003994,1,2,0,0
2025-05-21 13:38:29.003994,2,2,0,3
2025-05-21 13:38:29.003994,3,2,0,3
2025-05-21 13:38:29.003994,4,2,0,4
2025-05-21 13:38:29.003994,5,2,0,4
2025-05-21 13:38:29.003994,6,2,0,4
2025-05-21 13:38:29.003994,7,2,0,29
2025-05-21 13:38:29.003994,8,2,0,14
2025-05-21 13:38:29.003994,9,2,0,10
2025-05-21 13:38:29.003994,10,2,0,1
2025-05-21 13:38:29.003994,11,2,0,25
2025-05-21 13:38:29.003994,12,2,0,48
2025-05-21 13:38:29.003994,13,2,0,36
2025-05-21 13:38:29.003994,14,2,0,0
2025-05-21 13:38:29.003994,15,2,0,3
2025-05-21 13:38:29.003994,16,2,0,1
2025-05-21 13:38:29.003994,17,2,0,45
2025-05-21 13:38:29.003994,18,2,0,37
2025-05-21 13:38:29.003994,19,2,0,75
2025-05-21 13:38:29.003994,20,2,0,46
2025-05-21 13:38:29.003994,21,2,0,4
2025-05-21 13:38:29.003994,22,2,0,4
2025-05-21 13:38:29.003994,23,2,0,2
2025-05-22 13:38:29.003994,0,3,0,1
2025-05-22 13:38:29.003994,1,3,0,3
2025-05-22 13:38:29.003994,2,3,0,2
2025-05-22 13:38:29.003994,3,3,0,4
2025-05-22 13:38:29.003994,4,3,0,3
2025-05-22 13:38:29.003994,5,3,0,4
2025-05-22 13:38:29.003994,6,3,0,3
2025-05-22 13:38:29.003994,7,3,0,12
2025-05-22 13:38:29.003994,8,3,0,23
2025-05-22 13:38:29.003994,9,3,0,23
2025-05-22 13:38:29.003994,10,3,0,0
2025-05-22 13:38:29.003994,11,3,0,39
2025-05-22 13:38:29.003994,12,3,0,28
2025-05-22 13:38:29.003994,13,3,0,47
2025-05-22 13:38:29.003994,14,3,0,4
2025-05-22 13:38:29.003994,15,3,0,4
2025-05-22 13:38:29.003994,16,3,0,1
2025-05-22 13:38:29.003994,17,3,0,42
2025-05-22 13:38:29.003994,18,3,0,37
2025-05-22 13:38:29.003994,19,3,0,47
2025-05-22 13:38:29.003994,20,3,0,75
2025-05-22 13:38:29.003994,21,3,0,2
2025-05-22 13:38:29.003994,22,3,0,4
2025-05-22 13:38:29.003994,23,3,0,0
2025-05-23 13:38:29.003994,0,4,0,0
2025-05-23 13:38:29.003994,1,4,0,3
2025-05-23 13:38:29.003994,2,4,0,0
2025-05-23 13:38:29.003994,3,4,0,2
2025-05-23 13:38:29.003994,4,4,0,2
2025-05-23 13:38:29.003994,5,4,0,0
2025-05-23 13:38:29.003994,6,4,0,0
2025-05-23 13:38:29.003994,7,4,0,23
2025-05-23 13:38:29.003994,8,4,0,29
2025-05-23 13:38:29.003994,9,4,0,19
2025-05-23 13:38:29.003994,10,4,0,1
2025-05-23 13:38:29.003994,11,4,0,20
2025-05-23 13:38:29.003994,12,4,0,20
2025-05-23 13:38:29.003994,13,4,0,28
2025-05-23 13:38:29.003994,14,4,0,4
2025-05-23 13:38:29.003994,15,4,0,0
2025-05-23 13:38:29.003994,16,4,0,4
2025-05-23 13:38:29.003994,17,4,0,55
2025-05-23 13:38:29.003994,18,4,0,67
2025-05-23 13:38:29.003994,19,4,0,75
2025-05-23 13:38:29.003994,20,4,0,79
2025-05-23 13:38:29.003994,21,4,0,1
2025-05-23 13:38:29.003994,22,4,0,1
2025-05-23 13:38:29.003994,23,4,0,3
2025-05-24 13:38:29.003994,0,5,1,0
2025-05-24 13:38:29.003994,1,5,1,3
2025-05-24 13:38:29.003994,2,5,1,6
2025-05-24 13:38:29.003994,3,5,1,3
2025-05-24 13:38:29.003994,4,5,1,3
2025-05-24 13:38:29.003994,5,5,1,0
2025-05-24 13:38:29.003994,6,5,1,0
2025-05-24 13:38:29.003994,7,5,1,40
2025-05-24 13:38:29.003994,8,5,1,25
2025-05-24 13:38:29.003994,9,5,1,43
2025-05-24 13:38:29.003994,10,5,1,3
2025-05-24 13:38:29.003994,11,5,1,58
2025-05-24 13:38:29.003994,12,5,1,37
2025-05-24 13:38:29.003994,13,5,1,61
2025-05-24 13:38:29.003994,14,5,1,1
2025-05-24 13:38:29.003994,15,5,1,3
2025-05-24 13:38:29.003994,16,5,1,0
2025-05-24 13:38:29.003994,17,5,1,106
2025-05-24 13:38:29.003994,18,5,1,70
2025-05-24 13:38:29.003994,19,5,1,78
2025-05-24 13:38:29.003994,20,5,1,63
2025-05-24 13:38:29.003994,21,5,1,0
2025-05-24 13:38:29.003994,22,5,1,6
2025-05-24 13:38:29.003994,23,5,1,3
2025-05-25 13:38:29.003994,0,6,1,1
2025-05-25 13:38:29.003994,1,6,1,3
2025-05-25 13:38:29.003994,2,6,1,4
2025-05-25 13:38:29.003994,3,6,1,6
2025-05-25 13:38:29.003994,4,6,1,6
2025-05-25 13:38:29.003994,5,6,1,6
2025-05-25 13:38:29.003994,6,6,1,3
2025-05-25 13:38:29.003994,7,6,1,40
2025-05-25 13:38:29.003994,8,6,1,42
2025-05-25 13:38:29.003994,9,6,1,27
2025-05-25 13:38:29.003994,10,6,1,3
2025-05-25 13:38:29.003994,11,6,1,70
2025-05-25 13:38:29.003994,12,6,1,57
2025-05-25 13:38:29.003994,13,6,1,72
2025-05-25 13:38:29.003994,14,6,1,6
2025-05-25 13:38:29.003994,15,6,1,0
2025-05-25 13:38:29.003994,16,6,1,4
2025-05-25 13:38:29.003994,17,6,1,88
2025-05-25 13:38:29.003994,18,6,1,90
2025-05-25 13:38:29.003994,19,6,1,79
2025-05-25 13:38:29.003994,20,6,1,99
2025-05-25 13:38:29.003994,21,6,1,4
2025-05-25 13:38:29.003994,22,6,1,4
2025-05-25 13:38:29.003994,23,6,1,4
2025-05-26 13:38:29.003994,0,0,0,3
2025-05-26 13:38:29.003994,1,0,0,3
2025-05-26 13:38:29.003994,2,0,0,1
2025-05-26 13:38:29.003994,3,0,0,0
2025-05-26 13:38:29.003994,4,0,0,2
2025-05-26 13:38:29.003994,5,0,0,0
2025-05-26 13:38:29.003994,6,0,0,3
2025-05-26 13:38:29.003994,7,0,0,11
2025-05-26 13:38:29.003994,8,0,0,11
2025-05-26 13:38:29.003994,9,0,0,13
2025-05-26 13:38:29.003994,10,0,0,1
2025-05-26 13:38:29.003994,11,0,0,38
2025-05-26 13:38:29.003994,12,0,0,41
2025-05-26 13:38:29.003994,13,0,0,31
2025-05-26 13:38:29.003994,14,0,0,2
2025-05-26 13:38:29.003994,15,0,0,4
2025-05-26 13:38:29.003994,16,0,0,1
2025-05-26 13:38:29.003994,17,0,0,44
2025-05-26 13:38:29.003994,18,0,0,64
2025-05-26 13:38:29.003994,19,0,0,37
2025-05-26 13:38:29.003994,20,0,0,77
2025-05-26 13:38:29.003994,21,0,0,1
2025-05-26 13:38:29.003994,22,0,0,3
2025-05-26 13:38:29.003994,23,0,0,1
2025-05-27 13:38:29.003994,0,1,0,4
2025-05-27 13:38:29.003994,1,1,0,4
2025-05-27 13:38:29.003994,2,1,0,4
2025-05-27 13:38:29.003994,3,1,0,0
2025-05-27 13:38:29.003994,4,1,0,3
2025-05-27 13:38:29.003994,5,1,0,4
2025-05-27 13:38:29.003994,6,1,0,0
2025-05-27 13:38:29.003994,7,1,0,11
2025-05-27 13:38:29.003994,8,1,0,11
2025-05-27 13:38:29.003994,9,1,0,14
2025-05-27 13:38:29.003994,10,1,0,4
2025-05-27 13:38:29.003994,11,1,0,27
2025-05-27 13:38:29.003994,12,1,0,43
2025-05-27 13:38:29.003994,13,1,0,32
2025-05-27 13:38:29.003994,14,1,0,2
2025-05-27 13:38:29.003994,15,1,0,1
2025-05-27 13:38:29.003994,16,1,0,2
2025-05-27 13:38:29.003994,17,1,0,58
2025-05-27 13:38:29.003994,18,1,0,41
2025-05-27 13:38:29.003994,19,1,0,30
2025-05-27 13:38:29.003994,20,1,0,49
2025-05-27 13:38:29.003994,21,1,0,2
2025-05-27 13:38:29.003994,22,1,0,3
2025-05-27 13:38:29.003994,23,1,0,0
2025-05-28 13:38:29.003994,0,2,0,0
2025-05-28 13:38:29.003994,1,2,0,3
2025-05-28 13:38:29.003994,2,2,0,3
2025-05-28 13:38:29.003994,3,2,0,0
2025-05-28 13:38:29.003994,4,2,0,2
2025-05-28 13:38:29.003994,5,2,0,4
2025-05-28 13:38:29.003994,6,2,0,4
2025-05-28 13:38:29.003994,7,2,0,14
2025-05-28 13:38:29.003994,8,2,0,26
2025-05-28 13:38:29.003994,9,2,0,24
2025-05-28 13:38:29.003994,10,2,0,3
2025-05-28 13:38:29.003994,11,2,0,48
2025-05-28 13:38:29.003994,12,2,0,37
2025-05-28 13:38:29.003994,13,2,0,28
2025-05-28 13:38:29.003994,14,2,0,4
2025-05-28 13:38:29.003994,15,2,0,3
2025-05-28 13:38:29.003994,16,2,0,1
2025-05-28 13:38:29.003994,17,2,0,30
2025-05-28 13:38:29.003994,18,2,0,35
2025-05-28 13:38:29.003994,19,2,0,34
2025-05-28 13:38:29.003994,20,2,0,78
2025-05-28 13:38:29.003994,21,2,0,2
2025-05-28 13:38:29.003994,22,2,0,3
2025-05-28 13:38:29.003994,23,2,0,1
2025-05-29 13:38:29.003994,0,3,0,3
2025-05-29 13:38:29.003994,1,3,0,4
2025-05-29 13:38:29.003994,2,3,0,1
2025-05-29 13:38:29.003994,3,3,0,2
2025-05-29 13:38:29.003994,4,3,0,2
2025-05-29 13:38:29.003994,5,3,0,1
2025-05-29 13:38:29.003994,6,3,0,0
2025-05-29 13:38:29.003994,7,3,0,16
2025-05-29 13:38:29.003994,8,3,0,27
2025-05-29 13:38:29.003994,9,3,0,15
2025-05-29 13:38:29.003994,10,3,0,3
2025-05-29 13:38:29.003994,11,3,0,39
2025-05-29 13:38:29.003994,12,3,0,29
2025-05-29 13:38:29.003994,13,3,0,42
2025-05-29 13:38:29.003994,14,3,0,1
2025-05-29 13:38:29.003994,15,3,0,4
2025-05-29 13:38:29.003994,16,3,0,0
2025-05-29 13:38:29.003994,17,3,0,61
2025-05-29 13:38:29.003994,18,3,0,76
2025-05-29 13:38:29.003994,19,3,0,30
2025-05-29 13:38:29.003994,20,3,0,72
2025-05-29 13:38:29.003994,21,3,0,1
2025-05-29 13:38:29.003994,22,3,0,1
2025-05-29 13:38:29.003994,23,3,0,1
2025-05-30 13:38:29.003994,0,4,0,0
2025-05-30 13:38:29.003994,1,4,0,1
2025-05-30 13:38:29.003994,2,4,0,0
2025-05-30 13:38:29.003994,3,4,0,3
2025-05-30 13:38:29.003994,4,4,0,2
2025-05-30 13:38:29.003994,5,4,0,0
2025-05-30 13:38:29.003994,6,4,0,3
2025-05-30 13:38:29.003994,7,4,0,10
2025-05-30 13:38:29.003994,8,4,0,25
2025-05-30 13:38:29.003994,9,4,0,25
2025-05-30 13:38:29.003994,10,4,0,4
2025-05-30 13:38:29.003994,11,4,0,45
2025-05-30 13:38:29.003994,12,4,0,21
2025-05-30 13:38:29.003994,13,4,0,25
2025-05-30 13:38:29.003994,14,4,0,0
2025-05-30 13:38:29.003994,15,4,0,0
2025-05-30 13:38:29.003994,16,4,0,0
2025-05-30 13:38:29.003994,17,4,0,77
2025-05-30 13:38:29.003994,18,4,0,38
2025-05-30 13:38:29.003994,19,4,0,42
2025-05-30 13:38:29.003994,20,4,0,40
2025-05-30 13:38:29.003994,21,4,0,3
2025-05-30 13:38:29.003994,22,4,0,1
2025-05-30 13:38:29.003994,23,4,0,4
2025-05-31 13:38:29.003994,0,5,1,4
2025-05-31 13:38:29.003994,1,5,1,3
2025-05-31 13:38:29.003994,2,5,1,1
2025-05-31 13:38:29.003994,3,5,1,1
2025-05-31 13:38:29.003994,4,5,1,6
2025-05-31 13:38:29.003994,5,5,1,0
2025-05-31 13:38:29.003994,6,5,1,3
2025-05-31 13:38:29.003994,7,5,1,30
2025-05-31 13:38:29.003994,8,5,1,24
2025-05-31 13:38:29.003994,9,5,1,36
2025-05-31 13:38:29.003994,10,5,1,0
2025-05-31 13:38:29.003994,11,5,1,67
2025-05-31 13:38:29.003994,12,5,1,57
2025-05-31 13:38:29.003994,13,5,1,72
2025-05-31 13:38:29.003994,14,5,1,0
2025-05-31 13:38:29.003994,15,5,1,0
2025-05-31 13:38:29.003994,16,5,1,0
2025-05-31 13:38:29.003994,17,5,1,96
2025-05-31 13:38:29.003994,18,5,1,100
2025-05-31 13:38:29.003994,19,5,1,60
2025-05-31 13:38:29.003994,20,5,1,55
2025-05-31 13:38:29.003994,21,5,1,1
2025-05-31 13:38:29.003994,22,5,1,1
2025-05-31 13:38:29.003994,23,5,1,0
2025-06-01 13:38:29.003994,0,6,1,3
2025-06-01 13:38:29.003994,1,6,1,6
2025-06-01 13:38:29.003994,2,6,1,1
2025-06-01 13:38:29.003994,3,6,1,1
2025-06-01 13:38:29.003994,4,6,1,4
2025-06-01 13:38:29.003994,5,6,1,6
2025-06-01 13:38:29.003994,6,6,1,6
2025-06-01 13:38:29.003994,7,6,1,31
2025-06-01 13:38:29.003994,8,6,1,16
2025-06-01 13:38:29.003994,9,6,1,36
2025-06-01 13:38:29.003994,10,6,1,4
2025-06-01 13:38:29.003994,11,6,1,51
2025-06-01 13:38:29.003994,12,6,1,52
2025-06-01 13:38:29.003994,13,6,1,46
2025-06-01 13:38:29.003994,14,6,1,3
2025-06-01 13:38:29.003994,15,6,1,3
2025-06-01 13:38:29.003994,16,6,1,6
2025-06-01 13:38:29.003994,17,6,1,78
2025-06-01 13:38:29.003994,18,6,1,67
2025-06-01 13:38:29.003994,19,6,1,66
2025-06-01 13:38:29.003994,20,6,1,97
2025-06-01 13:38:29.003994,21,6,1,3
2025-06-01 13:38:29.003994,22,6,1,3
2025-06-01 13:38:29.003994,23,6,1,4
2025-06-02 13:38:29.003994,0,0,0,4
2025-06-02 13:38:29.003994,1,0,0,4
2025-06-02 13:38:29.003994,2,0,0,2
2025-06-02 13:38:29.003994,3,0,0,1
2025-06-02 13:38:29.003994,4,0,0,4
2025-06-02 13:38:29.003994,5,0,0,3
2025-06-02 13:38:29.003994,6,0,0,4
2025-06-02 13:38:29.003994,7,0,0,23
2025-06-02 13:38:29.003994,8,0,0,24
2025-06-02 13:38:29.003994,9,0,0,12
2025-06-02 13:38:29.003994,10,0,0,1
2025-06-02 13:38:29.003994,11,0,0,49
2025-06-02 13:38:29.003994,12,0,0,21
2025-06-02 13:38:29.003994,13,0,0,32
2025-06-02 13:38:29.003994,14,0,0,3
2025-06-02 13:38:29.003994,15,0,0,1
2025-06-02 13:38:29.003994,16,0,0,0
2025-06-02 13:38:29.003994,17,0,0,36
2025-06-02 13:38:29.003994,18,0,0,39
2025-06-02 13:38:29.003994,19,0,0,60
2025-06-02 13:38:29.003994,20,0,0,71
2025-06-02 13:38:29.003994,21,0,0,4
2025-06-02 13:38:29.003994,22,0,0,1
2025-06-02 13:38:29.003994,23,0,0,3
2025-06-03 13:38:29.003994,0,1,0,3
2025-06-03 13:38:29.003994,1,1,0,3
2025-06-03 13:38:29.003994,2,1,0,0
2025-06-03 13:38:29.003994,3,1,0,3
2025-06-03 13:38:29.003994,4,1,0,4
2025-06-03 13:38:29.003994,5,1,0,1
2025-06-03 13:38:29.003994,6,1,0,2
2025-06-03 13:38:29.003994,7,1,0,18
2025-06-03 13:38:29.003994,8,1,0,18
2025-06-03 13:38:29.003994,9,1,0,19
2025-06-03 13:38:29.003994,10,1,0,0
2025-06-03 13:38:29.003994,11,1,0,46
2025-06-03 13:38:29.003994,12,1,0,23
2025-06-03 13:38:29.003994,13,1,0,43
2025-06-03 13:38:29.003994,14,1,0,2
2025-06-03 13:38:29.003994,15,1,0,3
2025-06-03 13:38:29.003994,16,1,0,3
2025-06-03 13:38:29.003994,17,1,0,54
2025-06-03 13:38:29.003994,18,1,0,48
2025-06-03 13:38:29.003994,19,1,0,39
2025-06-03 13:38:29.003994,20,1,0,79
2025-06-03 13:38:29.003994,21,1,0,4
2025-06-03 13:38:29.003994,22,1,0,0
2025-06-03 13:38:29.003994,23,1,0,2
2025-06-04 13:38:29.003994,0,2,0,3
2025-06-04 13:38:29.003994,1,2,0,1
2025-06-04 13:38:29.003994,2,2,0,0
2025-06-04 13:38:29.003994,3,2,0,4
2025-06-04 13:38:29.003994,4,2,0,0
2025-06-04 13:38:29.003994,5,2,0,4
2025-06-04 13:38:29.003994,6,2,0,2
2025-06-04 13:38:29.003994,7,2,0,16
2025-06-04 13:38:29.003994,8,2,0,19
2025-06-04 13:38:29.003994,9,2,0,23
2025-06-04 13:38:29.003994,10,2,0,4
2025-06-04 13:38:29.003994,11,2,0,44
2025-06-04 13:38:29.003994,12,2,0,21
2025-06-04 13:38:29.003994,13,2,0,26
2025-06-04 13:38:29.003994,14,2,0,4
2025-06-04 13:38:29.003994,15,2,0,1
2025-06-04 13:38:29.003994,16,2,0,2
2025-06-04 13:38:29.003994,17,2,0,68
2025-06-04 13:38:29.003994,18,2,0,78
2025-06-04 13:38:29.003994,19,2,0,68
2025-06-04 13:38:29.003994,20,2,0,75
2025-06-04 13:38:29.003994,21,2,0,2
2025-06-04 13:38:29.003994,22,2,0,3
2025-06-04 13:38:29.003994,23,2,0,1
2025-06-05 13:38:29.003994,0,3,0,1
2025-06-05 13:38:29.003994,1,3,0,4
2025-06-05 13:38:29.003994,2,3,0,3
2025-06-05 13:38:29.003994,3,3,0,4
2025-06-05 13:38:29.003994,4,3,0,0
2025-06-05 13:38:29.003994,5,3,0,3
2025-06-05 13:38:29.003994,6,3,0,2
2025-06-05 13:38:29.003994,7,3,0,17
2025-06-05 13:38:29.003994,8,3,0,15
2025-06-05 13:38:29.003994,9,3,0,16
2025-06-05 13:38:29.003994,10,3,0,3
2025-06-05 13:38:29.003994,11,3,0,36
2025-06-05 13:38:29.003994,12,3,0,21
2025-06-05 13:38:29.003994,13,3,0,24
2025-06-05 13:38:29.003994,14,3,0,3
2025-06-05 13:38:29.003994,15,3,0,2
2025-06-05 13:38:29.003994,16,3,0,4
2025-06-05 13:38:29.003994,17,3,0,32
2025-06-05 13:38:29.003994,18,3,0,32
2025-06-05 13:38:29.003994,19,3,0,52
2025-06-05 13:38:29.003994,20,3,0,31
2025-06-05 13:38:29.003994,21,3,0,0
2025-06-05 13:38:29.003994,22,3,0,2
2025-06-05 13:38:29.003994,23,3,0,1
2025-06-06 13:38:29.003994,0,4,0,3
2025-06-06 13:38:29.003994,1,4,0,3
2025-06-06 13:38:29.003994,2,4,0,1
2025-06-06 13:38:29.003994,3,4,0,3
2025-06-06 13:38:29.003994,4,4,0,4
2025-06-06 13:38:29.003994,5,4,0,4
2025-06-06 13:38:29.003994,6,4,0,4
2025-06-06 13:38:29.003994,7,4,0,25
2025-06-06 13:38:29.003994,8,4,0,25
2025-06-06 13:38:29.003994,9,4,0,26
2025-06-06 13:38:29.003994,10,4,0,3
2025-06-06 13:38:29.003994,11,4,0,22
2025-06-06 13:38:29.003994,12,4,0,42
2025-06-06 13:38:29.003994,13,4,0,38
2025-06-06 13:38:29.003994,14,4,0,4
2025-06-06 13:38:29.003994,15,4,0,3
2025-06-06 13:38:29.003994,16,4,0,3
2025-06-06 13:38:29.003994,17,4,0,59
2025-06-06 13:38:29.003994,18,4,0,49
2025-06-06 13:38:29.003994,19,4,0,37
2025-06-06 13:38:29.003994,20,4,0,45
2025-06-06 13:38:29.003994,21,4,0,3
2025-06-06 13:38:29.003994,22,4,0,3
2025-06-06 13:38:29.003994,23,4,0,1
2025-06-07 13:38:29.003994,0,5,1,6
2025-06-07 13:38:29.003994,1,5,1,4
2025-06-07 13:38:29.003994,2,5,1,0
2025-06-07 13:38:29.003994,3,5,1,1
2025-06-07 13:38:29.003994,4,5,1,6
2025-06-07 13:38:29.003994,5,5,1,1
2025-06-07 13:38:29.003994,6,5,1,0
2025-06-07 13:38:29.003994,7,5,1,16
2025-06-07 13:38:29.003994,8,5,1,27
2025-06-07 13:38:29.003994,9,5,1,30
2025-06-07 13:38:29.003994,10,5,1,3
2025-06-07 13:38:29.003994,11,5,1,73
2025-06-07 13:38:29.003994,12,5,1,34
2025-06-07 13:38:29.003994,13,5,1,63
2025-06-07 13:38:29.003994,14,5,1,3
2025-06-07 13:38:29.003994,15,5,1,3
2025-06-07 13:38:29.003994,16,5,1,4
2025-06-07 13:38:29.003994,17,5,1,106
2025-06-07 13:38:29.003994,18,5,1,114
2025-06-07 13:38:29.003994,19,5,1,106
2025-06-07 13:38:29.003994,20,5,1,111
2025-06-07 13:38:29.003994,21,5,1,3
2025-06-07 13:38:29.003994,22,5,1,1
2025-06-07 13:38:29.003994,23,5,1,3
2025-06-08 13:38:29.003994,0,6,1,4
2025-06-08 13:38:29.003994,1,6,1,0
2025-06-08 13:38:29.003994,2,6,1,6
2025-06-08 13:38:29.003994,3,6,1,3
2025-06-08 13:38:29.003994,4,6,1,1
2025-06-08 13:38:29.003994,5,6,1,3
2025-06-08 13:38:29.003994,6,6,1,1
2025-06-08 13:38:29.003994,7,6,1,40
2025-06-08 13:38:29.003994,8,6,1,40
2025-06-08 13:38:29.003994,9,6,1,16
2025-06-08 13:38:29.003994,10,6,1,0
2025-06-08 13:38:29.003994,11,6,1,61
2025-06-08 13:38:29.003994,12,6,1,34
2025-06-08 13:38:29.003994,13,6,1,49
2025-06-08 13:38:29.003994,14,6,1,6
2025-06-08 13:38:29.003994,15,6,1,4
2025-06-08 13:38:29.003994,16,6,1,3
2025-06-08 13:38:29.003994,17,6,1,105
2025-06-08 13:38:29.003994,18,6,1,63
2025-06-08 13:38:29.003994,19,6,1,94
2025-06-08 13:38:29.003994,20,6,1,94
2025-06-08 13:38:29.003994,21,6,1,4
2025-06-08 13:38:29.003994,22,6,1,0
2025-06-08 13:38:29.003994,23,6,1,4
2025-06-09 13:38:29.003994,0,0,0,4
2025-06-09 13:38:29.003994,1,0,0,3
2025-06-09 13:38:29.003994,2,0,0,3
2025-06-09 13:38:29.003994,3,0,0,3
2025-06-09 13:38:29.003994,4,0,0,4
2025-06-09 13:38:29.003994,5,0,0,3
2025-06-09 13:38:29.003994,6,0,0,1
2025-06-09 13:38:29.003994,7,0,0,15
2025-06-09 13:38:29.003994,8,0,0,20
2025-06-09 13:38:29.003994,9,0,0,28
2025-06-09 13:38:29.003994,10,0,0,2
2025-06-09 13:38:29.003994,11,0,0,38
2025-06-09 13:38:29.003994,12,0,0,29
2025-06-09 13:38:29.003994,13,0,0,21
2025-06-09 13:38:29.003994,14,0,0,2
2025-06-09 13:38:29.003994,15,0,0,1
2025-06-09 13:38:29.003994,16,0,0,4
2025-06-09 13:38:29.003994,17,0,0,52
2025-06-09 13:38:29.003994,18,0,0,38
2025-06-09 13:38:29.003994,19,0,0,50
2025-06-09 13:38:29.003994,20,0,0,57
2025-06-09 13:38:29.003994,21,0,0,2
2025-06-09 13:38:29.003994,22,0,0,3
2025-06-09 13:38:29.003994,23,0,0,0
2025-06-10 13:38:29.003994,0,1,0,3
2025-06-10 13:38:29.003994,1,1,0,3
2025-06-10 13:38:29.003994,2,1,0,0
2025-06-10 13:38:29.003994,3,1,0,4
2025-06-10 13:38:29.003994,4,1,0,3
2025-06-10 13:38:29.003994,5,1,0,3
2025-06-10 13:38:29.003994,6,1,0,4
2025-06-10 13:38:29.003994,7,1,0,13
2025-06-10 13:38:29.003994,8,1,0,15
2025-06-10 13:38:29.003994,9,1,0,14
2025-06-10 13:38:29.003994,10,1,0,3
2025-06-10 13:38:29.003994,11,1,0,22
2025-06-10 13:38:29.003994,12,1,0,47
2025-06-10 13:38:29.003994,13,1,0,48
2025-06-10 13:38:29.003994,14,1,0,4
2025-06-10 13:38:29.003994,15,1,0,1
2025-06-10 13:38:29.003994,16,1,0,2
2025-06-10 13:38:29.003994,17,1,0,67
2025-06-10 13:38:29.003994,18,1,0,39
2025-06-10 13:38:29.003994,19,1,0,68
2025-06-10 13:38:29.003994,20,1,0,30
2025-06-10 13:38:29.003994,21,1,0,4
2025-06-10 13:38:29.003994,22,1,0,4
2025-06-10 13:38:29.003994,23,1,0,1
2025-06-11 13:38:29.003994,0,2,0,1
2025-06-11 13:38:29.003994,1,2,0,4
2025-06-11 13:38:29.003994,2,2,0,4
2025-06-11 13:38:29.003994,3,2,0,4
2025-06-11 13:38:29.003994,4,2,0,1
2025-06-11 13:38:29.003994,5,2,0,4
2025-06-11 13:38:29.003994,6,2,0,4
2025-06-11 13:38:29.003994,7,2,0,26
2025-06-11 13:38:29.003994,8,2,0,26
2025-06-11 13:38:29.003994,9,2,0,20
2025-06-11 13:38:29.003994,10,2,0,4
2025-06-11 13:38:29.003994,11,2,0,42
2025-06-11 13:38:29.003994,12,2,0,45
2025-06-11 13:38:29.003994,13,2,0,21
2025-06-11 13:38:29.003994,14,2,0,3
2025-06-11 13:38:29.003994,15,2,0,3
2025-06-11 13:38:29.003994,16,2,0,1
2025-06-11 13:38:29.003994,17,2,0,70
2025-06-11 13:38:29.003994,18,2,0,58
2025-06-11 13:38:29.003994,19,2,0,50
2025-06-11 13:38:29.003994,20,2,0,42
2025-06-11 13:38:29.003994,21,2,0,0
2025-06-11 13:38:29.003994,22,2,0,0
2025-06-11 13:38:29.003994,23,2,0,0
2025-06-12 13:38:29.003994,0,3,0,0
2025-06-12 13:38:29.003994,1,3,0,0
2025-06-12 13:38:29.003994,2,3,0,0
2025-06-12 13:38:29.003994,3,3,0,1
2025-06-12 13:38:29.003994,4,3,0,3
2025-06-12 13:38:29.003994,5,3,0,4
2025-06-12 13:38:29.003994,6,3,0,0
2025-06-12 13:38:29.003994,7,3,0,27
2025-06-12 13:38:29.003994,8,3,0,17
2025-06-12 13:38:29.003994,9,3,0,20
2025-06-12 13:38:29.003994,10,3,0,1
2025-06-12 13:38:29.003994,11,3,0,41
2025-06-12 13:38:29.003994,12,3,0,34
2025-06-12 13:38:29.003994,13,3,0,47
2025-06-12 13:38:29.003994,14,3,0,4
2025-06-12 13:38:29.003994,15,3,0,2
2025-06-12 13:38:29.003994,16,3,0,4
2025-06-12 13:38:29.003994,17,3,0,30
2025-06-12 13:38:29.003994,18,3,0,37
2025-06-12 13:38:29.003994,19,3,0,37
2025-06-12 13:38:29.003994,20,3,0,52
2025-06-12 13:38:29.003994,21,3,0,2
2025-06-12 13:38:29.003994,22,3,0,0
2025-06-12 13:38:29.003994,23,3,0,4
2025-06-13 13:38:29.003994,0,4,0,2
2025-06-13 13:38:29.003994,1,4,0,2
2025-06-13 13:38:29.003994,2,4,0,0
2025-06-13 13:38:29.003994,3,4,0,4
2025-06-13 13:38:29.003994,4,4,0,3
2025-06-13 13:38:29.003994,5,4,0,4
2025-06-13 13:38:29.003994,6,4,0,1
2025-06-13 13:38:29.003994,7,4,0,20
2025-06-13 13:38:29.003994,8,4,0,24
2025-06-13 13:38:29.003994,9,4,0,16
2025-06-13 13:38:29.003994,10,4,0,2
2025-06-13 13:38:29.003994,11,4,0,38
2025-06-13 13:38:29.003994,12,4,0,45
2025-06-13 13:38:29.003994,13,4,0,24
2025-06-13 13:38:29.003994,14,4,0,1
2025-06-13 13:38:29.003994,15,4,0,3
2025-06-13 13:38:29.003994,16,4,0,0
2025-06-13 13:38:29.003994,17,4,0,38
2025-06-13 13:38:29.003994,18,4,0,44
2025-06-13 13:38:29.003994,19,4,0,32
2025-06-13 13:38:29.003994,20,4,0,65
2025-06-13 13:38:29.003994,21,4,0,3
2025-06-13 13:38:29.003994,22,4,0,0
2025-06-13 13:38:29.003994,23,4,0,0
2025-06-14 13:38:29.003994,0,5,1,0
2025-06-14 13:38:29.003994,1,5,1,1
2025-06-14 13:38:29.003994,2,5,1,1
2025-06-14 13:38:29.003994,3,5,1,1
2025-06-14 13:38:29.003994,4,5,1,6
2025-06-14 13:38:29.003994,5,5,1,4
2025-06-14 13:38:29.003994,6,5,1,4
2025-06-14 13:38:29.003994,7,5,1,25
2025-06-14 13:38:29.003994,8,5,1,33
2025-06-14 13:38:29.003994,9,5,1,37
2025-06-14 13:38:29.003994,10,5,1,4
2025-06-14 13:38:29.003994,11,5,1,45
2025-06-14 13:38:29.003994,12,5,1,51
2025-06-14 13:38:29.003994,13,5,1,40
2025-06-14 13:38:29.003994,14,5,1,1
2025-06-14 13:38:29.003994,15,5,1,0
2025-06-14 13:38:29.003994,16,5,1,0
2025-06-14 13:38:29.003994,17,5,1,64
2025-06-14 13:38:29.003994,18,5,1,81
2025-06-14 13:38:29.003994,19,5,1,76
2025-06-14 13:38:29.003994,20,5,1,88
2025-06-14 13:38:29.003994,21,5,1,4
2025-06-14 13:38:29.003994,22,5,1,6
2025-06-14 13:38:29.003994,23,5,1,4
2025-06-15 13:38:29.003994,0,6,1,3
2025-06-15 13:38:29.003994,1,6,1,0
2025-06-15 13:38:29.003994,2,6,1,6
2025-06-15 13:38:29.003994,3,6,1,3
2025-06-15 13:38:29.003994,4,6,1,1
2025-06-15 13:38:29.003994,5,6,1,0
2025-06-15 13:38:29.003994,6,6,1,4
2025-06-15 13:38:29.003994,7,6,1,36
2025-06-15 13:38:29.003994,8,6,1,33
2025-06-15 13:38:29.003994,9,6,1,25
2025-06-15 13:38:29.003994,10,6,1,4
2025-06-15 13:38:29.003994,11,6,1,61
2025-06-15 13:38:29.003994,12,6,1,66
2025-06-15 13:38:29.003994,13,6,1,72
2025-06-15 13:38:29.003994,14,6,1,6
2025-06-15 13:38:29.003994,15,6,1,1
2025-06-15 13:38:29.003994,16,6,1,1
2025-06-15 13:38:29.003994,17,6,1,75
2025-06-15 13:38:29.003994,18,6,1,84
2025-06-15 13:38:29.003994,19,6,1,90
2025-06-15 13:38:29.003994,20,6,1,78
2025-06-15 13:38:29.003994,21,6,1,4
2025-06-15 13:38:29.003994,22,6,1,6
2025-06-15 13:38:29.003994,23,6,1,3
2025-06-16 13:38:29.003994,0,0,0,4
2025-06-16 13:38:29.003994,1,0,0,4
2025-06-16 13:38:29.003994,2,0,0,0
2025-06-16 13:38:29.003994,3,0,0,2
2025-06-16 13:38:29.003994,4,0,0,2
2025-06-16 13:38:29.003994,5,0,0,4
2025-06-16 13:38:29.003994,6,0,0,3
2025-06-16 13:38:29.003994,7,0,0,14
2025-06-16 13:38:29.003994,8,0,0,25
2025-06-16 13:38:29.003994,9,0,0,21
2025-06-16 13:38:29.003994,10,0,0,4
2025-06-16 13:38:29.003994,11,0,0,20
2025-06-16 13:38:29.003994,12,0,0,27
2025-06-16 13:38:29.003994,13,0,0,29
2025-06-16 13:38:29.003994,14,0,0,1
2025-06-16 13:38:29.003994,15,0,0,2
2025-06-16 13:38:29.003994,16,0,0,0
2025-06-16 13:38:29.003994,17,0,0,50
2025-06-16 13:38:29.003994,18,0,0,56
2025-06-16 13:38:29.003994,19,0,0,70
2025-06-16 13:38:29.003994,20,0,0,38
2025-06-16 13:38:29.003994,21,0,0,3
2025-06-16 13:38:29.003994,22,0,0,3
2025-06-16 13:38:29.003994,23,0,0,1
2025-06-17 13:38:29.003994,0,1,0,1
2025-06-17 13:38:29.003994,1,1,0,1
2025-06-17 13:38:29.003994,2,1,0,3
2025-06-17 13:38:29.003994,3,1,0,0
2025-06-17 13:38:29.003994,4,1,0,0
2025-06-17 13:38:29.003994,5,1,0,1
2025-06-17 13:38:29.003994,6,1,0,4
2025-06-17 13:38:29.003994,7,1,0,29
2025-06-17 13:38:29.003994,8,1,0,25
2025-06-17 13:38:29.003994,9,1,0,15
2025-06-17 13:38:29.003994,10,1,0,2
2025-06-17 13:38:29.003994,11,1,0,45
2025-06-17 13:38:29.003994,12,1,0,34
2025-06-17 13:38:29.003994,13,1,0,23
2025-06-17 13:38:29.003994,14,1,0,3
2025-06-17 13:38:29.003994,15,1,0,1
2025-06-17 13:38:29.003994,16,1,0,2
2025-06-17 13:38:29.003994,17,1,0,66
2025-06-17 13:38:29.003994,18,1,0,69
2025-06-17 13:38:29.003994,19,1,0,39
2025-06-17 13:38:29.003994,20,1,0,74
2025-06-17 13:38:29.003994,21,1,0,3
2025-06-17 13:38:29.003994,22,1,0,0
2025-06-17 13:38:29.003994,23,1,0,3
2025-06-18 13:38:29.003994,0,2,0,4
2025-06-18 13:38:29.003994,1,2,0,2
2025-06-18 13:38:29.003994,2,2,0,4
2025-06-18 13:38:29.003994,3,2,0,1
2025-06-18 13:38:29.003994,4,2,0,3
2025-06-18 13:38:29.003994,5,2,0,3
2025-06-18 13:38:29.003994,6,2,0,1
2025-06-18 13:38:29.003994,7,2,0,28
2025-06-18 13:38:29.003994,8,2,0,28
2025-06-18 13:38:29.003994,9,2,0,23
2025-06-18 13:38:29.003994,10,2,0,2
2025-06-18 13:38:29.003994,11,2,0,31
2025-06-18 13:38:29.003994,12,2,0,25
2025-06-18 13:38:29.003994,13,2,0,23
2025-06-18 13:38:29.003994,14,2,0,2
2025-06-18 13:38:29.003994,15,2,0,4
2025-06-18 13:38:29.003994,16,2,0,3
2025-06-18 13:38:29.003994,17,2,0,62
2025-06-18 13:38:29.003994,18,2,0,78
2025-06-18 13:38:29.003994,19,2,0,57
2025-06-18 13:38:29.003994,20,2,0,76
2025-06-18 13:38:29.003994,21,2,0,2
2025-06-18 13:38:29.003994,22,2,0,0
2025-06-18 13:38:29.003994,23,2,0,3
2025-06-19 13:38:29.003994,0,3,0,4
2025-06-19 13:38:29.003994,1,3,0,0
2025-06-19 13:38:29.003994,2,3,0,0
2025-06-19 13:38:29.003994,3,3,0,3
2025-06-19 13:38:29.003994,4,3,0,3
2025-06-19 13:38:29.003994,5,3,0,2
2025-06-19 13:38:29.003994,6,3,0,3
2025-06-19 13:38:29.003994,7,3,0,16
2025-06-19 13:38:29.003994,8,3,0,25
2025-06-19 13:38:29.003994,9,3,0,29
2025-06-19 13:38:29.003994,10,3,0,4
2025-06-19 13:38:29.003994,11,3,0,37
2025-06-19 13:38:29.003994,12,3,0,32
2025-06-19 13:38:29.003994,13,3,0,36
2025-06-19 13:38:29.003994,14,3,0,4
2025-06-19 13:38:29.003994,15,3,0,0
2025-06-19 13:38:29.003994,16,3,0,2
2025-06-19 13:38:29.003994,17,3,0,48
2025-06-19 13:38:29.003994,18,3,0,64
2025-06-19 13:38:29.003994,19,3,0,34
2025-06-19 13:38:29.003994,20,3,0,66
2025-06-19 13:38:29.003994,21,3,0,3
2025-06-19 13:38:29.003994,22,3,0,0
2025-06-19 13:38:29.003994,23,3,0,4
2025-06-20 13:38:29.003994,0,4,0,1
2025-06-20 13:38:29.003994,1,4,0,4
2025-06-20 13:38:29.003994,2,4,0,3
2025-06-20 13:38:29.003994,3,4,0,1
2025-06-20 13:38:29.003994,4,4,0,3
2025-06-20 13:38:29.003994,5,4,0,1
2025-06-20 13:38:29.003994,6,4,0,2
2025-06-20 13:38:29.003994,7,4,0,13
2025-06-20 13:38:29.003994,8,4,0,23
2025-06-20 13:38:29.003994,9,4,0,21
2025-06-20 13:38:29.003994,10,4,0,3
2025-06-20 13:38:29.003994,11,4,0,39
2025-06-20 13:38:29.003994,12,4,0,23
2025-06-20 13:38:29.003994,13,4,0,49
2025-06-20 13:38:29.003994,14,4,0,3
2025-06-20 13:38:29.003994,15,4,0,1
2025-06-20 13:38:29.003994,16,4,0,3
2025-06-20 13:38:29.003994,17,4,0,57
2025-06-20 13:38:29.003994,18,4,0,45
2025-06-20 13:38:29.003994,19,4,0,54
2025-06-20 13:38:29.003994,20,4,0,35
2025-06-20 13:38:29.003994,21,4,0,3
2025-06-20 13:38:29.003994,22,4,0,0
2025-06-20 13:38:29.003994,23,4,0,4
2025-06-21 13:38:29.003994,0,5,1,4
2025-06-21 13:38:29.003994,1,5,1,3
2025-06-21 13:38:29.003994,2,5,1,4
2025-06-21 13:38:29.003994,3,5,1,1
2025-06-21 13:38:29.003994,4,5,1,1
2025-06-21 13:38:29.003994,5,5,1,3
2025-06-21 13:38:29.003994,6,5,1,0
2025-06-21 13:38:29.003994,7,5,1,19
2025-06-21 13:38:29.003994,8,5,1,15
2025-06-21 13:38:29.003994,9,5,1,24
2025-06-21 13:38:29.003994,10,5,1,1
2025-06-21 13:38:29.003994,11,5,1,58
2025-06-21 13:38:29.003994,12,5,1,43
2025-06-21 13:38:29.003994,13,5,1,46
2025-06-21 13:38:29.003994,14,5,1,0
2025-06-21 13:38:29.003994,15,5,1,6
2025-06-21 13:38:29.003994,16,5,1,1
2025-06-21 13:38:29.003994,17,5,1,70
2025-06-21 13:38:29.003994,18,5,1,48
2025-06-21 13:38:29.003994,19,5,1,99
2025-06-21 13:38:29.003994,20,5,1,72
2025-06-21 13:38:29.003994,21,5,1,3
2025-06-21 13:38:29.003994,22,5,1,0
2025-06-21 13:38:29.003994,23,5,1,6
2025-06-22 13:38:29.003994,0,6,1,4
2025-06-22 13:38:29.003994,1,6,1,0
2025-06-22 13:38:29.003994,2,6,1,6
2025-06-22 13:38:29.003994,3,6,1,0
2025-06-22 13:38:29.003994,4,6,1,0
2025-06-22 13:38:29.003994,5,6,1,1
2025-06-22 13:38:29.003994,6,6,1,6
2025-06-22 13:38:29.003994,7,6,1,28
2025-06-22 13:38:29.003994,8,6,1,24
2025-06-22 13:38:29.003994,9,6,1,39
2025-06-22 13:38:29.003994,10,6,1,6
2025-06-22 13:38:29.003994,11,6,1,31
2025-06-22 13:38:29.003994,12,6,1,67
2025-06-22 13:38:29.003994,13,6,1,42
2025-06-22 13:38:29.003994,14,6,1,0
2025-06-22 13:38:29.003994,15,6,1,0
2025-06-22 13:38:29.003994,16,6,1,1
2025-06-22 13:38:29.003994,17,6,1,45
2025-06-22 13:38:29.003994,18,6,1,75
2025-06-22 13:38:29.003994,19,6,1,46
2025-06-22 13:38:29.003994,20,6,1,46
2025-06-22 13:38:29.003994,21,6,1,1
2025-06-22 13:38:29.003994,22,6,1,1
2025-06-22 13:38:29.003994,23,6,1,3
2025-06-23 13:38:29.003994,0,0,0,4
2025-06-23 13:38:29.003994,1,0,0,3
2025-06-23 13:38:29.003994,2,0,0,3
2025-06-23 13:38:29.003994,3,0,0,2
2025-06-23 13:38:29.003994,4,0,0,1
2025-06-23 13:38:29.003994,5,0,0,2
2025-06-23 13:38:29.003994,6,0,0,2
2025-06-23 13:38:29.003994,7,0,0,16
2025-06-23 13:38:29.003994,8,0,0,29
2025-06-23 13:38:29.003994,9,0,0,13
2025-06-23 13:38:29.003994,10,0,0,3
2025-06-23 13:38:29.003994,11,0,0,34
2025-06-23 13:38:29.003994,12,0,0,47
2025-06-23 13:38:29.003994,13,0,0,48
2025-06-23 13:38:29.003994,14,0,0,0
2025-06-23 13:38:29.003994,15,0,0,1
2025-06-23 13:38:29.003994,16,0,0,3
2025-06-23 13:38:29.003994,17,0,0,78
2025-06-23 13:38:29.003994,18,0,0,54
2025-06-23 13:38:29.003994,19,0,0,37
2025-06-23 13:38:29.003994,20,0,0,62
2025-06-23 13:38:29.003994,21,0,0,1
2025-06-23 13:38:29.003994,22,0,0,3
2025-06-23 13:38:29.003994,23,0,0,2
2025-06-24 13:38:29.003994,0,1,0,3
2025-06-24 13:38:29.003994,1,1,0,0
2025-06-24 13:38:29.003994,2,1,0,2
2025-06-24 13:38:29.003994,3,1,0,1
2025-06-24 13:38:29.003994,4,1,0,2
2025-06-24 13:38:29.003994,5,1,0,2
2025-06-24 13:38:29.003994,6,1,0,4
2025-06-24 13:38:29.003994,7,1,0,20
2025-06-24 13:38:29.003994,8,1,0,19
2025-06-24 13:38:29.003994,9,1,0,18
2025-06-24 13:38:29.003994,10,1,0,3
2025-06-24 13:38:29.003994,11,1,0,40
2025-06-24 13:38:29.003994,12,1,0,34
2025-06-24 13:38:29.003994,13,1,0,29
2025-06-24 13:38:29.003994,14,1,0,3
2025-06-24 13:38:29.003994,15,1,0,3
2025-06-24 13:38:29.003994,16,1,0,3
2025-06-24 13:38:29.003994,17,1,0,36
2025-06-24 13:38:29.003994,18,1,0,74
2025-06-24 13:38:29.003994,19,1,0,56
2025-06-24 13:38:29.003994,20,1,0,72
2025-06-24 13:38:29.003994,21,1,0,0
2025-06-24 13:38:29.003994,22,1,0,3
2025-06-24 13:38:29.003994,23,1,0,0
2025-06-25 13:38:29.003994,0,2,0,4
2025-06-25 13:38:29.003994,1,2,0,3
2025-06-25 13:38:29.003994,2,2,0,2
2025-06-25 13:38:29.003994,3,2,0,4
2025-06-25 13:38:29.003994,4,2,0,3
2025-06-25 13:38:29.003994,5,2,0,2
2025-06-25 13:38:29.003994,6,2,0,0
2025-06-25 13:38:29.003994,7,2,0,20
2025-06-25 13:38:29.003994,8,2,0,22
2025-06-25 13:38:29.003994,9,2,0,22
2025-06-25 13:38:29.003994,10,2,0,1
2025-06-25 13:38:29.003994,11,2,0,47
2025-06-25 13:38:29.003994,12,2,0,46
2025-06-25 13:38:29.003994,13,2,0,24
2025-06-25 13:38:29.003994,14,2,0,0
2025-06-25 13:38:29.003994,15,2,0,2
2025-06-25 13:38:29.003994,16,2,0,0
2025-06-25 13:38:29.003994,17,2,0,54
2025-06-25 13:38:29.003994,18,2,0,63
2025-06-25 13:38:29.003994,19,2,0,34
2025-06-25 13:38:29.003994,20,2,0,57
2025-06-25 13:38:29.003994,21,2,0,4
2025-06-25 13:38:29.003994,22,2,0,0
2025-06-25 13:38:29.003994,23,2,0,3
2025-06-26 13:38:29.003994,0,3,0,1
2025-06-26 13:38:29.003994,1,3,0,2
2025-06-26 13:38:29.003994,2,3,0,3
2025-06-26 13:38:29.003994,3,3,0,3
2025-06-26 13:38:29.003994,4,3,0,0
2025-06-26 13:38:29.003994,5,3,0,2
2025-06-26 13:38:29.003994,6,3,0,1
2025-06-26 13:38:29.003994,7,3,0,21
2025-06-26 13:38:29.003994,8,3,0,11
2025-06-26 13:38:29.003994,9,3,0,21
2025-06-26 13:38:29.003994,10,3,0,3
2025-06-26 13:38:29.003994,11,3,0,35
2025-06-26 13:38:29.003994,12,3,0,47
2025-06-26 13:38:29.003994,13,3,0,49
2025-06-26 13:38:29.003994,14,3,0,0
2025-06-26 13:38:29.003994,15,3,0,4
2025-06-26 13:38:29.003994,16,3,0,2
2025-06-26 13:38:29.003994,17,3,0,63
2025-06-26 13:38:29.003994,18,3,0,76
2025-06-26 13:38:29.003994,19,3,0,40
2025-06-26 13:38:29.003994,20,3,0,52
2025-06-26 13:38:29.003994,21,3,0,0
2025-06-26 13:38:29.003994,22,3,0,4
2025-06-26 13:38:29.003994,23,3,0,3
2025-06-27 13:38:29.003994,0,4,0,2
2025-06-27 13:38:29.003994,1,4,0,2
2025-06-27 13:38:29.003994,2,4,0,2
2025-06-27 13:38:29.003994,3,4,0,0
2025-06-27 13:38:29.003994,4,4,0,3
2025-06-27 13:38:29.003994,5,4,0,4
2025-06-27 13:38:29.003994,6,4,0,1
2025-06-27 13:38:29.003994,7,4,0,12
2025-06-27 13:38:29.003994,8,4,0,24
2025-06-27 13:38:29.003994,9,4,0,29
2025-06-27 13:38:29.003994,10,4,0,3
2025-06-27 13:38:29.003994,11,4,0,27
2025-06-27 13:38:29.003994,12,4,0,23
2025-06-27 13:38:29.003994,13,4,0,44
2025-06-27 13:38:29.003994,14,4,0,4
2025-06-27 13:38:29.003994,15,4,0,2
2025-06-27 13:38:29.003994,16,4,0,0
2025-06-27 13:38:29.003994,17,4,0,75
2025-06-27 13:38:29.003994,18,4,0,43
2025-06-27 13:38:29.003994,19,4,0,41
2025-06-27 13:38:29.003994,20,4,0,68
2025-06-27 13:38:29.003994,21,4,0,0
2025-06-27 13:38:29.003994,22,4,0,2
2025-06-27 13:38:29.003994,23,4,0,3
2025-06-28 13:38:29.003994,0,5,1,6
2025-06-28 13:38:29.003994,1,5,1,1
2025-06-28 13:38:29.003994,2,5,1,3
2025-06-28 13:38:29.003994,3,5,1,0
2025-06-28 13:38:29.003994,4,5,1,3
2025-06-28 13:38:29.003994,5,5,1,3
2025-06-28 13:38:29.003994,6,5,1,3
2025-06-28 13:38:29.003994,7,5,1,16
2025-06-28 13:38:29.003994,8,5,1,25
2025-06-28 13:38:29.003994,9,5,1,42
2025-06-28 13:38:29.003994,10,5,1,3
2025-06-28 13:38:29.003994,11,5,1,54
2025-06-28 13:38:29.003994,12,5,1,40
2025-06-28 13:38:29.003994,13,5,1,37
2025-06-28 13:38:29.003994,14,5,1,0
2025-06-28 13:38:29.003994,15,5,1,3
2025-06-28 13:38:29.003994,16,5,1,3
2025-06-28 13:38:29.003994,17,5,1,106
2025-06-28 13:38:29.003994,18,5,1,57
2025-06-28 13:38:29.003994,19,5,1,73
2025-06-28 13:38:29.003994,20,5,1,54
2025-06-28 13:38:29.003994,21,5,1,0
2025-06-28 13:38:29.003994,22,5,1,3
2025-06-28 13:38:29.003994,23,5,1,4
2025-06-29 13:38:29.003994,0,6,1,0
2025-06-29 13:38:29.003994,1,6,1,4
2025-06-29 13:38:29.003994,2,6,1,3
2025-06-29 13:38:29.003994,3,6,1,4
2025-06-29 13:38:29.003994,4,6,1,6
2025-06-29 13:38:29.003994,5,6,1,6
2025-06-29 13:38:29.003994,6,6,1,4
2025-06-29 13:38:29.003994,7,6,1,27
2025-06-29 13:38:29.003994,8,6,1,43
2025-06-29 13:38:29.003994,9,6,1,34
2025-06-29 13:38:29.003994,10,6,1,3
2025-06-29 13:38:29.003994,11,6,1,33
2025-06-29 13:38:29.003994,12,6,1,69
2025-06-29 13:38:29.003994,13,6,1,34
2025-06-29 13:38:29.003994,14,6,1,3
2025-06-29 13:38:29.003994,15,6,1,4
2025-06-29 13:38:29.003994,16,6,1,4
2025-06-29 13:38:29.003994,17,6,1,105
2025-06-29 13:38:29.003994,18,6,1,112
2025-06-29 13:38:29.003994,19,6,1,67
2025-06-29 13:38:29.003994,20,6,1,117
2025-06-29 13:38:29.003994,21,6,1,4
2025-06-29 13:38:29.003994,22,6,1,3
2025-06-29 13:38:29.003994,23,6,1,3
2025-06-30 13:38:29.003994,0,0,0,1
2025-06-30 13:38:29.003994,1,0,0,4
2025-06-30 13:38:29.003994,2,0,0,4
2025-06-30 13:38:29.003994,3,0,0,4
2025-06-30 13:38:29.003994,4,0,0,3
2025-06-30 13:38:29.003994,5,0,0,4
2025-06-30 13:38:29.003994,6,0,0,2
2025-06-30 13:38:29.003994,7,0,0,10
2025-06-30 13:38:29.003994,8,0,0,18
2025-06-30 13:38:29.003994,9,0,0,18
2025-06-30 13:38:29.003994,10,0,0,3
2025-06-30 13:38:29.003994,11,0,0,36
2025-06-30 13:38:29.003994,12,0,0,43
2025-06-30 13:38:29.003994,13,0,0,27
2025-06-30 13:38:29.003994,14,0,0,4
2025-06-30 13:38:29.003994,15,0,0,3
2025-06-30 13:38:29.003994,16,0,0,3
2025-06-30 13:38:29.003994,17,0,0,48
2025-06-30 13:38:29.003994,18,0,0,58
2025-06-30 13:38:29.003994,19,0,0,67
2025-06-30 13:38:29.003994,20,0,0,58
2025-06-30 13:38:29.003994,21,0,0,2
2025-06-30 13:38:29.003994,22,0,0,3
2025-06-30 13:38:29.003994,23,0,0,3
2025-07-01 13:38:29.003994,0,1,0,3
2025-07-01 13:38:29.003994,1,1,0,3
2025-07-01 13:38:29.003994,2,1,0,3
2025-07-01 13:38:29.003994,3,1,0,4
2025-07-01 13:38:29.003994,4,1,0,2
2025-07-01 13:38:29.003994,5,1,0,3
2025-07-01 13:38:29.003994,6,1,0,1
2025-07-01 13:38:29.003994,7,1,0,18
2025-07-01 13:38:29.003994,8,1,0,17
2025-07-01 13:38:29.003994,9,1,0,27
2025-07-01 13:38:29.003994,10,1,0,0
2025-07-01 13:38:29.003994,11,1,0,31
2025-07-01 13:38:29.003994,12,1,0,46
2025-07-01 13:38:29.003994,13,1,0,47
2025-07-01 13:38:29.003994,14,1,0,1
2025-07-01 13:38:29.003994,15,1,0,0
2025-07-01 13:38:29.003994,16,1,0,0
2025-07-01 13:38:29.003994,17,1,0,74
2025-07-01 13:38:29.003994,18,1,0,64
2025-07-01 13:38:29.003994,19,1,0,77
2025-07-01 13:38:29.003994,20,1,0,49
2025-07-01 13:38:29.003994,21,1,0,0
2025-07-01 13:38:29.003994,22,1,0,4
2025-07-01 13:38:29.003994,23,1,0,4
2025-07-02 13:38:29.003994,0,2,0,0
2025-07-02 13:38:29.003994,1,2,0,0
2025-07-02 13:38:29.003994,2,2,0,2
2025-07-02 13:38:29.003994,3,2,0,3
2025-07-02 13:38:29.003994,4,2,0,3
2025-07-02 13:38:29.003994,5,2,0,0
2025-07-02 13:38:29.003994,6,2,0,1
2025-07-02 13:38:29.003994,7,2,0,26
2025-07-02 13:38:29.003994,8,2,0,20
2025-07-02 13:38:29.003994,9,2,0,18
2025-07-02 13:38:29.003994,10,2,0,4
2025-07-02 13:38:29.003994,11,2,0,28
2025-07-02 13:38:29.003994,12,2,0,43
2025-07-02 13:38:29.003994,13,2,0,38
2025-07-02 13:38:29.003994,14,2,0,2
2025-07-02 13:38:29.003994,15,2,0,0
2025-07-02 13:38:29.003994,16,2,0,4
2025-07-02 13:38:29.003994,17,2,0,75
2025-07-02 13:38:29.003994,18,2,0,40
2025-07-02 13:38:29.003994,19,2,0,75
2025-07-02 13:38:29.003994,20,2,0,30
2025-07-02 13:38:29.003994,21,2,0,3
2025-07-02 13:38:29.003994,22,2,0,2
2025-07-02 13:38:29.003994,23,2,0,3
2025-07-03 13:38:29.003994,0,3,0,4
2025-07-03 13:38:29.003994,1,3,0,4
2025-07-03 13:38:29.003994,2,3,0,4
2025-07-03 13:38:29.003994,3,3,0,3
2025-07-03 13:38:29.003994,4,3,0,4
2025-07-03 13:38:29.003994,5,3,0,0
2025-07-03 13:38:29.003994,6,3,0,4
2025-07-03 13:38:29.003994,7,3,0,16
2025-07-03 13:38:29.003994,8,3,0,14
2025-07-03 13:38:29.003994,9,3,0,23
2025-07-03 13:38:29.003994,10,3,0,4
2025-07-03 13:38:29.003994,11,3,0,34
2025-07-03 13:38:29.003994,12,3,0,37
2025-07-03 13:38:29.003994,13,3,0,21
2025-07-03 13:38:29.003994,14,3,0,3
2025-07-03 13:38:29.003994,15,3,0,0
2025-07-03 13:38:29.003994,16,3,0,3
2025-07-03 13:38:29.003994,17,3,0,66
2025-07-03 13:38:29.003994,18,3,0,76
2025-07-03 13:38:29.003994,19,3,0,69
2025-07-03 13:38:29.003994,20,3,0,78
2025-07-03 13:38:29.003994,21,3,0,0
2025-07-03 13:38:29.003994,22,3,0,3
2025-07-03 13:38:29.003994,23,3,0,1
2025-07-04 13:38:29.003994,0,4,0,2
2025-07-04 13:38:29.003994,1,4,0,0
2025-07-04 13:38:29.003994,2,4,0,1
2025-07-04 13:38:29.003994,3,4,0,4
2025-07-04 13:38:29.003994,4,4,0,0
2025-07-04 13:38:29.003994,5,4,0,1
2025-07-04 13:38:29.003994,6,4,0,1
2025-07-04 13:38:29.003994,7,4,0,20
2025-07-04 13:38:29.003994,8,4,0,19
2025-07-04 13:38:29.003994,9,4,0,28
2025-07-04 13:38:29.003994,10,4,0,0
2025-07-04 13:38:29.003994,11,4,0,26
2025-07-04 13:38:29.003994,12,4,0,22
2025-07-04 13:38:29.003994,13,4,0,25
2025-07-04 13:38:29.003994,14,4,0,2
2025-07-04 13:38:29.003994,15,4,0,4
2025-07-04 13:38:29.003994,16,4,0,1
2025-07-04 13:38:29.003994,17,4,0,67
2025-07-04 13:38:29.003994,18,4,0,45
2025-07-04 13:38:29.003994,19,4,0,46
2025-07-04 13:38:29.003994,20,4,0,41
2025-07-04 13:38:29.003994,21,4,0,2
2025-07-04 13:38:29.003994,22,4,0,2
2025-07-04 13:38:29.003994,23,4,0,0
2025-07-05 13:38:29.003994,0,5,1,6
2025-07-05 13:38:29.003994,1,5,1,1
2025-07-05 13:38:29.003994,2,5,1,6
2025-07-05 13:38:29.003994,3,5,1,6
2025-07-05 13:38:29.003994,4,5,1,0
2025-07-05 13:38:29.003994,5,5,1,0
2025-07-05 13:38:29.003994,6,5,1,0
2025-07-05 13:38:29.003994,7,5,1,30
2025-07-05 13:38:29.003994,8,5,1,19
2025-07-05 13:38:29.003994,9,5,1,33
2025-07-05 13:38:29.003994,10,5,1,0
2025-07-05 13:38:29.003994,11,5,1,37
2025-07-05 13:38:29.003994,12,5,1,73
2025-07-05 13:38:29.003994,13,5,1,46
2025-07-05 13:38:29.003994,14,5,1,1
2025-07-05 13:38:29.003994,15,5,1,3
2025-07-05 13:38:29.003994,16,5,1,3
2025-07-05 13:38:29.003994,17,5,1,109
2025-07-05 13:38:29.003994,18,5,1,78
2025-07-05 13:38:29.003994,19,5,1,115
2025-07-05 13:38:29.003994,20,5,1,97
2025-07-05 13:38:29.003994,21,5,1,4
2025-07-05 13:38:29.003994,22,5,1,0
2025-07-05 13:38:29.003994,23,5,1,1
2025-07-06 13:38:29.003994,0,6,1,4
2025-07-06 13:38:29.003994,1,6,1,6
2025-07-06 13:38:29.003994,2,6,1,4
2025-07-06 13:38:29.003994,3,6,1,6
2025-07-06 13:38:29.003994,4,6,1,0
2025-07-06 13:38:29.003994,5,6,1,0
2025-07-06 13:38:29.003994,6,6,1,4
2025-07-06 13:38:29.003994,7,6,1,28
2025-07-06 13:38:29.003994,8,6,1,40
2025-07-06 13:38:29.003994,9,6,1,18
2025-07-06 13:38:29.003994,10,6,1,3
2025-07-06 13:38:29.003994,11,6,1,73
2025-07-06 13:38:29.003994,12,6,1,54
2025-07-06 13:38:29.003994,13,6,1,37
2025-07-06 13:38:29.003994,14,6,1,6
2025-07-06 13:38:29.003994,15,6,1,1
2025-07-06 13:38:29.003994,16,6,1,4
2025-07-06 13:38:29.003994,17,6,1,100
2025-07-06 13:38:29.003994,18,6,1,90
2025-07-06 13:38:29.003994,19,6,1,117
2025-07-06 13:38:29.003994,20,6,1,118
2025-07-06 13:38:29.003994,21,6,1,6
2025-07-06 13:38:29.003994,22,6,1,3
2025-07-06 13:38:29.003994,23,6,1,3
2025-07-07 13:38:29.003994,0,0,0,2
2025-07-07 13:38:29.003994,1,0,0,4
2025-07-07 13:38:29.003994,2,0,0,3
2025-07-07 13:38:29.003994,3,0,0,1
2025-07-07 13:38:29.003994,4,0,0,2
2025-07-07 13:38:29.003994,5,0,0,2
2025-07-07 13:38:29.003994,6,0,0,2
2025-07-07 13:38:29.003994,7,0,0,28
2025-07-07 13:38:29.003994,8,0,0,15
2025-07-07 13:38:29.003994,9,0,0,24
2025-07-07 13:38:29.003994,10,0,0,4
2025-07-07 13:38:29.003994,11,0,0,24
2025-07-07 13:38:29.003994,12,0,0,48
2025-07-07 13:38:29.003994,13,0,0,29
2025-07-07 13:38:29.003994,14,0,0,3
2025-07-07 13:38:29.003994,15,0,0,4
2025-07-07 13:38:29.003994,16,0,0,2
2025-07-07 13:38:29.003994,17,0,0,47
2025-07-07 13:38:29.003994,18,0,0,38
2025-07-07 13:38:29.003994,19,0,0,58
2025-07-07 13:38:29.003994,20,0,0,76
2025-07-07 13:38:29.003994,21,0,0,3
2025-07-07 13:38:29.003994,22,0,0,0
2025-07-07 13:38:29.003994,23,0,0,4
2025-07-08 13:38:29.003994,0,1,0,3
2025-07-08 13:38:29.003994,1,1,0,4
2025-07-08 13:38:29.003994,2,1,0,4
2025-07-08 13:38:29.003994,3,1,0,0
2025-07-08 13:38:29.003994,4,1,0,0
2025-07-08 13:38:29.003994,5,1,0,4
2025-07-08 13:38:29.003994,6,1,0,1
2025-07-08 13:38:29.003994,7,1,0,28
2025-07-08 13:38:29.003994,8,1,0,19
2025-07-08 13:38:29.003994,9,1,0,22
2025-07-08 13:38:29.003994,10,1,0,2
2025-07-08 13:38:29.003994,11,1,0,36
2025-07-08 13:38:29.003994,12,1,0,33
2025-07-08 13:38:29.003994,13,1,0,40
2025-07-08 13:38:29.003994,14,1,0,3
2025-07-08 13:38:29.003994,15,1,0,2
2025-07-08 13:38:29.003994,16,1,0,3
2025-07-08 13:38:29.003994,17,1,0,30
2025-07-08 13:38:29.003994,18,1,0,53
2025-07-08 13:38:29.003994,19,1,0,64
2025-07-08 13:38:29.003994,20,1,0,76
2025-07-08 13:38:29.003994,21,1,0,1
2025-07-08 13:38:29.003994,22,1,0,2
2025-07-08 13:38:29.003994,23,1,0,3
2025-07-09 13:38:29.003994,0,2,0,2
2025-07-09 13:38:29.003994,1,2,0,4
2025-07-09 13:38:29.003994,2,2,0,0
2025-07-09 13:38:29.003994,3,2,0,2
2025-07-09 13:38:29.003994,4,2,0,3
2025-07-09 13:38:29.003994,5,2,0,1
2025-07-09 13:38:29.003994,6,2,0,0
2025-07-09 13:38:29.003994,7,2,0,28
2025-07-09 13:38:29.003994,8,2,0,16
2025-07-09 13:38:29.003994,9,2,0,17
2025-07-09 13:38:29.003994,10,2,0,3
2025-07-09 13:38:29.003994,11,2,0,36
2025-07-09 13:38:29.003994,12,2,0,23
2025-07-09 13:38:29.003994,13,2,0,46
2025-07-09 13:38:29.003994,14,2,0,4
2025-07-09 13:38:29.003994,15,2,0,1
2025-07-09 13:38:29.003994,16,2,0,2
2025-07-09 13:38:29.003994,17,2,0,76
2025-07-09 13:38:29.003994,18,2,0,50
2025-07-09 13:38:29.003994,19,2,0,68
2025-07-09 13:38:29.003994,20,2,0,34
2025-07-09 13:38:29.003994,21,2,0,0
2025-07-09 13:38:29.003994,22,2,0,3
2025-07-09 13:38:29.003994,23,2,0,0
2025-07-10 13:38:29.003994,0,3,0,1
2025-07-10 13:38:29.003994,1,3,0,3
2025-07-10 13:38:29.003994,2,3,0,0
2025-07-10 13:38:29.003994,3,3,0,2
2025-07-10 13:38:29.003994,4,3,0,2
2025-07-10 13:38:29.003994,5,3,0,1
2025-07-10 13:38:29.003994,6,3,0,3
2025-07-10 13:38:29.003994,7,3,0,29
2025-07-10 13:38:29.003994,8,3,0,13
2025-07-10 13:38:29.003994,9,3,0,10
2025-07-10 13:38:29.003994,10,3,0,2
2025-07-10 13:38:29.003994,11,3,0,44
2025-07-10 13:38:29.003994,12,3,0,37
2025-07-10 13:38:29.003994,13,3,0,38
2025-07-10 13:38:29.003994,14,3,0,4
2025-07-10 13:38:29.003994,15,3,0,2
2025-07-10 13:38:29.003994,16,3,0,1
2025-07-10 13:38:29.003994,17,3,0,76
2025-07-10 13:38:29.003994,18,3,0,36
2025-07-10 13:38:29.003994,19,3,0,64
2025-07-10 13:38:29.003994,20,3,0,37
2025-07-10 13:38:29.003994,21,3,0,3
2025-07-10 13:38:29.003994,22,3,0,4
2025-07-10 13:38:29.003994,23,3,0,0
2025-07-11 13:38:29.003994,0,4,0,0
2025-07-11 13:38:29.003994,1,4,0,0
2025-07-11 13:38:29.003994,2,4,0,0
2025-07-11 13:38:29.003994,3,4,0,2
2025-07-11 13:38:29.003994,4,4,0,2
2025-07-11 13:38:29.003994,5,4,0,2
2025-07-11 13:38:29.003994,6,4,0,4
2025-07-11 13:38:29.003994,7,4,0,24
2025-07-11 13:38:29.003994,8,4,0,25
2025-07-11 13:38:29.003994,9,4,0,20
2025-07-11 13:38:29.003994,10,4,0,2
2025-07-11 13:38:29.003994,11,4,0,29
2025-07-11 13:38:29.003994,12,4,0,35
2025-07-11 13:38:29.003994,13,4,0,21
2025-07-11 13:38:29.003994,14,4,0,0
2025-07-11 13:38:29.003994,15,4,0,2
2025-07-11 13:38:29.003994,16,4,0,0
2025-07-11 13:38:29.003994,17,4,0,48
2025-07-11 13:38:29.003994,18,4,0,37
2025-07-11 13:38:29.003994,19,4,0,78
2025-07-11 13:38:29.003994,20,4,0,30
2025-07-11 13:38:29.003994,21,4,0,3
2025-07-11 13:38:29.003994,22,4,0,0
2025-07-11 13:38:29.003994,23,4,0,4
2025-07-12 13:38:29.003994,0,5,1,0
2025-07-12 13:38:29.003994,1,5,1,6
2025-07-12 13:38:29.003994,2,5,1,6
2025-07-12 13:38:29.003994,3,5,1,6
2025-07-12 13:38:29.003994,4,5,1,4
2025-07-12 13:38:29.003994,5,5,1,0
2025-07-12 13:38:29.003994,6,5,1,0
2025-07-12 13:38:29.003994,7,5,1,18
2025-07-12 13:38:29.003994,8,5,1,25
2025-07-12 13:38:29.003994,9,5,1,16
2025-07-12 13:38:29.003994,10,5,1,4
2025-07-12 13:38:29.003994,11,5,1,33
2025-07-12 13:38:29.003994,12,5,1,49
2025-07-12 13:38:29.003994,13,5,1,48
2025-07-12 13:38:29.003994,14,5,1,6
2025-07-12 13:38:29.003994,15,5,1,1
2025-07-12 13:38:29.003994,16,5,1,6
2025-07-12 13:38:29.003994,17,5,1,72
2025-07-12 13:38:29.003994,18,5,1,100
2025-07-12 13:38:29.003994,19,5,1,103
2025-07-12 13:38:29.003994,20,5,1,94
2025-07-12 13:38:29.003994,21,5,1,1
2025-07-12 13:38:29.003994,22,5,1,4
2025-07-12 13:38:29.003994,23,5,1,4
2025-07-13 13:38:29.003994,0,6,1,1
2025-07-13 13:38:29.003994,1,6,1,1
2025-07-13 13:38:29.003994,2,6,1,1
2025-07-13 13:38:29.003994,3,6,1,6
2025-07-13 13:38:29.003994,4,6,1,4
2025-07-13 13:38:29.003994,5,6,1,1
2025-07-13 13:38:29.003994,6,6,1,3
2025-07-13 13:38:29.003994,7,6,1,24
2025-07-13 13:38:29.003994,8,6,1,24
2025-07-13 13:38:29.003994,9,6,1,39
2025-07-13 13:38:29.003994,10,6,1,0
2025-07-13 13:38:29.003994,11,6,1,48
2025-07-13 13:38:29.003994,12,6,1,57
2025-07-13 13:38:29.003994,13,6,1,57
2025-07-13 13:38:29.003994,14,6,1,0
2025-07-13 13:38:29.003994,15,6,1,0
2025-07-13 13:38:29.003994,16,6,1,0
2025-07-13 13:38:29.003994,17,6,1,58
2025-07-13 13:38:29.003994,18,6,1,55
2025-07-13 13:38:29.003994,19,6,1,73
2025-07-13 13:38:29.003994,20,6,1,64
2025-07-13 13:38:29.003994,21,6,1,1
2025-07-13 13:38:29.003994,22,6,1,4
2025-07-13 13:38:29.003994,23,6,1,4
2025-07-14 13:38:29.003994,0,0,0,4
2025-07-14 13:38:29.003994,1,0,0,3
2025-07-14 13:38:29.003994,2,0,0,4
2025-07-14 13:38:29.003994,3,0,0,2
2025-07-14 13:38:29.003994,4,0,0,1
2025-07-14 13:38:29.003994,5,0,0,3
2025-07-14 13:38:29.003994,6,0,0,1
2025-07-14 13:38:29.003994,7,0,0,11
2025-07-14 13:38:29.003994,8,0,0,18
2025-07-14 13:38:29.003994,9,0,0,26
2025-07-14 13:38:29.003994,10,0,0,0
2025-07-14 13:38:29.003994,11,0,0,45
2025-07-14 13:38:29.003994,12,0,0,45
2025-07-14 13:38:29.003994,13,0,0,41
2025-07-14 13:38:29.003994,14,0,0,0
2025-07-14 13:38:29.003994,15,0,0,1
2025-07-14 13:38:29.003994,16,0,0,0
2025-07-14 13:38:29.003994,17,0,0,73
2025-07-14 13:38:29.003994,18,0,0,58
2025-07-14 13:38:29.003994,19,0,0,40
2025-07-14 13:38:29.003994,20,0,0,30
2025-07-14 13:38:29.003994,21,0,0,2
2025-07-14 13:38:29.003994,22,0,0,2
2025-07-14 13:38:29.003994,23,0,0,0
2025-07-15 13:38:29.003994,0,1,0,2
2025-07-15 13:38:29.003994,1,1,0,1
2025-07-15 13:38:29.003994,2,1,0,3
2025-07-15 13:38:29.003994,3,1,0,3
2025-07-15 13:38:29.003994,4,1,0,3
2025-07-15 13:38:29.003994,5,1,0,1
2025-07-15 13:38:29.003994,6,1,0,2
2025-07-15 13:38:29.003994,7,1,0,28
2025-07-15 13:38:29.003994,8,1,0,15
2025-07-15 13:38:29.003994,9,1,0,28
2025-07-15 13:38:29.003994,10,1,0,4
2025-07-15 13:38:29.003994,11,1,0,45
2025-07-15 13:38:29.003994,12,1,0,48
2025-07-15 13:38:29.003994,13,1,0,47
2025-07-15 13:38:29.003994,14,1,0,2
2025-07-15 13:38:29.003994,15,1,0,0
2025-07-15 13:38:29.003994,16,1,0,1
2025-07-15 13:38:29.003994,17,1,0,50
2025-07-15 13:38:29.003994,18,1,0,42
2025-07-15 13:38:29.003994,19,1,0,62
2025-07-15 13:38:29.003994,20,1,0,40
2025-07-15 13:38:29.003994,21,1,0,0
2025-07-15 13:38:29.003994,22,1,0,3
2025-07-15 13:38:29.003994,23,1,0,0
2025-07-16 13:38:29.003994,0,2,0,0
2025-07-16 13:38:29.003994,1,2,0,4
2025-07-16 13:38:29.003994,2,2,0,3
2025-07-16 13:38:29.003994,3,2,0,2
2025-07-16 13:38:29.003994,4,2,0,2
2025-07-16 13:38:29.003994,5,2,0,3
2025-07-16 13:38:29.003994,6,2,0,4
2025-07-16 13:38:29.003994,7,2,0,26
2025-07-16 13:38:29.003994,8,2,0,25
2025-07-16 13:38:29.003994,9,2,0,18
2025-07-16 13:38:29.003994,10,2,0,2
2025-07-16 13:38:29.003994,11,2,0,33
2025-07-16 13:38:29.003994,12,2,0,31
2025-07-16 13:38:29.003994,13,2,0,47
2025-07-16 13:38:29.003994,14,2,0,0
2025-07-16 13:38:29.003994,15,2,0,4
2025-07-16 13:38:29.003994,16,2,0,1
2025-07-16 13:38:29.003994,17,2,0,42
2025-07-16 13:38:29.003994,18,2,0,60
2025-07-16 13:38:29.003994,19,2,0,45
2025-07-16 13:38:29.003994,20,2,0,38
2025-07-16 13:38:29.003994,21,2,0,2
2025-07-16 13:38:29.003994,22,2,0,0
2025-07-16 13:38:29.003994,23,2,0,3
2025-07-17 13:38:29.003994,0,3,0,4
2025-07-17 13:38:29.003994,1,3,0,4
2025-07-17 13:38:29.003994,2,3,0,4
2025-07-17 13:38:29.003994,3,3,0,1
2025-07-17 13:38:29.003994,4,3,0,0
2025-07-17 13:38:29.003994,5,3,0,3
2025-07-17 13:38:29.003994,6,3,0,1
2025-07-17 13:38:29.003994,7,3,0,15
2025-07-17 13:38:29.003994,8,3,0,21
2025-07-17 13:38:29.003994,9,3,0,17
2025-07-17 13:38:29.003994,10,3,0,0
2025-07-17 13:38:29.003994,11,3,0,40
2025-07-17 13:38:29.003994,12,3,0,30
2025-07-17 13:38:29.003994,13,3,0,32
2025-07-17 13:38:29.003994,14,3,0,0
2025-07-17 13:38:29.003994,15,3,0,0
2025-07-17 13:38:29.003994,16,3,0,1
2025-07-17 13:38:29.003994,17,3,0,73
2025-07-17 13:38:29.003994,18,3,0,39
2025-07-17 13:38:29.003994,19,3,0,66
2025-07-17 13:38:29.003994,20,3,0,51
2025-07-17 13:38:29.003994,21,3,0,0
2025-07-17 13:38:29.003994,22,3,0,3
2025-07-17 13:38:29.003994,23,3,0,1
2025-07-18 13:38:29.003994,0,4,0,2
2025-07-18 13:38:29.003994,1,4,0,0
2025-07-18 13:38:29.003994,2,4,0,2
2025-07-18 13:38:29.003994,3,4,0,0
2025-07-18 13:38:29.003994,4,4,0,3
2025-07-18 13:38:29.003994,5,4,0,3
2025-07-18 13:38:29.003994,6,4,0,4
2025-07-18 13:38:29.003994,7,4,0,13
2025-07-18 13:38:29.003994,8,4,0,15
2025-07-18 13:38:29.003994,9,4,0,29
2025-07-18 13:38:29.003994,10,4,0,3
2025-07-18 13:38:29.003994,11,4,0,27
2025-07-18 13:38:29.003994,12,4,0,45
2025-07-18 13:38:29.003994,13,4,0,46
2025-07-18 13:38:29.003994,14,4,0,4
2025-07-18 13:38:29.003994,15,4,0,1
2025-07-18 13:38:29.003994,16,4,0,2
2025-07-18 13:38:29.003994,17,4,0,63
2025-07-18 13:38:29.003994,18,4,0,35
2025-07-18 13:38:29.003994,19,4,0,54
2025-07-18 13:38:29.003994,20,4,0,36
2025-07-18 13:38:29.003994,21,4,0,3
2025-07-18 13:38:29.003994,22,4,0,0
2025-07-18 13:38:29.003994,23,4,0,3
2025-07-19 13:38:29.003994,0,5,1,3
2025-07-19 13:38:29.003994,1,5,1,6
2025-07-19 13:38:29.003994,2,5,1,4
2025-07-19 13:38:29.003994,3,5,1,6
2025-07-19 13:38:29.003994,4,5,1,4
2025-07-19 13:38:29.003994,5,5,1,3
2025-07-19 13:38:29.003994,6,5,1,0
2025-07-19 13:38:29.003994,7,5,1,25
2025-07-19 13:38:29.003994,8,5,1,25
2025-07-19 13:38:29.003994,9,5,1,19
2025-07-19 13:38:29.003994,10,5,1,3
2025-07-19 13:38:29.003994,11,5,1,42
2025-07-19 13:38:29.003994,12,5,1,31
2025-07-19 13:38:29.003994,13,5,1,70
2025-07-19 13:38:29.003994,14,5,1,6
2025-07-19 13:38:29.003994,15,5,1,4
2025-07-19 13:38:29.003994,16,5,1,4
2025-07-19 13:38:29.003994,17,5,1,49
2025-07-19 13:38:29.003994,18,5,1,103
2025-07-19 13:38:29.003994,19,5,1,51
2025-07-19 13:38:29.003994,20,5,1,118
2025-07-19 13:38:29.003994,21,5,1,3
2025-07-19 13:38:29.003994,22,5,1,4
2025-07-19 13:38:29.003994,23,5,1,0
2025-07-20 13:38:29.003994,0,6,1,0
2025-07-20 13:38:29.003994,1,6,1,3
2025-07-20 13:38:29.003994,2,6,1,1
2025-07-20 13:38:29.003994,3,6,1,4
2025-07-20 13:38:29.003994,4,6,1,1
2025-07-20 13:38:29.003994,5,6,1,0
2025-07-20 13:38:29.003994,6,6,1,1
2025-07-20 13:38:29.003994,7,6,1,28
2025-07-20 13:38:29.003994,8,6,1,33
2025-07-20 13:38:29.003994,9,6,1,30
2025-07-20 13:38:29.003994,10,6,1,6
2025-07-20 13:38:29.003994,11,6,1,40
2025-07-20 13:38:29.003994,12,6,1,51
2025-07-20 13:38:29.003994,13,6,1,45
2025-07-20 13:38:29.003994,14,6,1,3
2025-07-20 13:38:29.003994,15,6,1,0
2025-07-20 13:38:29.003994,16,6,1,0
2025-07-20 13:38:29.003994,17,6,1,100
2025-07-20 13:38:29.003994,18,6,1,114
2025-07-20 13:38:29.003994,19,6,1,112
2025-07-20 13:38:29.003994,20,6,1,82
2025-07-20 13:38:29.003994,21,6,1,0
2025-07-20 13:38:29.003994,22,6,1,1
2025-07-20 13:38:29.003994,23,6,1,6
2025-07-21 13:38:29.003994,0,0,0,3
2025-07-21 13:38:29.003994,1,0,0,3
2025-07-21 13:38:29.003994,2,0,0,0
2025-07-21 13:38:29.003994,3,0,0,2
2025-07-21 13:38:29.003994,4,0,0,0
2025-07-21 13:38:29.003994,5,0,0,1
2025-07-21 13:38:29.003994,6,0,0,2
2025-07-21 13:38:29.003994,7,0,0,24
2025-07-21 13:38:29.003994,8,0,0,23
2025-07-21 13:38:29.003994,9,0,0,15
2025-07-21 13:38:29.003994,10,0,0,1
2025-07-21 13:38:29.003994,11,0,0,33
2025-07-21 13:38:29.003994,12,0,0,49
2025-07-21 13:38:29.003994,13,0,0,49
2025-07-21 13:38:29.003994,14,0,0,4
2025-07-21 13:38:29.003994,15,0,0,3
2025-07-21 13:38:29.003994,16,0,0,4
2025-07-21 13:38:29.003994,17,0,0,73
2025-07-21 13:38:29.003994,18,0,0,46
2025-07-21 13:38:29.003994,19,0,0,42
2025-07-21 13:38:29.003994,20,0,0,40
2025-07-21 13:38:29.003994,21,0,0,3
2025-07-21 13:38:29.003994,22,0,0,3
2025-07-21 13:38:29.003994,23,0,0,0
2025-07-22 13:38:29.003994,0,1,0,3
2025-07-22 13:38:29.003994,1,1,0,2
2025-07-22 13:38:29.003994,2,1,0,3
2025-07-22 13:38:29.003994,3,1,0,2
2025-07-22 13:38:29.003994,4,1,0,1
2025-07-22 13:38:29.003994,5,1,0,0
2025-07-22 13:38:29.003994,6,1,0,3
2025-07-22 13:38:29.003994,7,1,0,14
2025-07-22 13:38:29.003994,8,1,0,27
2025-07-22 13:38:29.003994,9,1,0,15
2025-07-22 13:38:29.003994,10,1,0,1
2025-07-22 13:38:29.003994,11,1,0,25
2025-07-22 13:38:29.003994,12,1,0,31
2025-07-22 13:38:29.003994,13,1,0,48
2025-07-22 13:38:29.003994,14,1,0,2
2025-07-22 13:38:29.003994,15,1,0,4
2025-07-22 13:38:29.003994,16,1,0,1
2025-07-22 13:38:29.003994,17,1,0,72
2025-07-22 13:38:29.003994,18,1,0,45
2025-07-22 13:38:29.003994,19,1,0,63
2025-07-22 13:38:29.003994,20,1,0,71
2025-07-22 13:38:29.003994,21,1,0,3
2025-07-22 13:38:29.003994,22,1,0,0
2025-07-22 13:38:29.003994,23,1,0,2
2025-07-23 13:38:29.003994,0,2,0,0
2025-07-23 13:38:29.003994,1,2,0,2
2025-07-23 13:38:29.003994,2,2,0,3
2025-07-23 13:38:29.003994,3,2,0,1
2025-07-23 13:38:29.003994,4,2,0,4
2025-07-23 13:38:29.003994,5,2,0,3
2025-07-23 13:38:29.003994,6,2,0,0
2025-07-23 13:38:29.003994,7,2,0,19
2025-07-23 13:38:29.003994,8,2,0,14
2025-07-23 13:38:29.003994,9,2,0,19
2025-07-23 13:38:29.003994,10,2,0,2
2025-07-23 13:38:29.003994,11,2,0,43
2025-07-23 13:38:29.003994,12,2,0,47
2025-07-23 13:38:29.003994,13,2,0,42
2025-07-23 13:38:29.003994,14,2,0,2
2025-07-23 13:38:29.003994,15,2,0,4
2025-07-23 13:38:29.003994,16,2,0,2
2025-07-23 13:38:29.003994,17,2,0,58
2025-07-23 13:38:29.003994,18,2,0,73
2025-07-23 13:38:29.003994,19,2,0,74
2025-07-23 13:38:29.003994,20,2,0,65
2025-07-23 13:38:29.003994,21,2,0,0
2025-07-23 13:38:29.003994,22,2,0,2
2025-07-23 13:38:29.003994,23,2,0,1
2025-07-24 13:38:29.003994,0,3,0,2
2025-07-24 13:38:29.003994,1,3,0,0
2025-07-24 13:38:29.003994,2,3,0,0
2025-07-24 13:38:29.003994,3,3,0,4
2025-07-24 13:38:29.003994,4,3,0,0
2025-07-24 13:38:29.003994,5,3,0,2
2025-07-24 13:38:29.003994,6,3,0,3
2025-07-24 13:38:29.003994,7,3,0,12
2025-07-24 13:38:29.003994,8,3,0,26
2025-07-24 13:38:29.003994,9,3,0,23
2025-07-24 13:38:29.003994,10,3,0,0
2025-07-24 13:38:29.003994,11,3,0,32
2025-07-24 13:38:29.003994,12,3,0,48
2025-07-24 13:38:29.003994,13,3,0,40
2025-07-24 13:38:29.003994,14,3,0,2
2025-07-24 13:38:29.003994,15,3,0,1
2025-07-24 13:38:29.003994,16,3,0,3
2025-07-24 13:38:29.003994,17,3,0,79
2025-07-24 13:38:29.003994,18,3,0,55
2025-07-24 13:38:29.003994,19,3,0,49
2025-07-24 13:38:29.003994,20,3,0,52
2025-07-24 13:38:29.003994,21,3,0,1
2025-07-24 13:38:29.003994,22,3,0,2
2025-07-24 13:38:29.003994,23,3,0,2
2025-07-25 13:38:29.003994,0,4,0,0
2025-07-25 13:38:29.003994,1,4,0,0
2025-07-25 13:38:29.003994,2,4,0,4
2025-07-25 13:38:29.003994,3,4,0,1
2025-07-25 13:38:29.003994,4,4,0,0
2025-07-25 13:38:29.003994,5,4,0,0
2025-07-25 13:38:29.003994,6,4,0,1
2025-07-25 13:38:29.003994,7,4,0,18
2025-07-25 13:38:29.003994,8,4,0,13
2025-07-25 13:38:29.003994,9,4,0,20
2025-07-25 13:38:29.003994,10,4,0,2
2025-07-25 13:38:29.003994,11,4,0,22
2025-07-25 13:38:29.003994,12,4,0,45
2025-07-25 13:38:29.003994,13,4,0,38
2025-07-25 13:38:29.003994,14,4,0,4
2025-07-25 13:38:29.003994,15,4,0,3
2025-07-25 13:38:29.003994,16,4,0,1
2025-07-25 13:38:29.003994,17,4,0,50
2025-07-25 13:38:29.003994,18,4,0,52
2025-07-25 13:38:29.003994,19,4,0,49
2025-07-25 13:38:29.003994,20,4,0,74
2025-07-25 13:38:29.003994,21,4,0,4
2025-07-25 13:38:29.003994,22,4,0,0
2025-07-25 13:38:29.003994,23,4,0,2
2025-07-26 13:38:29.003994,0,5,1,4
2025-07-26 13:38:29.003994,1,5,1,0
2025-07-26 13:38:29.003994,2,5,1,3
2025-07-26 13:38:29.003994,3,5,1,4
2025-07-26 13:38:29.003994,4,5,1,1
2025-07-26 13:38:29.003994,5,5,1,3
2025-07-26 13:38:29.003994,6,5,1,6
2025-07-26 13:38:29.003994,7,5,1,18
2025-07-26 13:38:29.003994,8,5,1,25
2025-07-26 13:38:29.003994,9,5,1,19
2025-07-26 13:38:29.003994,10,5,1,1
2025-07-26 13:38:29.003994,11,5,1,64
2025-07-26 13:38:29.003994,12,5,1,34
2025-07-26 13:38:29.003994,13,5,1,31
2025-07-26 13:38:29.003994,14,5,1,0
2025-07-26 13:38:29.003994,15,5,1,0
2025-07-26 13:38:29.003994,16,5,1,6
2025-07-26 13:38:29.003994,17,5,1,78
2025-07-26 13:38:29.003994,18,5,1,51
2025-07-26 13:38:29.003994,19,5,1,105
2025-07-26 13:38:29.003994,20,5,1,52
2025-07-26 13:38:29.003994,21,5,1,6
2025-07-26 13:38:29.003994,22,5,1,0
2025-07-26 13:38:29.003994,23,5,1,1
2025-07-27 13:38:29.003994,0,6,1,6
2025-07-27 13:38:29.003994,1,6,1,6
2025-07-27 13:38:29.003994,2,6,1,4
2025-07-27 13:38:29.003994,3,6,1,3
2025-07-27 13:38:29.003994,4,6,1,3
2025-07-27 13:38:29.003994,5,6,1,4
2025-07-27 13:38:29.003994,6,6,1,4
2025-07-27 13:38:29.003994,7,6,1,22
2025-07-27 13:38:29.003994,8,6,1,19
2025-07-27 13:38:29.003994,9,6,1,21
2025-07-27 13:38:29.003994,10,6,1,6
2025-07-27 13:38:29.003994,11,6,1,55
2025-07-27 13:38:29.003994,12,6,1,66
2025-07-27 13:38:29.003994,13,6,1,57
2025-07-27 13:38:29.003994,14,6,1,0
2025-07-27 13:38:29.003994,15,6,1,3
2025-07-27 13:38:29.003994,16,6,1,4
2025-07-27 13:38:29.003994,17,6,1,75
2025-07-27 13:38:29.003994,18,6,1,67
2025-07-27 13:38:29.003994,19,6,1,90
2025-07-27 13:38:29.003994,20,6,1,58
2025-07-27 13:38:29.003994,21,6,1,3
2025-07-27 13:38:29.003994,22,6,1,1
2025-07-27 13:38:29.003994,23,6,1,0
2025-07-28 13:38:29.003994,0,0,0,0
2025-07-28 13:38:29.003994,1,0,0,2
2025-07-28 13:38:29.003994,2,0,0,1
2025-07-28 13:38:29.003994,3,0,0,0
2025-07-28 13:38:29.003994,4,0,0,0
2025-07-28 13:38:29.003994,5,0,0,3
2025-07-28 13:38:29.003994,6,0,0,3
2025-07-28 13:38:29.003994,7,0,0,14
2025-07-28 13:38:29.003994,8,0,0,10
2025-07-28 13:38:29.003994,9,0,0,28
2025-07-28 13:38:29.003994,10,0,0,3
2025-07-28 13:38:29.003994,11,0,0,28
2025-07-28 13:38:29.003994,12,0,0,27
2025-07-28 13:38:29.003994,13,0,0,25
2025-07-28 13:38:29.003994,14,0,0,0
2025-07-28 13:38:29.003994,15,0,0,1
2025-07-28 13:38:29.003994,16,0,0,4
2025-07-28 13:38:29.003994,17,0,0,46
2025-07-28 13:38:29.003994,18,0,0,70
2025-07-28 13:38:29.003994,19,0,0,38
2025-07-28 13:38:29.003994,20,0,0,35
2025-07-28 13:38:29.003994,21,0,0,3
2025-07-28 13:38:29.003994,22,0,0,3
2025-07-28 13:38:29.003994,23,0,0,4
2025-07-29 13:38:29.003994,0,1,0,2
2025-07-29 13:38:29.003994,1,1,0,0
2025-07-29 13:38:29.003994,2,1,0,0
2025-07-29 13:38:29.003994,3,1,0,3
2025-07-29 13:38:29.003994,4,1,0,4
2025-07-29 13:38:29.003994,5,1,0,0
2025-07-29 13:38:29.003994,6,1,0,0
2025-07-29 13:38:29.003994,7,1,0,24
2025-07-29 13:38:29.003994,8,1,0,13
2025-07-29 13:38:29.003994,9,1,0,26
2025-07-29 13:38:29.003994,10,1,0,2
2025-07-29 13:38:29.003994,11,1,0,39
2025-07-29 13:38:29.003994,12,1,0,27
2025-07-29 13:38:29.003994,13,1,0,20
2025-07-29 13:38:29.003994,14,1,0,1
2025-07-29 13:38:29.003994,15,1,0,4
2025-07-29 13:38:29.003994,16,1,0,3
2025-07-29 13:38:29.003994,17,1,0,58
2025-07-29 13:38:29.003994,18,1,0,35
2025-07-29 13:38:29.003994,19,1,0,62
2025-07-29 13:38:29.003994,20,1,0,69
2025-07-29 13:38:29.003994,21,1,0,2
2025-07-29 13:38:29.003994,22,1,0,4
2025-07-29 13:38:29.003994,23,1,0,0
2025-07-30 13:38:29.003994,0,2,0,4
2025-07-30 13:38:29.003994,1,2,0,2
2025-07-30 13:38:29.003994,2,2,0,4
2025-07-30 13:38:29.003994,3,2,0,2
2025-07-30 13:38:29.003994,4,2,0,2
2025-07-30 13:38:29.003994,5,2,0,3
2025-07-30 13:38:29.003994,6,2,0,2
2025-07-30 13:38:29.003994,7,2,0,19
2025-07-30 13:38:29.003994,8,2,0,29
2025-07-30 13:38:29.003994,9,2,0,21
2025-07-30 13:38:29.003994,10,2,0,1
2025-07-30 13:38:29.003994,11,2,0,44
2025-07-30 13:38:29.003994,12,2,0,27
2025-07-30 13:38:29.003994,13,2,0,37
2025-07-30 13:38:29.003994,14,2,0,2
2025-07-30 13:38:29.003994,15,2,0,2
2025-07-30 13:38:29.003994,16,2,0,1
2025-07-30 13:38:29.003994,17,2,0,45
2025-07-30 13:38:29.003994,18,2,0,62
2025-07-30 13:38:29.003994,19,2,0,41
2025-07-30 13:38:29.003994,20,2,0,40
2025-07-30 13:38:29.003994,21,2,0,4
2025-07-30 13:38:29.003994,22,2,0,2
2025-07-30 13:38:29.003994,23,2,0,3
2025-07-31 13:38:29.003994,0,3,0,0
2025-07-31 13:38:29.003994,1,3,0,0
2025-07-31 13:38:29.003994,2,3,0,4
2025-07-31 13:38:29.003994,3,3,0,0
2025-07-31 13:38:29.003994,4,3,0,3
2025-07-31 13:38:29.003994,5,3,0,4
2025-07-31 13:38:29.003994,6,3,0,2
2025-07-31 13:38:29.003994,7,3,0,27
2025-07-31 13:38:29.003994,8,3,0,28
2025-07-31 13:38:29.003994,9,3,0,11
2025-07-31 13:38:29.003994,10,3,0,3
2025-07-31 13:38:29.003994,11,3,0,32
2025-07-31 13:38:29.003994,12,3,0,41
2025-07-31 13:38:29.003994,13,3,0,41
2025-07-31 13:38:29.003994,14,3,0,4
2025-07-31 13:38:29.003994,15,3,0,3
2025-07-31 13:38:29.003994,16,3,0,4
2025-07-31 13:38:29.003994,17,3,0,39
2025-07-31 13:38:29.003994,18,3,0,37
2025-07-31 13:38:29.003994,19,3,0,58
2025-07-31 13:38:29.003994,20,3,0,46
2025-07-31 13:38:29.003994,21,3,0,1
2025-07-31 13:38:29.003994,22,3,0,1
2025-07-31 13:38:29.003994,23,3,0,4
2025-08-01 13:38:29.003994,0,4,0,3
2025-08-01 13:38:29.003994,1,4,0,0
2025-08-01 13:38:29.003994,2,4,0,4
2025-08-01 13:38:29.003994,3,4,0,1
2025-08-01 13:38:29.003994,4,4,0,1
2025-08-01 13:38:29.003994,5,4,0,3
2025-08-01 13:38:29.003994,6,4,0,0
2025-08-01 13:38:29.003994,7,4,0,26
2025-08-01 13:38:29.003994,8,4,0,16
2025-08-01 13:38:29.003994,9,4,0,12
2025-08-01 13:38:29.003994,10,4,0,1
2025-08-01 13:38:29.003994,11,4,0,44
2025-08-01 13:38:29.003994,12,4,0,35
2025-08-01 13:38:29.003994,13,4,0,47
2025-08-01 13:38:29.003994,14,4,0,1
2025-08-01 13:38:29.003994,15,4,0,1
2025-08-01 13:38:29.003994,16,4,0,2
2025-08-01 13:38:29.003994,17,4,0,58
2025-08-01 13:38:29.003994,18,4,0,56
2025-08-01 13:38:29.003994,19,4,0,49
2025-08-01 13:38:29.003994,20,4,0,48
2025-08-01 13:38:29.003994,21,4,0,3
2025-08-01 13:38:29.003994,22,4,0,2
2025-08-01 13:38:29.003994,23,4,0,1
2025-08-02 13:38:29.003994,0,5,1,6
2025-08-02 13:38:29.003994,1,5,1,1
2025-08-02 13:38:29.003994,2,5,1,3
2025-08-02 13:38:29.003994,3,5,1,3
2025-08-02 13:38:29.003994,4,5,1,1
2025-08-02 13:38:29.003994,5,5,1,0
2025-08-02 13:38:29.003994,6,5,1,0
2025-08-02 13:38:29.003994,7,5,1,19
2025-08-02 13:38:29.003994,8,5,1,16
2025-08-02 13:38:29.003994,9,5,1,19
2025-08-02 13:38:29.003994,10,5,1,0
2025-08-02 13:38:29.003994,11,5,1,67
2025-08-02 13:38:29.003994,12,5,1,43
2025-08-02 13:38:29.003994,13,5,1,51
2025-08-02 13:38:29.003994,14,5,1,3
2025-08-02 13:38:29.003994,15,5,1,3
2025-08-02 13:38:29.003994,16,5,1,6
2025-08-02 13:38:29.003994,17,5,1,76
2025-08-02 13:38:29.003994,18,5,1,94
2025-08-02 13:38:29.003994,19,5,1,111
2025-08-02 13:38:29.003994,20,5,1,45
2025-08-02 13:38:29.003994,21,5,1,0
2025-08-02 13:38:29.003994,22,5,1,6
2025-08-02 13:38:29.003994,23,5,1,4
2025-08-03 13:38:29.003994,0,6,1,0
2025-08-03 13:38:29.003994,1,6,1,0
2025-08-03 13:38:29.003994,2,6,1,4
2025-08-03 13:38:29.003994,3,6,1,3
2025-08-03 13:38:29.003994,4,6,1,0
2025-08-03 13:38:29.003994,5,6,1,1
2025-08-03 13:38:29.003994,6,6,1,4
2025-08-03 13:38:29.003994,7,6,1,33
2025-08-03 13:38:29.003994,8,6,1,22
2025-08-03 13:38:29.003994,9,6,1,28
2025-08-03 13:38:29.003994,10,6,1,1
2025-08-03 13:38:29.003994,11,6,1,61
2025-08-03 13:38:29.003994,12,6,1,33
2025-08-03 13:38:29.003994,13,6,1,69
2025-08-03 13:38:29.003994,14,6,1,6
2025-08-03 13:38:29.003994,15,6,1,0
2025-08-03 13:38:29.003994,16,6,1,4
2025-08-03 13:38:29.003994,17,6,1,87
2025-08-03 13:38:29.003994,18,6,1,57
2025-08-03 13:38:29.003994,19,6,1,82
2025-08-03 13:38:29.003994,20,6,1,85
2025-08-03 13:38:29.003994,21,6,1,0
2025-08-03 13:38:29.003994,22,6,1,3
2025-08-03 13:38:29.003994,23,6,1,0
2025-08-04 13:38:29.003994,0,0,0,0
2025-08-04 13:38:29.003994,1,0,0,1
2025-08-04 13:38:29.003994,2,0,0,1
2025-08-04 13:38:29.003994,3,0,0,3
2025-08-04 13:38:29.003994,4,0,0,4
2025-08-04 13:38:29.003994,5,0,0,0
2025-08-04 13:38:29.003994,6,0,0,4
2025-08-04 13:38:29.003994,7,0,0,24
2025-08-04 13:38:29.003994,8,0,0,23
2025-08-04 13:38:29.003994,9,0,0,20
2025-08-04 13:38:29.003994,10,0,0,1
2025-08-04 13:38:29.003994,11,0,0,48
2025-08-04 13:38:29.003994,12,0,0,22
2025-08-04 13:38:29.003994,13,0,0,20
2025-08-04 13:38:29.003994,14,0,0,2
2025-08-04 13:38:29.003994,15,0,0,1
2025-08-04 13:38:29.003994,16,0,0,1
2025-08-04 13:38:29.003994,17,0,0,67
2025-08-04 13:38:29.003994,18,0,0,65
2025-08-04 13:38:29.003994,19,0,0,42
2025-08-04 13:38:29.003994,20,0,0,39
2025-08-04 13:38:29.003994,21,0,0,0
2025-08-04 13:38:29.003994,22,0,0,2
2025-08-04 13:38:29.003994,23,0,0,2
2025-08-05 13:38:29.003994,0,1,0,1
2025-08-05 13:38:29.003994,1,1,0,0
2025-08-05 13:38:29.003994,2,1,0,0
2025-08-05 13:38:29.003994,3,1,0,4
2025-08-05 13:38:29.003994,4,1,0,2
2025-08-05 13:38:29.003994,5,1,0,0
2025-08-05 13:38:29.003994,6,1,0,0
2025-08-05 13:38:29.003994,7,1,0,10
2025-08-05 13:38:29.003994,8,1,0,18
2025-08-05 13:38:29.003994,9,1,0,11
2025-08-05 13:38:29.003994,10,1,0,4
2025-08-05 13:38:29.003994,11,1,0,30
2025-08-05 13:38:29.003994,12,1,0,47
2025-08-05 13:38:29.003994,13,1,0,27
2025-08-05 13:38:29.003994,14,1,0,3
2025-08-05 13:38:29.003994,15,1,0,1
2025-08-05 13:38:29.003994,16,1,0,3
2025-08-05 13:38:29.003994,17,1,0,66
2025-08-05 13:38:29.003994,18,1,0,47
2025-08-05 13:38:29.003994,19,1,0,51
2025-08-05 13:38:29.003994,20,1,0,42
2025-08-05 13:38:29.003994,21,1,0,3
2025-08-05 13:38:29.003994,22,1,0,4
2025-08-05 13:38:29.003994,23,1,0,2
2025-08-06 13:38:29.003994,0,2,0,3
2025-08-06 13:38:29.003994,1,2,0,3
2025-08-06 13:38:29.003994,2,2,0,0
2025-08-06 13:38:29.003994,3,2,0,2
2025-08-06 13:38:29.003994,4,2,0,1
2025-08-06 13:38:29.003994,5,2,0,0
2025-08-06 13:38:29.003994,6,2,0,0
2025-08-06 13:38:29.003994,7,2,0,25
2025-08-06 13:38:29.003994,8,2,0,14
2025-08-06 13:38:29.003994,9,2,0,19
2025-08-06 13:38:29.003994,10,2,0,3
2025-08-06 13:38:29.003994,11,2,0,37
2025-08-06 13:38:29.003994,12,2,0,32
2025-08-06 13:38:29.003994,13,2,0,38
2025-08-06 13:38:29.003994,14,2,0,2
2025-08-06 13:38:29.003994,15,2,0,3
2025-08-06 13:38:29.003994,16,2,0,4
2025-08-06 13:38:29.003994,17,2,0,33
2025-08-06 13:38:29.003994,18,2,0,56
2025-08-06 13:38:29.003994,19,2,0,52
2025-08-06 13:38:29.003994,20,2,0,50
2025-08-06 13:38:29.003994,21,2,0,4
2025-08-06 13:38:29.003994,22,2,0,1
2025-08-06 13:38:29.003994,23,2,0,3
2025-08-07 13:38:29.003994,0,3,0,0
2025-08-07 13:38:29.003994,1,3,0,4
2025-08-07 13:38:29.003994,2,3,0,4
2025-08-07 13:38:29.003994,3,3,0,3
2025-08-07 13:38:29.003994,4,3,0,1
2025-08-07 13:38:29.003994,5,3,0,0
2025-08-07 13:38:29.003994,6,3,0,1
2025-08-07 13:38:29.003994,7,3,0,16
2025-08-07 13:38:29.003994,8,3,0,26
2025-08-07 13:38:29.003994,9,3,0,18
2025-08-07 13:38:29.003994,10,3,0,2
2025-08-07 13:38:29.003994,11,3,0,22
2025-08-07 13:38:29.003994,12,3,0,41
2025-08-07 13:38:29.003994,13,3,0,29
2025-08-07 13:38:29.003994,14,3,0,0
2025-08-07 13:38:29.003994,15,3,0,3
2025-08-07 13:38:29.003994,16,3,0,2
2025-08-07 13:38:29.003994,17,3,0,51
2025-08-07 13:38:29.003994,18,3,0,58
2025-08-07 13:38:29.003994,19,3,0,52
2025-08-07 13:38:29.003994,20,3,0,61
2025-08-07 13:38:29.003994,21,3,0,3
2025-08-07 13:38:29.003994,22,3,0,4
2025-08-07 13:38:29.003994,23,3,0,0
2025-08-08 13:38:29.003994,0,4,0,4
2025-08-08 13:38:29.003994,1,4,0,1
2025-08-08 13:38:29.003994,2,4,0,4
2025-08-08 13:38:29.003994,3,4,0,3
2025-08-08 13:38:29.003994,4,4,0,1
2025-08-08 13:38:29.003994,5,4,0,0
2025-08-08 13:38:29.003994,6,4,0,0
2025-08-08 13:38:29.003994,7,4,0,19
2025-08-08 13:38:29.003994,8,4,0,23
2025-08-08 13:38:29.003994,9,4,0,19
2025-08-08 13:38:29.003994,10,4,0,3
2025-08-08 13:38:29.003994,11,4,0,23
2025-08-08 13:38:29.003994,12,4,0,28
2025-08-08 13:38:29.003994,13,4,0,47
2025-08-08 13:38:29.003994,14,4,0,2
2025-08-08 13:38:29.003994,15,4,0,2
2025-08-08 13:38:29.003994,16,4,0,3
2025-08-08 13:38:29.003994,17,4,0,38
2025-08-08 13:38:29.003994,18,4,0,62
2025-08-08 13:38:29.003994,19,4,0,32
2025-08-08 13:38:29.003994,20,4,0,69
2025-08-08 13:38:29.003994,21,4,0,1
2025-08-08 13:38:29.003994,22,4,0,0
2025-08-08 13:38:29.003994,23,4,0,4
2025-08-09 13:38:29.003994,0,5,1,1
2025-08-09 13:38:29.003994,1,5,1,1
2025-08-09 13:38:29.003994,2,5,1,3
2025-08-09 13:38:29.003994,3,5,1,6
2025-08-09 13:38:29.003994,4,5,1,0
2025-08-09 13:38:29.003994,5,5,1,1
2025-08-09 13:38:29.003994,6,5,1,6
2025-08-09 13:38:29.003994,7,5,1,37
2025-08-09 13:38:29.003994,8,5,1,24
2025-08-09 13:38:29.003994,9,5,1,39
2025-08-09 13:38:29.003994,10,5,1,6
2025-08-09 13:38:29.003994,11,5,1,67
2025-08-09 13:38:29.003994,12,5,1,33
2025-08-09 13:38:29.003994,13,5,1,54
2025-08-09 13:38:29.003994,14,5,1,6
2025-08-09 13:38:29.003994,15,5,1,0
2025-08-09 13:38:29.003994,16,5,1,0
2025-08-09 13:38:29.003994,17,5,1,108
2025-08-09 13:38:29.003994,18,5,1,48
2025-08-09 13:38:29.003994,19,5,1,108
2025-08-09 13:38:29.003994,20,5,1,67
2025-08-09 13:38:29.003994,21,5,1,0
2025-08-09 13:38:29.003994,22,5,1,4
2025-08-09 13:38:29.003994,23,5,1,0
2025-08-10 13:38:29.003994,0,6,1,0
2025-08-10 13:38:29.003994,1,6,1,6
2025-08-10 13:38:29.003994,2,6,1,0
2025-08-10 13:38:29.003994,3,6,1,0
2025-08-10 13:38:29.003994,4,6,1,3
2025-08-10 13:38:29.003994,5,6,1,4
2025-08-10 13:38:29.003994,6,6,1,3
2025-08-10 13:38:29.003994,7,6,1,24
2025-08-10 13:38:29.003994,8,6,1,42
2025-08-10 13:38:29.003994,9,6,1,16
2025-08-10 13:38:29.003994,10,6,1,0
2025-08-10 13:38:29.003994,11,6,1,51
2025-08-10 13:38:29.003994,12,6,1,45
2025-08-10 13:38:29.003994,13,6,1,49
2025-08-10 13:38:29.003994,14,6,1,0
2025-08-10 13:38:29.003994,15,6,1,1
2025-08-10 13:38:29.003994,16,6,1,3
2025-08-10 13:38:29.003994,17,6,1,91
2025-08-10 13:38:29.003994,18,6,1,114
2025-08-10 13:38:29.003994,19,6,1,103
2025-08-10 13:38:29.003994,20,6,1,66
2025-08-10 13:38:29.003994,21,6,1,4
2025-08-10 13:38:29.003994,22,6,1,4
2025-08-10 13:38:29.003994,23,6,1,0
2025-08-11 13:38:29.003994,0,0,0,0
2025-08-11 13:38:29.003994,1,0,0,4
2025-08-11 13:38:29.003994,2,0,0,1
2025-08-11 13:38:29.003994,3,0,0,1
2025-08-11 13:38:29.003994,4,0,0,4
2025-08-11 13:38:29.003994,5,0,0,4
2025-08-11 13:38:29.003994,6,0,0,3
2025-08-11 13:38:29.003994,7,0,0,19
2025-08-11 13:38:29.003994,8,0,0,12
2025-08-11 13:38:29.003994,9,0,0,12
2025-08-11 13:38:29.003994,10,0,0,2
2025-08-11 13:38:29.003994,11,0,0,46
2025-08-11 13:38:29.003994,12,0,0,39
2025-08-11 13:38:29.003994,13,0,0,45
2025-08-11 13:38:29.003994,14,0,0,2
2025-08-11 13:38:29.003994,15,0,0,2
2025-08-11 13:38:29.003994,16,0,0,2
2025-08-11 13:38:29.003994,17,0,0,78
2025-08-11 13:38:29.003994,18,0,0,57
2025-08-11 13:38:29.003994,19,0,0,63
2025-08-11 13:38:29.003994,20,0,0,44
2025-08-11 13:38:29.003994,21,0,0,0
2025-08-11 13:38:29.003994,22,0,0,3
2025-08-11 13:38:29.003994,23,0,0,0
2025-08-12 13:38:29.003994,0,1,0,1
2025-08-12 13:38:29.003994,1,1,0,1
2025-08-12 13:38:29.003994,2,1,0,4
2025-08-12 13:38:29.003994,3,1,0,4
2025-08-12 13:38:29.003994,4,1,0,1
2025-08-12 13:38:29.003994,5,1,0,3
2025-08-12 13:38:29.003994,6,1,0,0
2025-08-12 13:38:29.003994,7,1,0,14
2025-08-12 13:38:29.003994,8,1,0,21
2025-08-12 13:38:29.003994,9,1,0,16
2025-08-12 13:38:29.003994,10,1,0,3
2025-08-12 13:38:29.003994,11,1,0,47
2025-08-12 13:38:29.003994,12,1,0,45
2025-08-12 13:38:29.003994,13,1,0,35
2025-08-12 13:38:29.003994,14,1,0,2
2025-08-12 13:38:29.003994,15,1,0,4
2025-08-12 13:38:29.003994,16,1,0,1
2025-08-12 13:38:29.003994,17,1,0,71
2025-08-12 13:38:29.003994,18,1,0,51
2025-08-12 13:38:29.003994,19,1,0,41
2025-08-12 13:38:29.003994,20,1,0,42
2025-08-12 13:38:29.003994,21,1,0,2
2025-08-12 13:38:29.003994,22,1,0,2
2025-08-12 13:38:29.003994,23,1,0,0
2025-08-13 13:38:29.003994,0,2,0,4
2025-08-13 13:38:29.003994,1,2,0,2
2025-08-13 13:38:29.003994,2,2,0,1
2025-08-13 13:38:29.003994,3,2,0,3
2025-08-13 13:38:29.003994,4,2,0,1
2025-08-13 13:38:29.003994,5,2,0,3
2025-08-13 13:38:29.003994,6,2,0,2
2025-08-13 13:38:29.003994,7,2,0,11
2025-08-13 13:38:29.003994,8,2,0,21
2025-08-13 13:38:29.003994,9,2,0,27
2025-08-13 13:38:29.003994,10,2,0,0
2025-08-13 13:38:29.003994,11,2,0,34
2025-08-13 13:38:29.003994,12,2,0,25
2025-08-13 13:38:29.003994,13,2,0,49
2025-08-13 13:38:29.003994,14,2,0,4
2025-08-13 13:38:29.003994,15,2,0,0
2025-08-13 13:38:29.003994,16,2,0,4
2025-08-13 13:38:29.003994,17,2,0,50
2025-08-13 13:38:29.003994,18,2,0,75
2025-08-13 13:38:29.003994,19,2,0,56
2025-08-13 13:38:29.003994,20,2,0,36
2025-08-13 13:38:29.003994,21,2,0,1
2025-08-13 13:38:29.003994,22,2,0,4
2025-08-13 13:38:29.003994,23,2,0,3
2025-08-14 13:38:29.003994,0,3,0,3
2025-08-14 13:38:29.003994,1,3,0,1
2025-08-14 13:38:29.003994,2,3,0,4
2025-08-14 13:38:29.003994,3,3,0,3
2025-08-14 13:38:29.003994,4,3,0,3
2025-08-14 13:38:29.003994,5,3,0,0
2025-08-14 13:38:29.003994,6,3,0,3
2025-08-14 13:38:29.003994,7,3,0,14
2025-08-14 13:38:29.003994,8,3,0,12
2025-08-14 13:38:29.003994,9,3,0,23
2025-08-14 13:38:29.003994,10,3,0,1
2025-08-14 13:38:29.003994,11,3,0,43
2025-08-14 13:38:29.003994,12,3,0,43
2025-08-14 13:38:29.003994,13,3,0,26
2025-08-14 13:38:29.003994,14,3,0,4
2025-08-14 13:38:29.003994,15,3,0,1
2025-08-14 13:38:29.003994,16,3,0,1
2025-08-14 13:38:29.003994,17,3,0,62
2025-08-14 13:38:29.003994,18,3,0,67
2025-08-14 13:38:29.003994,19,3,0,49
2025-08-14 13:38:29.003994,20,3,0,72
2025-08-14 13:38:29.003994,21,3,0,4
2025-08-14 13:38:29.003994,22,3,0,2
2025-08-14 13:38:29.003994,23,3,0,4
2025-08-15 13:38:29.003994,0,4,0,1
2025-08-15 13:38:29.003994,1,4,0,2
2025-08-15 13:38:29.003994,2,4,0,4
2025-08-15 13:38:29.003994,3,4,0,2
2025-08-15 13:38:29.003994,4,4,0,2
2025-08-15 13:38:29.003994,5,4,0,4
2025-08-15 13:38:29.003994,6,4,0,4
2025-08-15 13:38:29.003994,7,4,0,12
2025-08-15 13:38:29.003994,8,4,0,20
2025-08-15 13:38:29.003994,9,4,0,28
2025-08-15 13:38:29.003994,10,4,0,2
2025-08-15 13:38:29.003994,11,4,0,35
2025-08-15 13:38:29.003994,12,4,0,22
2025-08-15 13:38:29.003994,13,4,0,36
2025-08-15 13:38:29.003994,14,4,0,3
2025-08-15 13:38:29.003994,15,4,0,2
2025-08-15 13:38:29.003994,16,4,0,1
2025-08-15 13:38:29.003994,17,4,0,32
2025-08-15 13:38:29.003994,18,4,0,50
2025-08-15 13:38:29.003994,19,4,0,39
2025-08-15 13:38:29.003994,20,4,0,54
2025-08-15 13:38:29.003994,21,4,0,3
2025-08-15 13:38:29.003994,22,4,0,4
2025-08-15 13:38:29.003994,23,4,0,4
2025-08-16 13:38:29.003994,0,5,1,3
2025-08-16 13:38:29.003994,1,5,1,3
2025-08-16 13:38:29.003994,2,5,1,1
2025-08-16 13:38:29.003994,3,5,1,1
2025-08-16 13:38:29.003994,4,5,1,6
2025-08-16 13:38:29.003994,5,5,1,3
2025-08-16 13:38:29.003994,6,5,1,0
2025-08-16 13:38:29.003994,7,5,1,37
2025-08-16 13:38:29.003994,8,5,1,30
2025-08-16 13:38:29.003994,9,5,1,21
2025-08-16 13:38:29.003994,10,5,1,3
2025-08-16 13:38:29.003994,11,5,1,57
2025-08-16 13:38:29.003994,12,5,1,46
2025-08-16 13:38:29.003994,13,5,1,34
2025-08-16 13:38:29.003994,14,5,1,0
2025-08-16 13:38:29.003994,15,5,1,1
2025-08-16 13:38:29.003994,16,5,1,4
2025-08-16 13:38:29.003994,17,5,1,64
2025-08-16 13:38:29.003994,18,5,1,91
2025-08-16 13:38:29.003994,19,5,1,70
2025-08-16 13:38:29.003994,20,5,1,70
2025-08-16 13:38:29.003994,21,5,1,3
2025-08-16 13:38:29.003994,22,5,1,6
2025-08-16 13:38:29.003994,23,5,1,4
2025-08-17 13:38:29.003994,0,6,1,6
2025-08-17 13:38:29.003994,1,6,1,0
2025-08-17 13:38:29.003994,2,6,1,3
2025-08-17 13:38:29.003994,3,6,1,0
2025-08-17 13:38:29.003994,4,6,1,0
2025-08-17 13:38:29.003994,5,6,1,1
2025-08-17 13:38:29.003994,6,6,1,3
2025-08-17 13:38:29.003994,7,6,1,24
2025-08-17 13:38:29.003994,8,6,1,15
2025-08-17 13:38:29.003994,9,6,1,40
2025-08-17 13:38:29.003994,10,6,1,0
2025-08-17 13:38:29.003994,11,6,1,49
2025-08-17 13:38:29.003994,12,6,1,58
2025-08-17 13:38:29.003994,13,6,1,52
2025-08-17 13:38:29.003994,14,6,1,0
2025-08-17 13:38:29.003994,15,6,1,3
2025-08-17 13:38:29.003994,16,6,1,3
2025-08-17 13:38:29.003994,17,6,1,103
2025-08-17 13:38:29.003994,18,6,1,88
2025-08-17 13:38:29.003994,19,6,1,85
2025-08-17 13:38:29.003994,20,6,1,88
2025-08-17 13:38:29.003994,21,6,1,6
2025-08-17 13:38:29.003994,22,6,1,6
2025-08-17 13:38:29.003994,23,6,1,1
2025-08-18 13:38:29.003994,0,0,0,4
2025-08-18 13:38:29.003994,1,0,0,0
2025-08-18 13:38:29.003994,2,0,0,1
2025-08-18 13:38:29.003994,3,0,0,3
2025-08-18 13:38:29.003994,4,0,0,1
2025-08-18 13:38:29.003994,5,0,0,2
2025-08-18 13:38:29.003994,6,0,0,3
2025-08-18 13:38:29.003994,7,0,0,29
2025-08-18 13:38:29.003994,8,0,0,17
2025-08-18 13:38:29.003994,9,0,0,26
2025-08-18 13:38:29.003994,10,0,0,3
2025-08-18 13:38:29.003994,11,0,0,42
2025-08-18 13:38:29.003994,12,0,0,26
2025-08-18 13:38:29.003994,13,0,0,46
2025-08-18 13:38:29.003994,14,0,0,2
2025-08-18 13:38:29.003994,15,0,0,4
2025-08-18 13:38:29.003994,16,0,0,0
2025-08-18 13:38:29.003994,17,0,0,49
2025-08-18 13:38:29.003994,18,0,0,71
2025-08-18 13:38:29.003994,19,0,0,76
2025-08-18 13:38:29.003994,20,0,0,37
2025-08-18 13:38:29.003994,21,0,0,4
2025-08-18 13:38:29.003994,22,0,0,3
2025-08-18 13:38:29.003994,23,0,0,3
2025-08-19 13:38:29.003994,0,1,0,4
2025-08-19 13:38:29.003994,1,1,0,3
2025-08-19 13:38:29.003994,2,1,0,0
2025-08-19 13:38:29.003994,3,1,0,0
2025-08-19 13:38:29.003994,4,1,0,1
2025-08-19 13:38:29.003994,5,1,0,4
2025-08-19 13:38:29.003994,6,1,0,2
2025-08-19 13:38:29.003994,7,1,0,11
2025-08-19 13:38:29.003994,8,1,0,16
2025-08-19 13:38:29.003994,9,1,0,11
2025-08-19 13:38:29.003994,10,1,0,2
2025-08-19 13:38:29.003994,11,1,0,37
2025-08-19 13:38:29.003994,12,1,0,39
2025-08-19 13:38:29.003994,13,1,0,39
2025-08-19 13:38:29.003994,14,1,0,2
2025-08-19 13:38:29.003994,15,1,0,4
2025-08-19 13:38:29.003994,16,1,0,0
2025-08-19 13:38:29.003994,17,1,0,52
2025-08-19 13:38:29.003994,18,1,0,75
2025-08-19 13:38:29.003994,19,1,0,59
2025-08-19 13:38:29.003994,20,1,0,39
2025-08-19 13:38:29.003994,21,1,0,3
2025-08-19 13:38:29.003994,22,1,0,0
2025-08-19 13:38:29.003994,23,1,0,3
2025-08-20 13:38:29.003994,0,2,0,4
2025-08-20 13:38:29.003994,1,2,0,4
2025-08-20 13:38:29.003994,2,2,0,3
2025-08-20 13:38:29.003994,3,2,0,4
2025-08-20 13:38:29.003994,4,2,0,1
2025-08-20 13:38:29.003994,5,2,0,3
2025-08-20 13:38:29.003994,6,2,0,1
2025-08-20 13:38:29.003994,7,2,0,20
2025-08-20 13:38:29.003994,8,2,0,23
2025-08-20 13:38:29.003994,9,2,0,15
2025-08-20 13:38:29.003994,10,2,0,1
2025-08-20 13:38:29.003994,11,2,0,31
2025-08-20 13:38:29.003994,12,2,0,49
2025-08-20 13:38:29.003994,13,2,0,20
2025-08-20 13:38:29.003994,14,2,0,1
2025-08-20 13:38:29.003994,15,2,0,0
2025-08-20 13:38:29.003994,16,2,0,1
2025-08-20 13:38:29.003994,17,2,0,63
2025-08-20 13:38:29.003994,18,2,0,51
2025-08-20 13:38:29.003994,19,2,0,54
2025-08-20 13:38:29.003994,20,2,0,41
2025-08-20 13:38:29.003994,21,2,0,0
2025-08-20 13:38:29.003994,22,2,0,1
2025-08-20 13:38:29.003994,23,2,0,4
2025-08-21 13:38:29.003994,0,3,0,0
2025-08-21 13:38:29.003994,1,3,0,0
2025-08-21 13:38:29.003994,2,3,0,3
2025-08-21 13:38:29.003994,3,3,0,1
2025-08-21 13:38:29.003994,4,3,0,2
2025-08-21 13:38:29.003994,5,3,0,4
2025-08-21 13:38:29.003994,6,3,0,1
2025-08-21 13:38:29.003994,7,3,0,25
2025-08-21 13:38:29.003994,8,3,0,21
2025-08-21 13:38:29.003994,9,3,0,15
2025-08-21 13:38:29.003994,10,3,0,2
2025-08-21 13:38:29.003994,11,3,0,26
2025-08-21 13:38:29.003994,12,3,0,22
2025-08-21 13:38:29.003994,13,3,0,35
2025-08-21 13:38:29.003994,14,3,0,3
2025-08-21 13:38:29.003994,15,3,0,2
2025-08-21 13:38:29.003994,16,3,0,0
2025-08-21 13:38:29.003994,17,3,0,74
2025-08-21 13:38:29.003994,18,3,0,78
2025-08-21 13:38:29.003994,19,3,0,35
2025-08-21 13:38:29.003994,20,3,0,42
2025-08-21 13:38:29.003994,21,3,0,0
2025-08-21 13:38:29.003994,22,3,0,3
2025-08-21 13:38:29.003994,23,3,0,1
2025-08-22 13:38:29.003994,0,4,0,3
2025-08-22 13:38:29.003994,1,4,0,3
2025-08-22 13:38:29.003994,2,4,0,0
2025-08-22 13:38:29.003994,3,4,0,4
2025-08-22 13:38:29.003994,4,4,0,2
2025-08-22 13:38:29.003994,5,4,0,3
2025-08-22 13:38:29.003994,6,4,0,4
2025-08-22 13:38:29.003994,7,4,0,12
2025-08-22 13:38:29.003994,8,4,0,11
2025-08-22 13:38:29.003994,9,4,0,15
2025-08-22 13:38:29.003994,10,4,0,0
2025-08-22 13:38:29.003994,11,4,0,29
2025-08-22 13:38:29.003994,12,4,0,46
2025-08-22 13:38:29.003994,13,4,0,36
2025-08-22 13:38:29.003994,14,4,0,2
2025-08-22 13:38:29.003994,15,4,0,4
2025-08-22 13:38:29.003994,16,4,0,4
2025-08-22 13:38:29.003994,17,4,0,54
2025-08-22 13:38:29.003994,18,4,0,60
2025-08-22 13:38:29.003994,19,4,0,49
2025-08-22 13:38:29.003994,20,4,0,42
2025-08-22 13:38:29.003994,21,4,0,4
2025-08-22 13:38:29.003994,22,4,0,1
2025-08-22 13:38:29.003994,23,4,0,1
2025-08-23 13:38:29.003994,0,5,1,0
2025-08-23 13:38:29.003994,1,5,1,4
2025-08-23 13:38:29.003994,2,5,1,4
2025-08-23 13:38:29.003994,3,5,1,6
2025-08-23 13:38:29.003994,4,5,1,0
2025-08-23 13:38:29.003994,5,5,1,4
2025-08-23 13:38:29.003994,6,5,1,0
2025-08-23 13:38:29.003994,7,5,1,36
2025-08-23 13:38:29.003994,8,5,1,39
2025-08-23 13:38:29.003994,9,5,1,25
2025-08-23 13:38:29.003994,10,5,1,1
2025-08-23 13:38:29.003994,11,5,1,48
2025-08-23 13:38:29.003994,12,5,1,67
2025-08-23 13:38:29.003994,13,5,1,48
2025-08-23 13:38:29.003994,14,5,1,6
2025-08-23 13:38:29.003994,15,5,1,0
2025-08-23 13:38:29.003994,16,5,1,4
2025-08-23 13:38:29.003994,17,5,1,67
2025-08-23 13:38:29.003994,18,5,1,70
2025-08-23 13:38:29.003994,19,5,1,88
2025-08-23 13:38:29.003994,20,5,1,91
2025-08-23 13:38:29.003994,21,5,1,1
2025-08-23 13:38:29.003994,22,5,1,6
2025-08-23 13:38:29.003994,23,5,1,1
2025-08-24 13:38:29.003994,0,6,1,6
2025-08-24 13:38:29.003994,1,6,1,3
2025-08-24 13:38:29.003994,2,6,1,6
2025-08-24 13:38:29.003994,3,6,1,6
2025-08-24 13:38:29.003994,4,6,1,0
2025-08-24 13:38:29.003994,5,6,1,3
2025-08-24 13:38:29.003994,6,6,1,4
2025-08-24 13:38:29.003994,7,6,1,43
2025-08-24 13:38:29.003994,8,6,1,31
2025-08-24 13:38:29.003994,9,6,1,43
2025-08-24 13:38:29.003994,10,6,1,0
2025-08-24 13:38:29.003994,11,6,1,58
2025-08-24 13:38:29.003994,12,6,1,61
2025-08-24 13:38:29.003994,13,6,1,46
2025-08-24 13:38:29.003994,14,6,1,3
2025-08-24 13:38:29.003994,15,6,1,3
2025-08-24 13:38:29.003994,16,6,1,1
2025-08-24 13:38:29.003994,17,6,1,91
2025-08-24 13:38:29.003994,18,6,1,93
2025-08-24 13:38:29.003994,19,6,1,64
2025-08-24 13:38:29.003994,20,6,1,55
2025-08-24 13:38:29.003994,21,6,1,3
2025-08-24 13:38:29.003994,22,6,1,4
2025-08-24 13:38:29.003994,23,6,1,0
2025-08-25 13:38:29.003994,0,0,0,2
2025-08-25 13:38:29.003994,1,0,0,1
2025-08-25 13:38:29.003994,2,0,0,2
2025-08-25 13:38:29.003994,3,0,0,2
2025-08-25 13:38:29.003994,4,0,0,2
2025-08-25 13:38:29.003994,5,0,0,0
2025-08-25 13:38:29.003994,6,0,0,0
2025-08-25 13:38:29.003994,7,0,0,17
2025-08-25 13:38:29.003994,8,0,0,15
2025-08-25 13:38:29.003994,9,0,0,22
2025-08-25 13:38:29.003994,10,0,0,2
2025-08-25 13:38:29.003994,11,0,0,36
2025-08-25 13:38:29.003994,12,0,0,38
2025-08-25 13:38:29.003994,13,0,0,43
2025-08-25 13:38:29.003994,14,0,0,0
2025-08-25 13:38:29.003994,15,0,0,4
2025-08-25 13:38:29.003994,16,0,0,2
2025-08-25 13:38:29.003994,17,0,0,69
2025-08-25 13:38:29.003994,18,0,0,68
2025-08-25 13:38:29.003994,19,0,0,46
2025-08-25 13:38:29.003994,20,0,0,67
2025-08-25 13:38:29.003994,21,0,0,3
2025-08-25 13:38:29.003994,22,0,0,1
2025-08-25 13:38:29.003994,23,0,0,4
2025-08-26 13:38:29.003994,0,1,0,2
2025-08-26 13:38:29.003994,1,1,0,3
2025-08-26 13:38:29.003994,2,1,0,3
2025-08-26 13:38:29.003994,3,1,0,1
2025-08-26 13:38:29.003994,4,1,0,0
2025-08-26 13:38:29.003994,5,1,0,2
2025-08-26 13:38:29.003994,6,1,0,3
2025-08-26 13:38:29.003994,7,1,0,22
2025-08-26 13:38:29.003994,8,1,0,26
2025-08-26 13:38:29.003994,9,1,0,13
2025-08-26 13:38:29.003994,10,1,0,3
2025-08-26 13:38:29.003994,11,1,0,45
2025-08-26 13:38:29.003994,12,1,0,22
2025-08-26 13:38:29.003994,13,1,0,47
2025-08-26 13:38:29.003994,14,1,0,0
2025-08-26 13:38:29.003994,15,1,0,1
2025-08-26 13:38:29.003994,16,1,0,1
2025-08-26 13:38:29.003994,17,1,0,41
2025-08-26 13:38:29.003994,18,1,0,33
2025-08-26 13:38:29.003994,19,1,0,56
2025-08-26 13:38:29.003994,20,1,0,76
2025-08-26 13:38:29.003994,21,1,0,3
2025-08-26 13:38:29.003994,22,1,0,4
2025-08-26 13:38:29.003994,23,1,0,0
2025-08-27 13:38:29.003994,0,2,0,1
2025-08-27 13:38:29.003994,1,2,0,2
2025-08-27 13:38:29.003994,2,2,0,1
2025-08-27 13:38:29.003994,3,2,0,1
2025-08-27 13:38:29.003994,4,2,0,0
2025-08-27 13:38:29.003994,5,2,0,1
2025-08-27 13:38:29.003994,6,2,0,3
2025-08-27 13:38:29.003994,7,2,0,28
2025-08-27 13:38:29.003994,8,2,0,14
2025-08-27 13:38:29.003994,9,2,0,25
2025-08-27 13:38:29.003994,10,2,0,0
2025-08-27 13:38:29.003994,11,2,0,31
2025-08-27 13:38:29.003994,12,2,0,40
2025-08-27 13:38:29.003994,13,2,0,45
2025-08-27 13:38:29.003994,14,2,0,1
2025-08-27 13:38:29.003994,15,2,0,1
2025-08-27 13:38:29.003994,16,2,0,3
2025-08-27 13:38:29.003994,17,2,0,52
2025-08-27 13:38:29.003994,18,2,0,52
2025-08-27 13:38:29.003994,19,2,0,54
2025-08-27 13:38:29.003994,20,2,0,59
2025-08-27 13:38:29.003994,21,2,0,2
2025-08-27 13:38:29.003994,22,2,0,1
2025-08-27 13:38:29.003994,23,2,0,4
2025-08-28 13:38:29.003994,0,3,0,0
2025-08-28 13:38:29.003994,1,3,0,3
2025-08-28 13:38:29.003994,2,3,0,0
2025-08-28 13:38:29.003994,3,3,0,3
2025-08-28 13:38:29.003994,4,3,0,4
2025-08-28 13:38:29.003994,5,3,0,4
2025-08-28 13:38:29.003994,6,3,0,0
2025-08-28 13:38:29.003994,7,3,0,15
2025-08-28 13:38:29.003994,8,3,0,24
2025-08-28 13:38:29.003994,9,3,0,23
2025-08-28 13:38:29.003994,10,3,0,3
2025-08-28 13:38:29.003994,11,3,0,40
2025-08-28 13:38:29.003994,12,3,0,45
2025-08-28 13:38:29.003994,13,3,0,25
2025-08-28 13:38:29.003994,14,3,0,0
2025-08-28 13:38:29.003994,15,3,0,2
2025-08-28 13:38:29.003994,16,3,0,3
2025-08-28 13:38:29.003994,17,3,0,56
2025-08-28 13:38:29.003994,18,3,0,50
2025-08-28 13:38:29.003994,19,3,0,64
2025-08-28 13:38:29.003994,20,3,0,69
2025-08-28 13:38:29.003994,21,3,0,1
2025-08-28 13:38:29.003994,22,3,0,1
2025-08-28 13:38:29.003994,23,3,0,0
2025-08-29 13:38:29.003994,0,4,0,3
2025-08-29 13:38:29.003994,1,4,0,0
2025-08-29 13:38:29.003994,2,4,0,2
2025-08-29 13:38:29.003994,3,4,0,4
2025-08-29 13:38:29.003994,4,4,0,4
2025-08-29 13:38:29.003994,5,4,0,1
2025-08-29 13:38:29.003994,6,4,0,4
2025-08-29 13:38:29.003994,7,4,0,14
2025-08-29 13:38:29.003994,8,4,0,22
2025-08-29 13:38:29.003994,9,4,0,14
2025-08-29 13:38:29.003994,10,4,0,0
2025-08-29 13:38:29.003994,11,4,0,35
2025-08-29 13:38:29.003994,12,4,0,20
2025-08-29 13:38:29.003994,13,4,0,38
2025-08-29 13:38:29.003994,14,4,0,2
2025-08-29 13:38:29.003994,15,4,0,3
2025-08-29 13:38:29.003994,16,4,0,3
2025-08-29 13:38:29.003994,17,4,0,68
2025-08-29 13:38:29.003994,18,4,0,42
2025-08-29 13:38:29.003994,19,4,0,37
2025-08-29 13:38:29.003994,20,4,0,57
2025-08-29 13:38:29.003994,21,4,0,1
2025-08-29 13:38:29.003994,22,4,0,0
2025-08-29 13:38:29.003994,23,4,0,1
2025-08-30 13:38:29.003994,0,5,1,6
2025-08-30 13:38:29.003994,1,5,1,1
2025-08-30 13:38:29.003994,2,5,1,4
2025-08-30 13:38:29.003994,3,5,1,0
2025-08-30 13:38:29.003994,4,5,1,4
2025-08-30 13:38:29.003994,5,5,1,0
2025-08-30 13:38:29.003994,6,5,1,6
2025-08-30 13:38:29.003994,7,5,1,15
2025-08-30 13:38:29.003994,8,5,1,28
2025-08-30 13:38:29.003994,9,5,1,36
2025-08-30 13:38:29.003994,10,5,1,0
2025-08-30 13:38:29.003994,11,5,1,48
2025-08-30 13:38:29.003994,12,5,1,54
2025-08-30 13:38:29.003994,13,5,1,48
2025-08-30 13:38:29.003994,14,5,1,0
2025-08-30 13:38:29.003994,15,5,1,0
2025-08-30 13:38:29.003994,16,5,1,6
2025-08-30 13:38:29.003994,17,5,1,112
2025-08-30 13:38:29.003994,18,5,1,66
2025-08-30 13:38:29.003994,19,5,1,84
2025-08-30 13:38:29.003994,20,5,1,117
2025-08-30 13:38:29.003994,21,5,1,6
2025-08-30 13:38:29.003994,22,5,1,3
2025-08-30 13:38:29.003994,23,5,1,4
2025-08-31 13:38:29.003994,0,6,1,6
2025-08-31 13:38:29.003994,1,6,1,1
2025-08-31 13:38:29.003994,2,6,1,0
2025-08-31 13:38:29.003994,3,6,1,0
2025-08-31 13:38:29.003994,4,6,1,1
2025-08-31 13:38:29.003994,5,6,1,1
2025-08-31 13:38:29.003994,6,6,1,6
2025-08-31 13:38:29.003994,7,6,1,43
2025-08-31 13:38:29.003994,8,6,1,40
2025-08-31 13:38:29.003994,9,6,1,19
2025-08-31 13:38:29.003994,10,6,1,0
2025-08-31 13:38:29.003994,11,6,1,49
2025-08-31 13:38:29.003994,12,6,1,39
2025-08-31 13:38:29.003994,13,6,1,63
2025-08-31 13:38:29.003994,14,6,1,3
2025-08-31 13:38:29.003994,15,6,1,3
2025-08-31 13:38:29.003994,16,6,1,4
2025-08-31 13:38:29.003994,17,6,1,69
2025-08-31 13:38:29.003994,18,6,1,72
2025-08-31 13:38:29.003994,19,6,1,97
2025-08-31 13:38:29.003994,20,6,1,91
2025-08-31 13:38:29.003994,21,6,1,1
2025-08-31 13:38:29.003994,22,6,1,4
2025-08-31 13:38:29.003994,23,6,1,6
2025-09-01 13:38:29.003994,0,0,0,4
2025-09-01 13:38:29.003994,1,0,0,0
2025-09-01 13:38:29.003994,2,0,0,2
2025-09-01 13:38:29.003994,3,0,0,1
2025-09-01 13:38:29.003994,4,0,0,0
2025-09-01 13:38:29.003994,5,0,0,2
2025-09-01 13:38:29.003994,6,0,0,3
2025-09-01 13:38:29.003994,7,0,0,15
2025-09-01 13:38:29.003994,8,0,0,23
2025-09-01 13:38:29.003994,9,0,0,25
2025-09-01 13:38:29.003994,10,0,0,3
2025-09-01 13:38:29.003994,11,0,0,35
2025-09-01 13:38:29.003994,12,0,0,35
2025-09-01 13:38:29.003994,13,0,0,32
2025-09-01 13:38:29.003994,14,0,0,1
2025-09-01 13:38:29.003994,15,0,0,3
2025-09-01 13:38:29.003994,16,0,0,4
2025-09-01 13:38:29.003994,17,0,0,60
2025-09-01 13:38:29.003994,18,0,0,37
2025-09-01 13:38:29.003994,19,0,0,60
2025-09-01 13:38:29.003994,20,0,0,68
2025-09-01 13:38:29.003994,21,0,0,4
2025-09-01 13:38:29.003994,22,0,0,1
2025-09-01 13:38:29.003994,23,0,0,3
2025-09-02 13:38:29.003994,0,1,0,2
2025-09-02 13:38:29.003994,1,1,0,1
2025-09-02 13:38:29.003994,2,1,0,4
2025-09-02 13:38:29.003994,3,1,0,0
2025-09-02 13:38:29.003994,4,1,0,2
2025-09-02 13:38:29.003994,5,1,0,1
2025-09-02 13:38:29.003994,6,1,0,1
2025-09-02 13:38:29.003994,7,1,0,14
2025-09-02 13:38:29.003994,8,1,0,16
2025-09-02 13:38:29.003994,9,1,0,11
2025-09-02 13:38:29.003994,10,1,0,2
2025-09-02 13:38:29.003994,11,1,0,42
2025-09-02 13:38:29.003994,12,1,0,49
2025-09-02 13:38:29.003994,13,1,0,48
2025-09-02 13:38:29.003994,14,1,0,3
2025-09-02 13:38:29.003994,15,1,0,3
2025-09-02 13:38:29.003994,16,1,0,4
2025-09-02 13:38:29.003994,17,1,0,47
2025-09-02 13:38:29.003994,18,1,0,61
2025-09-02 13:38:29.003994,19,1,0,66
2025-09-02 13:38:29.003994,20,1,0,49
2025-09-02 13:38:29.003994,21,1,0,2
2025-09-02 13:38:29.003994,22,1,0,2
2025-09-02 13:38:29.003994,23,1,0,1
2025-09-03 13:38:29.003994,0,2,0,2
2025-09-03 13:38:29.003994,1,2,0,2
2025-09-03 13:38:29.003994,2,2,0,0
2025-09-03 13:38:29.003994,3,2,0,3
2025-09-03 13:38:29.003994,4,2,0,3
2025-09-03 13:38:29.003994,5,2,0,0
2025-09-03 13:38:29.003994,6,2,0,0
2025-09-03 13:38:29.003994,7,2,0,14
2025-09-03 13:38:29.003994,8,2,0,10
2025-09-03 13:38:29.003994,9,2,0,25
2025-09-03 13:38:29.003994,10,2,0,2
2025-09-03 13:38:29.003994,11,2,0,46
2025-09-03 13:38:29.003994,12,2,0,22
2025-09-03 13:38:29.003994,13,2,0,47
2025-09-03 13:38:29.003994,14,2,0,3
2025-09-03 13:38:29.003994,15,2,0,0
2025-09-03 13:38:29.003994,16,2,0,1
2025-09-03 13:38:29.003994,17,2,0,70
2025-09-03 13:38:29.003994,18,2,0,52
2025-09-03 13:38:29.003994,19,2,0,48
2025-09-03 13:38:29.003994,20,2,0,76
2025-09-03 13:38:29.003994,21,2,0,4
2025-09-03 13:38:29.003994,22,2,0,3
2025-09-03 13:38:29.003994,23,2,0,0
2025-09-04 13:38:29.003994,0,3,0,3
2025-09-04 13:38:29.003994,1,3,0,1
2025-09-04 13:38:29.003994,2,3,0,4
2025-09-04 13:38:29.003994,3,3,0,0
2025-09-04 13:38:29.003994,4,3,0,1
2025-09-04 13:38:29.003994,5,3,0,1
2025-09-04 13:38:29.003994,6,3,0,0
2025-09-04 13:38:29.003994,7,3,0,18
2025-09-04 13:38:29.003994,8,3,0,23
2025-09-04 13:38:29.003994,9,3,0,29
2025-09-04 13:38:29.003994,10,3,0,1
2025-09-04 13:38:29.003994,11,3,0,22
2025-09-04 13:38:29.003994,12,3,0,30
2025-09-04 13:38:29.003994,13,3,0,40
2025-09-04 13:38:29.003994,14,3,0,4
2025-09-04 13:38:29.003994,15,3,0,0
2025-09-04 13:38:29.003994,16,3,0,1
2025-09-04 13:38:29.003994,17,3,0,71
2025-09-04 13:38:29.003994,18,3,0,40
2025-09-04 13:38:29.003994,19,3,0,47
2025-09-04 13:38:29.003994,20,3,0,55
2025-09-04 13:38:29.003994,21,3,0,0
2025-09-04 13:38:29.003994,22,3,0,3
2025-09-04 13:38:29.003994,23,3,0,2
2025-09-05 13:38:29.003994,0,4,0,1
2025-09-05 13:38:29.003994,1,4,0,3
2025-09-05 13:38:29.003994,2,4,0,3
2025-09-05 13:38:29.003994,3,4,0,4
2025-09-05 13:38:29.003994,4,4,0,3
2025-09-05 13:38:29.003994,5,4,0,1
2025-09-05 13:38:29.003994,6,4,0,1
2025-09-05 13:38:29.003994,7,4,0,24
2025-09-05 13:38:29.003994,8,4,0,21
2025-09-05 13:38:29.003994,9,4,0,20
2025-09-05 13:38:29.003994,10,4,0,0
2025-09-05 13:38:29.003994,11,4,0,36
2025-09-05 13:38:29.003994,12,4,0,40
2025-09-05 13:38:29.003994,13,4,0,45
2025-09-05 13:38:29.003994,14,4,0,3
2025-09-05 13:38:29.003994,15,4,0,3
2025-09-05 13:38:29.003994,16,4,0,4
2025-09-05 13:38:29.003994,17,4,0,66
2025-09-05 13:38:29.003994,18,4,0,36
2025-09-05 13:38:29.003994,19,4,0,66
2025-09-05 13:38:29.003994,20,4,0,32
2025-09-05 13:38:29.003994,21,4,0,3
2025-09-05 13:38:29.003994,22,4,0,3
2025-09-05 13:38:29.003994,23,4,0,2
2025-09-06 13:38:29.003994,0,5,1,6
2025-09-06 13:38:29.003994,1,5,1,1
2025-09-06 13:38:29.003994,2,5,1,6
2025-09-06 13:38:29.003994,3,5,1,6
2025-09-06 13:38:29.003994,4,5,1,3
2025-09-06 13:38:29.003994,5,5,1,4
2025-09-06 13:38:29.003994,6,5,1,6
2025-09-06 13:38:29.003994,7,5,1,22
2025-09-06 13:38:29.003994,8,5,1,16
2025-09-06 13:38:29.003994,9,5,1,21
2025-09-06 13:38:29.003994,10,5,1,4
2025-09-06 13:38:29.003994,11,5,1,57
2025-09-06 13:38:29.003994,12,5,1,48
2025-09-06 13:38:29.003994,13,5,1,73
2025-09-06 13:38:29.003994,14,5,1,6
2025-09-06 13:38:29.003994,15,5,1,4
2025-09-06 13:38:29.003994,16,5,1,4
2025-09-06 13:38:29.003994,17,5,1,114
2025-09-06 13:38:29.003994,18,5,1,57
2025-09-06 13:38:29.003994,19,5,1,72
2025-09-06 13:38:29.003994,20,5,1,114
2025-09-06 13:38:29.003994,21,5,1,0
2025-09-06 13:38:29.003994,22,5,1,4
2025-09-06 13:38:29.003994,23,5,1,0
2025-09-07 13:38:29.003994,0,6,1,4
2025-09-07 13:38:29.003994,1,6,1,1
2025-09-07 13:38:29.003994,2,6,1,1
2025-09-07 13:38:29.003994,3,6,1,6
2025-09-07 13:38:29.003994,4,6,1,4
2025-09-07 13:38:29.003994,5,6,1,3
2025-09-07 13:38:29.003994,6,6,1,6
2025-09-07 13:38:29.003994,7,6,1,19
2025-09-07 13:38:29.003994,8,6,1,31
2025-09-07 13:38:29.003994,9,6,1,33
2025-09-07 13:38:29.003994,10,6,1,1
2025-09-07 13:38:29.003994,11,6,1,43
2025-09-07 13:38:29.003994,12,6,1,57
2025-09-07 13:38:29.003994,13,6,1,73
2025-09-07 13:38:29.003994,14,6,1,3
2025-09-07 13:38:29.003994,15,6,1,0
2025-09-07 13:38:29.003994,16,6,1,6
2025-09-07 13:38:29.003994,17,6,1,90
2025-09-07 13:38:29.003994,18,6,1,90
2025-09-07 13:38:29.003994,19,6,1,91
2025-09-07 13:38:29.003994,20,6,1,58
2025-09-07 13:38:29.003994,21,6,1,1
2025-09-07 13:38:29.003994,22,6,1,1
2025-09-07 13:38:29.003994,23,6,1,4
2025-09-08 13:38:29.003994,0,0,0,0
2025-09-08 13:38:29.003994,1,0,0,4
2025-09-08 13:38:29.003994,2,0,0,2
2025-09-08 13:38:29.003994,3,0,0,0
2025-09-08 13:38:29.003994,4,0,0,2
2025-09-08 13:38:29.003994,5,0,0,4
2025-09-08 13:38:29.003994,6,0,0,3
2025-09-08 13:38:29.003994,7,0,0,24
2025-09-08 13:38:29.003994,8,0,0,21
2025-09-08 13:38:29.003994,9,0,0,10
2025-09-08 13:38:29.003994,10,0,0,2
2025-09-08 13:38:29.003994,11,0,0,20
2025-09-08 13:38:29.003994,12,0,0,40
2025-09-08 13:38:29.003994,13,0,0,26
2025-09-08 13:38:29.003994,14,0,0,1
2025-09-08 13:38:29.003994,15,0,0,1
2025-09-08 13:38:29.003994,16,0,0,3
2025-09-08 13:38:29.003994,17,0,0,48
2025-09-08 13:38:29.003994,18,0,0,40
2025-09-08 13:38:29.003994,19,0,0,72
2025-09-08 13:38:29.003994,20,0,0,74
2025-09-08 13:38:29.003994,21,0,0,2
2025-09-08 13:38:29.003994,22,0,0,3
2025-09-08 13:38:29.003994,23,0,0,2
2025-09-09 13:38:29.003994,0,1,0,1
2025-09-09 13:38:29.003994,1,1,0,2
2025-09-09 13:38:29.003994,2,1,0,0
2025-09-09 13:38:29.003994,3,1,0,1
2025-09-09 13:38:29.003994,4,1,0,0
2025-09-09 13:38:29.003994,5,1,0,1
2025-09-09 13:38:29.003994,6,1,0,3
2025-09-09 13:38:29.003994,7,1,0,15
2025-09-09 13:38:29.003994,8,1,0,19
2025-09-09 13:38:29.003994,9,1,0,19
2025-09-09 13:38:29.003994,10,1,0,0
2025-09-09 13:38:29.003994,11,1,0,43
2025-09-09 13:38:29.003994,12,1,0,41
2025-09-09 13:38:29.003994,13,1,0,34
2025-09-09 13:38:29.003994,14,1,0,4
2025-09-09 13:38:29.003994,15,1,0,4
2025-09-09 13:38:29.003994,16,1,0,0
2025-09-09 13:38:29.003994,17,1,0,79
2025-09-09 13:38:29.003994,18,1,0,56
2025-09-09 13:38:29.003994,19,1,0,45
2025-09-09 13:38:29.003994,20,1,0,61
2025-09-09 13:38:29.003994,21,1,0,1
2025-09-09 13:38:29.003994,22,1,0,0
2025-09-09 13:38:29.003994,23,1,0,1
2025-09-10 13:38:29.003994,0,2,0,3
2025-09-10 13:38:29.003994,1,2,0,0
2025-09-10 13:38:29.003994,2,2,0,3
2025-09-10 13:38:29.003994,3,2,0,1
2025-09-10 13:38:29.003994,4,2,0,0
2025-09-10 13:38:29.003994,5,2,0,1
2025-09-10 13:38:29.003994,6,2,0,0
2025-09-10 13:38:29.003994,7,2,0,25
2025-09-10 13:38:29.003994,8,2,0,16
2025-09-10 13:38:29.003994,9,2,0,11
2025-09-10 13:38:29.003994,10,2,0,0
2025-09-10 13:38:29.003994,11,2,0,47
2025-09-10 13:38:29.003994,12,2,0,43
2025-09-10 13:38:29.003994,13,2,0,21
2025-09-10 13:38:29.003994,14,2,0,0
2025-09-10 13:38:29.003994,15,2,0,1
2025-09-10 13:38:29.003994,16,2,0,4
2025-09-10 13:38:29.003994,17,2,0,66
2025-09-10 13:38:29.003994,18,2,0,49
2025-09-10 13:38:29.003994,19,2,0,68
2025-09-10 13:38:29.003994,20,2,0,39
2025-09-10 13:38:29.003994,21,2,0,4
2025-09-10 13:38:29.003994,22,2,0,1
2025-09-10 13:38:29.003994,23,2,0,1
2025-09-11 13:38:29.003994,0,3,0,1
2025-09-11 13:38:29.003994,1,3,0,3
2025-09-11 13:38:29.003994,2,3,0,3
2025-09-11 13:38:29.003994,3,3,0,4
2025-09-11 13:38:29.003994,4,3,0,3
2025-09-11 13:38:29.003994,5,3,0,4
2025-09-11 13:38:29.003994,6,3,0,3
2025-09-11 13:38:29.003994,7,3,0,10
2025-09-11 13:38:29.003994,8,3,0,13
2025-09-11 13:38:29.003994,9,3,0,27
2025-09-11 13:38:29.003994,10,3,0,2
2025-09-11 13:38:29.003994,11,3,0,46
2025-09-11 13:38:29.003994,12,3,0,24
2025-09-11 13:38:29.003994,13,3,0,40
2025-09-11 13:38:29.003994,14,3,0,2
2025-09-11 13:38:29.003994,15,3,0,3
2025-09-11 13:38:29.003994,16,3,0,0
2025-09-11 13:38:29.003994,17,3,0,52
2025-09-11 13:38:29.003994,18,3,0,36
2025-09-11 13:38:29.003994,19,3,0,46
2025-09-11 13:38:29.003994,20,3,0,76
2025-09-11 13:38:29.003994,21,3,0,3
2025-09-11 13:38:29.003994,22,3,0,1
2025-09-11 13:38:29.003994,23,3,0,4
2025-09-12 13:38:29.003994,0,4,0,4
2025-09-12 13:38:29.003994,1,4,0,2
2025-09-12 13:38:29.003994,2,4,0,3
2025-09-12 13:38:29.003994,3,4,0,2
2025-09-12 13:38:29.003994,4,4,0,2
2025-09-12 13:38:29.003994,5,4,0,0
2025-09-12 13:38:29.003994,6,4,0,4
2025-09-12 13:38:29.003994,7,4,0,26
2025-09-12 13:38:29.003994,8,4,0,28
2025-09-12 13:38:29.003994,9,4,0,29
2025-09-12 13:38:29.003994,10,4,0,2
2025-09-12 13:38:29.003994,11,4,0,28
2025-09-12 13:38:29.003994,12,4,0,25
2025-09-12 13:38:29.003994,13,4,0,41
2025-09-12 13:38:29.003994,14,4,0,1
2025-09-12 13:38:29.003994,15,4,0,4
2025-09-12 13:38:29.003994,16,4,0,4
2025-09-12 13:38:29.003994,17,4,0,56
2025-09-12 13:38:29.003994,18,4,0,37
2025-09-12 13:38:29.003994,19,4,0,49
2025-09-12 13:38:29.003994,20,4,0,52
2025-09-12 13:38:29.003994,21,4,0,2
2025-09-12 13:38:29.003994,22,4,0,2
2025-09-12 13:38:29.003994,23,4,0,4
2025-09-13 13:38:29.003994,0,5,1,1
2025-09-13 13:38:29.003994,1,5,1,3
2025-09-13 13:38:29.003994,2,5,1,4
2025-09-13 13:38:29.003994,3,5,1,3
2025-09-13 13:38:29.003994,4,5,1,0
2025-09-13 13:38:29.003994,5,5,1,1
2025-09-13 13:38:29.003994,6,5,1,6
2025-09-13 13:38:29.003994,7,5,1,39
2025-09-13 13:38:29.003994,8,5,1,43
2025-09-13 13:38:29.003994,9,5,1,37
2025-09-13 13:38:29.003994,10,5,1,3
2025-09-13 13:38:29.003994,11,5,1,33
2025-09-13 13:38:29.003994,12,5,1,33
2025-09-13 13:38:29.003994,13,5,1,69
2025-09-13 13:38:29.003994,14,5,1,4
2025-09-13 13:38:29.003994,15,5,1,4
2025-09-13 13:38:29.003994,16,5,1,4
2025-09-13 13:38:29.003994,17,5,1,73
2025-09-13 13:38:29.003994,18,5,1,102
2025-09-13 13:38:29.003994,19,5,1,72
2025-09-13 13:38:29.003994,20,5,1,111
2025-09-13 13:38:29.003994,21,5,1,3
2025-09-13 13:38:29.003994,22,5,1,6
2025-09-13 13:38:29.003994,23,5,1,6
2025-09-14 13:38:29.003994,0,6,1,4
2025-09-14 13:38:29.003994,1,6,1,0
2025-09-14 13:38:29.003994,2,6,1,4
2025-09-14 13:38:29.003994,3,6,1,4
2025-09-14 13:38:29.003994,4,6,1,6
2025-09-14 13:38:29.003994,5,6,1,6
2025-09-14 13:38:29.003994,6,6,1,3
2025-09-14 13:38:29.003994,7,6,1,25
2025-09-14 13:38:29.003994,8,6,1,25
2025-09-14 13:38:29.003994,9,6,1,37
2025-09-14 13:38:29.003994,10,6,1,3
2025-09-14 13:38:29.003994,11,6,1,63
2025-09-14 13:38:29.003994,12,6,1,48
2025-09-14 13:38:29.003994,13,6,1,42
2025-09-14 13:38:29.003994,14,6,1,4
2025-09-14 13:38:29.003994,15,6,1,3
2025-09-14 13:38:29.003994,16,6,1,3
2025-09-14 13:38:29.003994,17,6,1,66
2025-09-14 13:38:29.003994,18,6,1,82
2025-09-14 13:38:29.003994,19,6,1,84
2025-09-14 13:38:29.003994,20,6,1,100
2025-09-14 13:38:29.003994,21,6,1,1
2025-09-14 13:38:29.003994,22,6,1,3
2025-09-14 13:38:29.003994,23,6,1,3
2025-09-15 13:38:29.003994,0,0,0,3
2025-09-15 13:38:29.003994,1,0,0,0
2025-09-15 13:38:29.003994,2,0,0,1
2025-09-15 13:38:29.003994,3,0,0,3
2025-09-15 13:38:29.003994,4,0,0,0
2025-09-15 13:38:29.003994,5,0,0,2
2025-09-15 13:38:29.003994,6,0,0,2
2025-09-15 13:38:29.003994,7,0,0,24
2025-09-15 13:38:29.003994,8,0,0,16
2025-09-15 13:38:29.003994,9,0,0,13
2025-09-15 13:38:29.003994,10,0,0,0
2025-09-15 13:38:29.003994,11,0,0,45
2025-09-15 13:38:29.003994,12,0,0,30
2025-09-15 13:38:29.003994,13,0,0,40
2025-09-15 13:38:29.003994,14,0,0,4
2025-09-15 13:38:29.003994,15,0,0,4
2025-09-15 13:38:29.003994,16,0,0,0
2025-09-15 13:38:29.003994,17,0,0,54
2025-09-15 13:38:29.003994,18,0,0,33
2025-09-15 13:38:29.003994,19,0,0,61
2025-09-15 13:38:29.003994,20,0,0,36
2025-09-15 13:38:29.003994,21,0,0,1
2025-09-15 13:38:29.003994,22,0,0,2
2025-09-15 13:38:29.003994,23,0,0,3
2025-09-16 13:38:29.003994,0,1,0,0
2025-09-16 13:38:29.003994,1,1,0,4
2025-09-16 13:38:29.003994,2,1,0,1
2025-09-16 13:38:29.003994,3,1,0,3
2025-09-16 13:38:29.003994,4,1,0,2
2025-09-16 13:38:29.003994,5,1,0,0
2025-09-16 13:38:29.003994,6,1,0,1
2025-09-16 13:38:29.003994,7,1,0,28
2025-09-16 13:38:29.003994,8,1,0,13
2025-09-16 13:38:29.003994,9,1,0,26
2025-09-16 13:38:29.003994,10,1,0,2
2025-09-16 13:38:29.003994,11,1,0,48
2025-09-16 13:38:29.003994,12,1,0,34
2025-09-16 13:38:29.003994,13,1,0,38
2025-09-16 13:38:29.003994,14,1,0,1
2025-09-16 13:38:29.003994,15,1,0,2
2025-09-16 13:38:29.003994,16,1,0,4
2025-09-16 13:38:29.003994,17,1,0,67
2025-09-16 13:38:29.003994,18,1,0,71
2025-09-16 13:38:29.003994,19,1,0,47
2025-09-16 13:38:29.003994,20,1,0,70
2025-09-16 13:38:29.003994,21,1,0,1
2025-09-16 13:38:29.003994,22,1,0,1
2025-09-16 13:38:29.003994,23,1,0,0
2025-09-17 13:38:29.003994,0,2,0,4
2025-09-17 13:38:29.003994,1,2,0,1
2025-09-17 13:38:29.003994,2,2,0,2
2025-09-17 13:38:29.003994,3,2,0,3
2025-09-17 13:38:29.003994,4,2,0,0
2025-09-17 13:38:29.003994,5,2,0,0
2025-09-17 13:38:29.003994,6,2,0,3
2025-09-17 13:38:29.003994,7,2,0,11
2025-09-17 13:38:29.003994,8,2,0,26
2025-09-17 13:38:29.003994,9,2,0,20
2025-09-17 13:38:29.003994,10,2,0,1
2025-09-17 13:38:29.003994,11,2,0,20
2025-09-17 13:38:29.003994,12,2,0,28
2025-09-17 13:38:29.003994,13,2,0,22
2025-09-17 13:38:29.003994,14,2,0,4
2025-09-17 13:38:29.003994,15,2,0,2
2025-09-17 13:38:29.003994,16,2,0,3
2025-09-17 13:38:29.003994,17,2,0,72
2025-09-17 13:38:29.003994,18,2,0,61
2025-09-17 13:38:29.003994,19,2,0,47
2025-09-17 13:38:29.003994,20,2,0,58
2025-09-17 13:38:29.003994,21,2,0,2
2025-09-17 13:38:29.003994,22,2,0,2
2025-09-17 13:38:29.003994,23,2,0,2
2025-09-18 13:38:29.003994,0,3,0,3
2025-09-18 13:38:29.003994,1,3,0,4
2025-09-18 13:38:29.003994,2,3,0,0
2025-09-18 13:38:29.003994,3,3,0,1
2025-09-18 13:38:29.003994,4,3,0,0
2025-09-18 13:38:29.003994,5,3,0,3
2025-09-18 13:38:29.003994,6,3,0,2
2025-09-18 13:38:29.003994,7,3,0,21
2025-09-18 13:38:29.003994,8,3,0,13
2025-09-18 13:38:29.003994,9,3,0,16
2025-09-18 13:38:29.003994,10,3,0,4
2025-09-18 13:38:29.003994,11,3,0,45
2025-09-18 13:38:29.003994,12,3,0,42
2025-09-18 13:38:29.003994,13,3,0,32
2025-09-18 13:38:29.003994,14,3,0,3
2025-09-18 13:38:29.003994,15,3,0,2
2025-09-18 13:38:29.003994,16,3,0,4
2025-09-18 13:38:29.003994,17,3,0,60
2025-09-18 13:38:29.003994,18,3,0,59
2025-09-18 13:38:29.003994,19,3,0,71
2025-09-18 13:38:29.003994,20,3,0,39
2025-09-18 13:38:29.003994,21,3,0,4
2025-09-18 13:38:29.003994,22,3,0,3
2025-09-18 13:38:29.003994,23,3,0,2
2025-09-19 13:38:29.003994,0,4,0,0
2025-09-19 13:38:29.003994,1,4,0,4
2025-09-19 13:38:29.003994,2,4,0,3
2025-09-19 13:38:29.003994,3,4,0,4
2025-09-19 13:38:29.003994,4,4,0,0
2025-09-19 13:38:29.003994,5,4,0,2
2025-09-19 13:38:29.003994,6,4,0,4
2025-09-19 13:38:29.003994,7,4,0,29
2025-09-19 13:38:29.003994,8,4,0,21
2025-09-19 13:38:29.003994,9,4,0,12
2025-09-19 13:38:29.003994,10,4,0,2
2025-09-19 13:38:29.003994,11,4,0,31
2025-09-19 13:38:29.003994,12,4,0,45
2025-09-19 13:38:29.003994,13,4,0,31
2025-09-19 13:38:29.003994,14,4,0,2
2025-09-19 13:38:29.003994,15,4,0,1
2025-09-19 13:38:29.003994,16,4,0,2
2025-09-19 13:38:29.003994,17,4,0,47
2025-09-19 13:38:29.003994,18,4,0,78
2025-09-19 13:38:29.003994,19,4,0,58
2025-09-19 13:38:29.003994,20,4,0,73
2025-09-19 13:38:29.003994,21,4,0,1
2025-09-19 13:38:29.003994,22,4,0,0
2025-09-19 13:38:29.003994,23,4,0,0
2025-09-20 13:38:29.003994,0,5,1,6
2025-09-20 13:38:29.003994,1,5,1,3
2025-09-20 13:38:29.003994,2,5,1,4
2025-09-20 13:38:29.003994,3,5,1,4
2025-09-20 13:38:29.003994,4,5,1,3
2025-09-20 13:38:29.003994,5,5,1,0
2025-09-20 13:38:29.003994,6,5,1,0
2025-09-20 13:38:29.003994,7,5,1,33
2025-09-20 13:38:29.003994,8,5,1,21
2025-09-20 13:38:29.003994,9,5,1,28
2025-09-20 13:38:29.003994,10,5,1,3
2025-09-20 13:38:29.003994,11,5,1,51
2025-09-20 13:38:29.003994,12,5,1,69
2025-09-20 13:38:29.003994,13,5,1,57
2025-09-20 13:38:29.003994,14,5,1,1
2025-09-20 13:38:29.003994,15,5,1,4
2025-09-20 13:38:29.003994,16,5,1,6
2025-09-20 13:38:29.003994,17,5,1,52
2025-09-20 13:38:29.003994,18,5,1,114
2025-09-20 13:38:29.003994,19,5,1,87
2025-09-20 13:38:29.003994,20,5,1,48
2025-09-20 13:38:29.003994,21,5,1,1
2025-09-20 13:38:29.003994,22,5,1,4
2025-09-20 13:38:29.003994,23,5,1,4
2025-09-21 13:38:29.003994,0,6,1,3
2025-09-21 13:38:29.003994,1,6,1,6
2025-09-21 13:38:29.003994,2,6,1,3
2025-09-21 13:38:29.003994,3,6,1,6
2025-09-21 13:38:29.003994,4,6,1,6
2025-09-21 13:38:29.003994,5,6,1,3
2025-09-21 13:38:29.003994,6,6,1,0
2025-09-21 13:38:29.003994,7,6,1,34
2025-09-21 13:38:29.003994,8,6,1,24
2025-09-21 13:38:29.003994,9,6,1,27
2025-09-21 13:38:29.003994,10,6,1,0
2025-09-21 13:38:29.003994,11,6,1,46
2025-09-21 13:38:29.003994,12,6,1,43
2025-09-21 13:38:29.003994,13,6,1,52
2025-09-21 13:38:29.003994,14,6,1,0
2025-09-21 13:38:29.003994,15,6,1,0
2025-09-21 13:38:29.003994,16,6,1,1
2025-09-21 13:38:29.003994,17,6,1,81
2025-09-21 13:38:29.003994,18,6,1,82
2025-09-21 13:38:29.003994,19,6,1,97
2025-09-21 13:38:29.003994,20,6,1,78
2025-09-21 13:38:29.003994,21,6,1,3
2025-09-21 13:38:29.003994,22,6,1,6
2025-09-21 13:38:29.003994,23,6,1,3
2025-09-22 13:38:29.003994,0,0,0,0
2025-09-22 13:38:29.003994,1,0,0,1
2025-09-22 13:38:29.003994,2,0,0,4
2025-09-22 13:38:29.003994,3,0,0,2
2025-09-22 13:38:29.003994,4,0,0,3
2025-09-22 13:38:29.003994,5,0,0,1
2025-09-22 13:38:29.003994,6,0,0,2
2025-09-22 13:38:29.003994,7,0,0,28
2025-09-22 13:38:29.003994,8,0,0,24
2025-09-22 13:38:29.003994,9,0,0,17
2025-09-22 13:38:29.003994,10,0,0,3
2025-09-22 13:38:29.003994,11,0,0,20
2025-09-22 13:38:29.003994,12,0,0,33
2025-09-22 13:38:29.003994,13,0,0,21
2025-09-22 13:38:29.003994,14,0,0,2
2025-09-22 13:38:29.003994,15,0,0,1
2025-09-22 13:38:29.003994,16,0,0,4
2025-09-22 13:38:29.003994,17,0,0,34
2025-09-22 13:38:29.003994,18,0,0,49
2025-09-22 13:38:29.003994,19,0,0,76
2025-09-22 13:38:29.003994,20,0,0,31
2025-09-22 13:38:29.003994,21,0,0,1
2025-09-22 13:38:29.003994,22,0,0,4
2025-09-22 13:38:29.003994,23,0,0,1
2025-09-23 13:38:29.003994,0,1,0,3
2025-09-23 13:38:29.003994,1,1,0,4
2025-09-23 13:38:29.003994,2,1,0,1
2025-09-23 13:38:29.003994,3,1,0,0
2025-09-23 13:38:29.003994,4,1,0,2
2025-09-23 13:38:29.003994,5,1,0,2
2025-09-23 13:38:29.003994,6,1,0,2
2025-09-23 13:38:29.003994,7,1,0,23
2025-09-23 13:38:29.003994,8,1,0,21
2025-09-23 13:38:29.003994,9,1,0,10
2025-09-23 13:38:29.003994,10,1,0,2
2025-09-23 13:38:29.003994,11,1,0,42
2025-09-23 13:38:29.003994,12,1,0,37
2025-09-23 13:38:29.003994,13,1,0,42
2025-09-23 13:38:29.003994,14,1,0,3
2025-09-23 13:38:29.003994,15,1,0,3
2025-09-23 13:38:29.003994,16,1,0,3
2025-09-23 13:38:29.003994,17,1,0,62
2025-09-23 13:38:29.003994,18,1,0,57
2025-09-23 13:38:29.003994,19,1,0,78
2025-09-23 13:38:29.003994,20,1,0,55
2025-09-23 13:38:29.003994,21,1,0,2
2025-09-23 13:38:29.003994,22,1,0,1
2025-09-23 13:38:29.003994,23,1,0,2
2025-09-24 13:38:29.003994,0,2,0,4
2025-09-24 13:38:29.003994,1,2,0,3
2025-09-24 13:38:29.003994,2,2,0,3
2025-09-24 13:38:29.003994,3,2,0,2
2025-09-24 13:38:29.003994,4,2,0,3
2025-09-24 13:38:29.003994,5,2,0,4
2025-09-24 13:38:29.003994,6,2,0,3
2025-09-24 13:38:29.003994,7,2,0,17
2025-09-24 13:38:29.003994,8,2,0,18
2025-09-24 13:38:29.003994,9,2,0,15
2025-09-24 13:38:29.003994,10,2,0,2
2025-09-24 13:38:29.003994,11,2,0,30
2025-09-24 13:38:29.003994,12,2,0,30
2025-09-24 13:38:29.003994,13,2,0,42
2025-09-24 13:38:29.003994,14,2,0,0
2025-09-24 13:38:29.003994,15,2,0,4
2025-09-24 13:38:29.003994,16,2,0,0
2025-09-24 13:38:29.003994,17,2,0,74
2025-09-24 13:38:29.003994,18,2,0,47
2025-09-24 13:38:29.003994,19,2,0,76
2025-09-24 13:38:29.003994,20,2,0,71
2025-09-24 13:38:29.003994,21,2,0,1
2025-09-24 13:38:29.003994,22,2,0,3
2025-09-24 13:38:29.003994,23,2,0,2
2025-09-25 13:38:29.003994,0,3,0,2
2025-09-25 13:38:29.003994,1,3,0,0
2025-09-25 13:38:29.003994,2,3,0,4
2025-09-25 13:38:29.003994,3,3,0,4
2025-09-25 13:38:29.003994,4,3,0,0
2025-09-25 13:38:29.003994,5,3,0,4
2025-09-25 13:38:29.003994,6,3,0,1
2025-09-25 13:38:29.003994,7,3,0,22
2025-09-25 13:38:29.003994,8,3,0,29
2025-09-25 13:38:29.003994,9,3,0,26
2025-09-25 13:38:29.003994,10,3,0,3
2025-09-25 13:38:29.003994,11,3,0,21
2025-09-25 13:38:29.003994,12,3,0,45
2025-09-25 13:38:29.003994,13,3,0,28
2025-09-25 13:38:29.003994,14,3,0,2
2025-09-25 13:38:29.003994,15,3,0,0
2025-09-25 13:38:29.003994,16,3,0,4
2025-09-25 13:38:29.003994,17,3,0,40
2025-09-25 13:38:29.003994,18,3,0,69
2025-09-25 13:38:29.003994,19,3,0,64
2025-09-25 13:38:29.003994,20,3,0,53
2025-09-25 13:38:29.003994,21,3,0,2
2025-09-25 13:38:29.003994,22,3,0,1
2025-09-25 13:38:29.003994,23,3,0,0
2025-09-26 13:38:29.003994,0,4,0,3
2025-09-26 13:38:29.003994,1,4,0,4
2025-09-26 13:38:29.003994,2,4,0,4
2025-09-26 13:38:29.003994,3,4,0,2
2025-09-26 13:38:29.003994,4,4,0,0
2025-09-26 13:38:29.003994,5,4,0,3
2025-09-26 13:38:29.003994,6,4,0,0
2025-09-26 13:38:29.003994,7,4,0,26
2025-09-26 13:38:29.003994,8,4,0,20
2025-09-26 13:38:29.003994,9,4,0,25
2025-09-26 13:38:29.003994,10,4,0,1
2025-09-26 13:38:29.003994,11,4,0,38
2025-09-26 13:38:29.003994,12,4,0,44
2025-09-26 13:38:29.003994,13,4,0,28
2025-09-26 13:38:29.003994,14,4,0,0
2025-09-26 13:38:29.003994,15,4,0,1
2025-09-26 13:38:29.003994,16,4,0,2
2025-09-26 13:38:29.003994,17,4,0,63
2025-09-26 13:38:29.003994,18,4,0,69
2025-09-26 13:38:29.003994,19,4,0,63
2025-09-26 13:38:29.003994,20,4,0,74
2025-09-26 13:38:29.003994,21,4,0,4
2025-09-26 13:38:29.003994,22,4,0,1
2025-09-26 13:38:29.003994,23,4,0,0
2025-09-27 13:38:29.003994,0,5,1,3
2025-09-27 13:38:29.003994,1,5,1,1
2025-09-27 13:38:29.003994,2,5,1,1
2025-09-27 13:38:29.003994,3,5,1,0
2025-09-27 13:38:29.003994,4,5,1,4
2025-09-27 13:38:29.003994,5,5,1,1
2025-09-27 13:38:29.003994,6,5,1,4
2025-09-27 13:38:29.003994,7,5,1,27
2025-09-27 13:38:29.003994,8,5,1,25
2025-09-27 13:38:29.003994,9,5,1,33
2025-09-27 13:38:29.003994,10,5,1,0
2025-09-27 13:38:29.003994,11,5,1,34
2025-09-27 13:38:29.003994,12,5,1,52
2025-09-27 13:38:29.003994,13,5,1,66
2025-09-27 13:38:29.003994,14,5,1,4
2025-09-27 13:38:29.003994,15,5,1,6
2025-09-27 13:38:29.003994,16,5,1,6
2025-09-27 13:38:29.003994,17,5,1,66
2025-09-27 13:38:29.003994,18,5,1,114
2025-09-27 13:38:29.003994,19,5,1,87
2025-09-27 13:38:29.003994,20,5,1,49
2025-09-27 13:38:29.003994,21,5,1,1
2025-09-27 13:38:29.003994,22,5,1,6
2025-09-27 13:38:29.003994,23,5,1,1
2025-09-28 13:38:29.003994,0,6,1,6
2025-09-28 13:38:29.003994,1,6,1,0
2025-09-28 13:38:29.003994,2,6,1,3
2025-09-28 13:38:29.003994,3,6,1,0
2025-09-28 13:38:29.003994,4,6,1,6
2025-09-28 13:38:29.003994,5,6,1,3
2025-09-28 13:38:29.003994,6,6,1,3
2025-09-28 13:38:29.003994,7,6,1,28
2025-09-28 13:38:29.003994,8,6,1,19
2025-09-28 13:38:29.003994,9,6,1,31
2025-09-28 13:38:29.003994,10,6,1,6
2025-09-28 13:38:29.003994,11,6,1,70
2025-09-28 13:38:29.003994,12,6,1,58
2025-09-28 13:38:29.003994,13,6,1,61
2025-09-28 13:38:29.003994,14,6,1,4
2025-09-28 13:38:29.003994,15,6,1,6
2025-09-28 13:38:29.003994,16,6,1,6
2025-09-28 13:38:29.003994,17,6,1,51
2025-09-28 13:38:29.003994,18,6,1,90
2025-09-28 13:38:29.003994,19,6,1,73
2025-09-28 13:38:29.003994,20,6,1,69
2025-09-28 13:38:29.003994,21,6,1,6
2025-09-28 13:38:29.003994,22,6,1,1
2025-09-28 13:38:29.003994,23,6,1,0
2025-09-29 13:38:29.003994,0,0,0,4
2025-09-29 13:38:29.003994,1,0,0,1
2025-09-29 13:38:29.003994,2,0,0,3
2025-09-29 13:38:29.003994,3,0,0,1
2025-09-29 13:38:29.003994,4,0,0,2
2025-09-29 13:38:29.003994,5,0,0,1
2025-09-29 13:38:29.003994,6,0,0,2
2025-09-29 13:38:29.003994,7,0,0,20
2025-09-29 13:38:29.003994,8,0,0,14
2025-09-29 13:38:29.003994,9,0,0,28
2025-09-29 13:38:29.003994,10,0,0,0
2025-09-29 13:38:29.003994,11,0,0,34
2025-09-29 13:38:29.003994,12,0,0,31
2025-09-29 13:38:29.003994,13,0,0,42
2025-09-29 13:38:29.003994,14,0,0,0
2025-09-29 13:38:29.003994,15,0,0,2
2025-09-29 13:38:29.003994,16,0,0,3
2025-09-29 13:38:29.003994,17,0,0,78
2025-09-29 13:38:29.003994,18,0,0,45
2025-09-29 13:38:29.003994,19,0,0,37
2025-09-29 13:38:29.003994,20,0,0,57
2025-09-29 13:38:29.003994,21,0,0,3
2025-09-29 13:38:29.003994,22,0,0,2
2025-09-29 13:38:29.003994,23,0,0,1
2025-09-30 13:38:29.003994,0,1,0,0
2025-09-30 13:38:29.003994,1,1,0,4
2025-09-30 13:38:29.003994,2,1,0,4
2025-09-30 13:38:29.003994,3,1,0,2
2025-09-30 13:38:29.003994,4,1,0,1
2025-09-30 13:38:29.003994,5,1,0,1
2025-09-30 13:38:29.003994,6,1,0,3
2025-09-30 13:38:29.003994,7,1,0,15
2025-09-30 13:38:29.003994,8,1,0,15
2025-09-30 13:38:29.003994,9,1,0,26
2025-09-30 13:38:29.003994,10,1,0,2
2025-09-30 13:38:29.003994,11,1,0,38
2025-09-30 13:38:29.003994,12,1,0,47
2025-09-30 13:38:29.003994,13,1,0,30
2025-09-30 13:38:29.003994,14,1,0,4
2025-09-30 13:38:29.003994,15,1,0,2
2025-09-30 13:38:29.003994,16,1,0,1
2025-09-30 13:38:29.003994,17,1,0,68
2025-09-30 13:38:29.003994,18,1,0,37
2025-09-30 13:38:29.003994,19,1,0,49
2025-09-30 13:38:29.003994,20,1,0,36
2025-09-30 13:38:29.003994,21,1,0,0
2025-09-30 13:38:29.003994,22,1,0,4
2025-09-30 13:38:29.003994,23,1,0,0
2025-10-01 13:38:29.003994,0,2,0,4
2025-10-01 13:38:29.003994,1,2,0,3
2025-10-01 13:38:29.003994,2,2,0,2
2025-10-01 13:38:29.003994,3,2,0,2
2025-10-01 13:38:29.003994,4,2,0,2
2025-10-01 13:38:29.003994,5,2,0,4
2025-10-01 13:38:29.003994,6,2,0,2
2025-10-01 13:38:29.003994,7,2,0,25
2025-10-01 13:38:29.003994,8,2,0,18
2025-10-01 13:38:29.003994,9,2,0,20
2025-10-01 13:38:29.003994,10,2,0,1
2025-10-01 13:38:29.003994,11,2,0,20
2025-10-01 13:38:29.003994,12,2,0,23
2025-10-01 13:38:29.003994,13,2,0,28
2025-10-01 13:38:29.003994,14,2,0,2
2025-10-01 13:38:29.003994,15,2,0,0
2025-10-01 13:38:29.003994,16,2,0,2
2025-10-01 13:38:29.003994,17,2,0,77
2025-10-01 13:38:29.003994,18,2,0,76
2025-10-01 13:38:29.003994,19,2,0,43
2025-10-01 13:38:29.003994,20,2,0,60
2025-10-01 13:38:29.003994,21,2,0,0
2025-10-01 13:38:29.003994,22,2,0,3
2025-10-01 13:38:29.003994,23,2,0,3
2025-10-02 13:38:29.003994,0,3,0,1
2025-10-02 13:38:29.003994,1,3,0,1
2025-10-02 13:38:29.003994,2,3,0,1
2025-10-02 13:38:29.003994,3,3,0,2
2025-10-02 13:38:29.003994,4,3,0,1
2025-10-02 13:38:29.003994,5,3,0,3
2025-10-02 13:38:29.003994,6,3,0,2
2025-10-02 13:38:29.003994,7,3,0,18
2025-10-02 13:38:29.003994,8,3,0,17
2025-10-02 13:38:29.003994,9,3,0,29
2025-10-02 13:38:29.003994,10,3,0,0
2025-10-02 13:38:29.003994,11,3,0,20
2025-10-02 13:38:29.003994,12,3,0,49
2025-10-02 13:38:29.003994,13,3,0,33
2025-10-02 13:38:29.003994,14,3,0,0
2025-10-02 13:38:29.003994,15,3,0,4
2025-10-02 13:38:29.003994,16,3,0,1
2025-10-02 13:38:29.003994,17,3,0,36
2025-10-02 13:38:29.003994,18,3,0,60
2025-10-02 13:38:29.003994,19,3,0,54
2025-10-02 13:38:29.003994,20,3,0,31
2025-10-02 13:38:29.003994,21,3,0,0
2025-10-02 13:38:29.003994,22,3,0,4
2025-10-02 13:38:29.003994,23,3,0,0
2025-10-03 13:38:29.003994,0,4,0,4
2025-10-03 13:38:29.003994,1,4,0,3
2025-10-03 13:38:29.003994,2,4,0,4
2025-10-03 13:38:29.003994,3,4,0,4
2025-10-03 13:38:29.003994,4,4,0,4
2025-10-03 13:38:29.003994,5,4,0,2
2025-10-03 13:38:29.003994,6,4,0,4
2025-10-03 13:38:29.003994,7,4,0,26
2025-10-03 13:38:29.003994,8,4,0,26
2025-10-03 13:38:29.003994,9,4,0,11
2025-10-03 13:38:29.003994,10,4,0,3
2025-10-03 13:38:29.003994,11,4,0,26
2025-10-03 13:38:29.003994,12,4,0,49
2025-10-03 13:38:29.003994,13,4,0,26
2025-10-03 13:38:29.003994,14,4,0,0
2025-10-03 13:38:29.003994,15,4,0,4
2025-10-03 13:38:29.003994,16,4,0,4
2025-10-03 13:38:29.003994,17,4,0,45
2025-10-03 13:38:29.003994,18,4,0,70
2025-10-03 13:38:29.003994,19,4,0,69
2025-10-03 13:38:29.003994,20,4,0,34
2025-10-03 13:38:29.003994,21,4,0,1
2025-10-03 13:38:29.003994,22,4,0,0
2025-10-03 13:38:29.003994,23,4,0,1
2025-10-04 13:38:29.003994,0,5,1,0
2025-10-04 13:38:29.003994,1,5,1,3
2025-10-04 13:38:29.003994,2,5,1,4
2025-10-04 13:38:29.003994,3,5,1,1
2025-10-04 13:38:29.003994,4,5,1,6
2025-10-04 13:38:29.003994,5,5,1,3
2025-10-04 13:38:29.003994,6,5,1,0
2025-10-04 13:38:29.003994,7,5,1,24
2025-10-04 13:38:29.003994,8,5,1,15
2025-10-04 13:38:29.003994,9,5,1,19
2025-10-04 13:38:29.003994,10,5,1,4
2025-10-04 13:38:29.003994,11,5,1,55
2025-10-04 13:38:29.003994,12,5,1,45
2025-10-04 13:38:29.003994,13,5,1,30
2025-10-04 13:38:29.003994,14,5,1,4
2025-10-04 13:38:29.003994,15,5,1,1
2025-10-04 13:38:29.003994,16,5,1,0
2025-10-04 13:38:29.003994,17,5,1,52
2025-10-04 13:38:29.003994,18,5,1,78
2025-10-04 13:38:29.003994,19,5,1,106
2025-10-04 13:38:29.003994,20,5,1,63
2025-10-04 13:38:29.003994,21,5,1,1
2025-10-04 13:38:29.003994,22,5,1,6
2025-10-04 13:38:29.003994,23,5,1,0
2025-10-05 13:38:29.003994,0,6,1,6
2025-10-05 13:38:29.003994,1,6,1,3
2025-10-05 13:38:29.003994,2,6,1,6
2025-10-05 13:38:29.003994,3,6,1,1
2025-10-05 13:38:29.003994,4,6,1,0
2025-10-05 13:38:29.003994,5,6,1,1
2025-10-05 13:38:29.003994,6,6,1,3
2025-10-05 13:38:29.003994,7,6,1,16
2025-10-05 13:38:29.003994,8,6,1,19
2025-10-05 13:38:29.003994,9,6,1,24
2025-10-05 13:38:29.003994,10,6,1,1
2025-10-05 13:38:29.003994,11,6,1,39
2025-10-05 13:38:29.003994,12,6,1,30
2025-10-05 13:38:29.003994,13,6,1,49
2025-10-05 13:38:29.003994,14,6,1,0
2025-10-05 13:38:29.003994,15,6,1,4
2025-10-05 13:38:29.003994,16,6,1,1
2025-10-05 13:38:29.003994,17,6,1,87
2025-10-05 13:38:29.003994,18,6,1,82
2025-10-05 13:38:29.003994,19,6,1,114
2025-10-05 13:38:29.003994,20,6,1,106
2025-10-05 13:38:29.003994,21,6,1,3
2025-10-05 13:38:29.003994,22,6,1,3
2025-10-05 13:38:29.003994,23,6,1,4
2025-10-06 13:38:29.003994,0,0,0,2
2025-10-06 13:38:29.003994,1,0,0,0
2025-10-06 13:38:29.003994,2,0,0,0
2025-10-06 13:38:29.003994,3,0,0,0
2025-10-06 13:38:29.003994,4,0,0,2
2025-10-06 13:38:29.003994,5,0,0,0
2025-10-06 13:38:29.003994,6,0,0,3
2025-10-06 13:38:29.003994,7,0,0,20
2025-10-06 13:38:29.003994,8,0,0,28
2025-10-06 13:38:29.003994,9,0,0,19
2025-10-06 13:38:29.003994,10,0,0,1
2025-10-06 13:38:29.003994,11,0,0,49
2025-10-06 13:38:29.003994,12,0,0,42
2025-10-06 13:38:29.003994,13,0,0,36
2025-10-06 13:38:29.003994,14,0,0,0
2025-10-06 13:38:29.003994,15,0,0,2
2025-10-06 13:38:29.003994,16,0,0,2
2025-10-06 13:38:29.003994,17,0,0,73
2025-10-06 13:38:29.003994,18,0,0,64
2025-10-06 13:38:29.003994,19,0,0,30
2025-10-06 13:38:29.003994,20,0,0,50
2025-10-06 13:38:29.003994,21,0,0,4
2025-10-06 13:38:29.003994,22,0,0,4
2025-10-06 13:38:29.003994,23,0,0,0
2025-10-07 13:38:29.003994,0,1,0,2
2025-10-07 13:38:29.003994,1,1,0,0
2025-10-07 13:38:29.003994,2,1,0,2
2025-10-07 13:38:29.003994,3,1,0,4
2025-10-07 13:38:29.003994,4,1,0,4
2025-10-07 13:38:29.003994,5,1,0,3
2025-10-07 13:38:29.003994,6,1,0,2
2025-10-07 13:38:29.003994,7,1,0,17
2025-10-07 13:38:29.003994,8,1,0,25
2025-10-07 13:38:29.003994,9,1,0,10
2025-10-07 13:38:29.003994,10,1,0,3
2025-10-07 13:38:29.003994,11,1,0,30
2025-10-07 13:38:29.003994,12,1,0,44
2025-10-07 13:38:29.003994,13,1,0,42
2025-10-07 13:38:29.003994,14,1,0,3
2025-10-07 13:38:29.003994,15,1,0,4
2025-10-07 13:38:29.003994,16,1,0,3
2025-10-07 13:38:29.003994,17,1,0,75
2025-10-07 13:38:29.003994,18,1,0,33
2025-10-07 13:38:29.003994,19,1,0,31
2025-10-07 13:38:29.003994,20,1,0,79
2025-10-07 13:38:29.003994,21,1,0,4
2025-10-07 13:38:29.003994,22,1,0,0
2025-10-07 13:38:29.003994,23,1,0,4
2025-10-08 13:38:29.003994,0,2,0,3
2025-10-08 13:38:29.003994,1,2,0,0
2025-10-08 13:38:29.003994,2,2,0,3
2025-10-08 13:38:29.003994,3,2,0,0
2025-10-08 13:38:29.003994,4,2,0,4
2025-10-08 13:38:29.003994,5,2,0,1
2025-10-08 13:38:29.003994,6,2,0,2
2025-10-08 13:38:29.003994,7,2,0,15
2025-10-08 13:38:29.003994,8,2,0,10
2025-10-08 13:38:29.003994,9,2,0,22
2025-10-08 13:38:29.003994,10,2,0,3
2025-10-08 13:38:29.003994,11,2,0,45
2025-10-08 13:38:29.003994,12,2,0,34
2025-10-08 13:38:29.003994,13,2,0,32
2025-10-08 13:38:29.003994,14,2,0,2
2025-10-08 13:38:29.003994,15,2,0,0
2025-10-08 13:38:29.003994,16,2,0,4
2025-10-08 13:38:29.003994,17,2,0,31
2025-10-08 13:38:29.003994,18,2,0,62
2025-10-08 13:38:29.003994,19,2,0,55
2025-10-08 13:38:29.003994,20,2,0,44
2025-10-08 13:38:29.003994,21,2,0,2
2025-10-08 13:38:29.003994,22,2,0,4
2025-10-08 13:38:29.003994,23,2,0,1
2025-10-09 13:38:29.003994,0,3,0,0
2025-10-09 13:38:29.003994,1,3,0,0
2025-10-09 13:38:29.003994,2,3,0,0
2025-10-09 13:38:29.003994,3,3,0,2
2025-10-09 13:38:29.003994,4,3,0,1
2025-10-09 13:38:29.003994,5,3,0,1
2025-10-09 13:38:29.003994,6,3,0,2
2025-10-09 13:38:29.003994,7,3,0,10
2025-10-09 13:38:29.003994,8,3,0,23
2025-10-09 13:38:29.003994,9,3,0,15
2025-10-09 13:38:29.003994,10,3,0,1
2025-10-09 13:38:29.003994,11,3,0,21
2025-10-09 13:38:29.003994,12,3,0,40
2025-10-09 13:38:29.003994,13,3,0,36
2025-10-09 13:38:29.003994,14,3,0,0
2025-10-09 13:38:29.003994,15,3,0,1
2025-10-09 13:38:29.003994,16,3,0,2
2025-10-09 13:38:29.003994,17,3,0,41
2025-10-09 13:38:29.003994,18,3,0,61
2025-10-09 13:38:29.003994,19,3,0,57
2025-10-09 13:38:29.003994,20,3,0,75
2025-10-09 13:38:29.003994,21,3,0,2
2025-10-09 13:38:29.003994,22,3,0,1
2025-10-09 13:38:29.003994,23,3,0,1
2025-10-10 13:38:29.003994,0,4,0,1
2025-10-10 13:38:29.003994,1,4,0,3
2025-10-10 13:38:29.003994,2,4,0,1
2025-10-10 13:38:29.003994,3,4,0,4
2025-10-10 13:38:29.003994,4,4,0,0
2025-10-10 13:38:29.003994,5,4,0,3
2025-10-10 13:38:29.003994,6,4,0,1
2025-10-10 13:38:29.003994,7,4,0,20
2025-10-10 13:38:29.003994,8,4,0,14
2025-10-10 13:38:29.003994,9,4,0,15
2025-10-10 13:38:29.003994,10,4,0,0
2025-10-10 13:38:29.003994,11,4,0,43
2025-10-10 13:38:29.003994,12,4,0,36
2025-10-10 13:38:29.003994,13,4,0,44
2025-10-10 13:38:29.003994,14,4,0,1
2025-10-10 13:38:29.003994,15,4,0,0
2025-10-10 13:38:29.003994,16,4,0,3
2025-10-10 13:38:29.003994,17,4,0,33
2025-10-10 13:38:29.003994,18,4,0,46
2025-10-10 13:38:29.003994,19,4,0,79
2025-10-10 13:38:29.003994,20,4,0,40
2025-10-10 13:38:29.003994,21,4,0,4
2025-10-10 13:38:29.003994,22,4,0,4
2025-10-10 13:38:29.003994,23,4,0,1
2025-10-11 13:38:29.003994,0,5,1,6
2025-10-11 13:38:29.003994,1,5,1,1
2025-10-11 13:38:29.003994,2,5,1,6
2025-10-11 13:38:29.003994,3,5,1,0
2025-10-11 13:38:29.003994,4,5,1,1
2025-10-11 13:38:29.003994,5,5,1,1
2025-10-11 13:38:29.003994,6,5,1,4
2025-10-11 13:38:29.003994,7,5,1,33
2025-10-11 13:38:29.003994,8,5,1,39
2025-10-11 13:38:29.003994,9,5,1,34
2025-10-11 13:38:29.003994,10,5,1,0
2025-10-11 13:38:29.003994,11,5,1,34
2025-10-11 13:38:29.003994,12,5,1,69
2025-10-11 13:38:29.003994,13,5,1,64
2025-10-11 13:38:29.003994,14,5,1,3
2025-10-11 13:38:29.003994,15,5,1,4
2025-10-11 13:38:29.003994,16,5,1,0
2025-10-11 13:38:29.003994,17,5,1,66
2025-10-11 13:38:29.003994,18,5,1,66
2025-10-11 13:38:29.003994,19,5,1,99
2025-10-11 13:38:29.003994,20,5,1,82
2025-10-11 13:38:29.003994,21,5,1,4
2025-10-11 13:38:29.003994,22,5,1,1
2025-10-11 13:38:29.003994,23,5,1,0
2025-10-12 13:38:29.003994,0,6,1,1
2025-10-12 13:38:29.003994,1,6,1,1
2025-10-12 13:38:29.003994,2,6,1,4
2025-10-12 13:38:29.003994,3,6,1,0
2025-10-12 13:38:29.003994,4,6,1,1
2025-10-12 13:38:29.003994,5,6,1,6
2025-10-12 13:38:29.003994,6,6,1,3
2025-10-12 13:38:29.003994,7,6,1,15
2025-10-12 13:38:29.003994,8,6,1,42
2025-10-12 13:38:29.003994,9,6,1,31
2025-10-12 13:38:29.003994,10,6,1,0
2025-10-12 13:38:29.003994,11,6,1,54
2025-10-12 13:38:29.003994,12,6,1,45
2025-10-12 13:38:29.003994,13,6,1,63
2025-10-12 13:38:29.003994,14,6,1,1
2025-10-12 13:38:29.003994,15,6,1,3
2025-10-12 13:38:29.003994,16,6,1,4
2025-10-12 13:38:29.003994,17,6,1,54
2025-10-12 13:38:29.003994,18,6,1,67
2025-10-12 13:38:29.003994,19,6,1,45
2025-10-12 13:38:29.003994,20,6,1,81
2025-10-12 13:38:29.003994,21,6,1,1
2025-10-12 13:38:29.003994,22,6,1,1
2025-10-12 13:38:29.003994,23,6,1,6
2025-10-13 13:38:29.003994,0,0,0,3
2025-10-13 13:38:29.003994,1,0,0,3
2025-10-13 13:38:29.003994,2,0,0,0
2025-10-13 13:38:29.003994,3,0,0,2
2025-10-13 13:38:29.003994,4,0,0,1
2025-10-13 13:38:29.003994,5,0,0,1
2025-10-13 13:38:29.003994,6,0,0,0
2025-10-13 13:38:29.003994,7,0,0,22
2025-10-13 13:38:29.003994,8,0,0,12
2025-10-13 13:38:29.003994,9,0,0,13
2025-10-13 13:38:29.003994,10,0,0,4
2025-10-13 13:38:29.003994,11,0,0,30
2025-10-13 13:38:29.003994,12,0,0,33
2025-10-13 13:38:29.003994,13,0,0,49
2025-10-13 13:38:29.003994,14,0,0,0
2025-10-13 13:38:29.003994,15,0,0,3
2025-10-13 13:38:29.003994,16,0,0,1
2025-10-13 13:38:29.003994,17,0,0,62
2025-10-13 13:38:29.003994,18,0,0,43
2025-10-13 13:38:29.003994,19,0,0,73
2025-10-13 13:38:29.003994,20,0,0,50
2025-10-13 13:38:29.003994,21,0,0,3
2025-10-13 13:38:29.003994,22,0,0,3
2025-10-13 13:38:29.003994,23,0,0,1
2025-10-14 13:38:29.003994,0,1,0,1
2025-10-14 13:38:29.003994,1,1,0,0
2025-10-14 13:38:29.003994,2,1,0,4
2025-10-14 13:38:29.003994,3,1,0,0
2025-10-14 13:38:29.003994,4,1,0,3
2025-10-14 13:38:29.003994,5,1,0,1
2025-10-14 13:38:29.003994,6,1,0,3
2025-10-14 13:38:29.003994,7,1,0,23
2025-10-14 13:38:29.003994,8,1,0,21
2025-10-14 13:38:29.003994,9,1,0,13
2025-10-14 13:38:29.003994,10,1,0,2
2025-10-14 13:38:29.003994,11,1,0,31
2025-10-14 13:38:29.003994,12,1,0,33
2025-10-14 13:38:29.003994,13,1,0,23
2025-10-14 13:38:29.003994,14,1,0,1
2025-10-14 13:38:29.003994,15,1,0,3
2025-10-14 13:38:29.003994,16,1,0,3
2025-10-14 13:38:29.003994,17,1,0,59
2025-10-14 13:38:29.003994,18,1,0,69
2025-10-14 13:38:29.003994,19,1,0,35
2025-10-14 13:38:29.003994,20,1,0,56
2025-10-14 13:38:29.003994,21,1,0,4
2025-10-14 13:38:29.003994,22,1,0,2
2025-10-14 13:38:29.003994,23,1,0,4
2025-10-15 13:38:29.003994,0,2,0,2
2025-10-15 13:38:29.003994,1,2,0,4
2025-10-15 13:38:29.003994,2,2,0,2
2025-10-15 13:38:29.003994,3,2,0,2
2025-10-15 13:38:29.003994,4,2,0,1
2025-10-15 13:38:29.003994,5,2,0,4
2025-10-15 13:38:29.003994,6,2,0,4
2025-10-15 13:38:29.003994,7,2,0,18
2025-10-15 13:38:29.003994,8,2,0,15
2025-10-15 13:38:29.003994,9,2,0,17
2025-10-15 13:38:29.003994,10,2,0,4
2025-10-15 13:38:29.003994,11,2,0,30
2025-10-15 13:38:29.003994,12,2,0,43
2025-10-15 13:38:29.003994,13,2,0,22
2025-10-15 13:38:29.003994,14,2,0,1
2025-10-15 13:38:29.003994,15,2,0,3
2025-10-15 13:38:29.003994,16,2,0,3
2025-10-15 13:38:29.003994,17,2,0,70
2025-10-15 13:38:29.003994,18,2,0,46
2025-10-15 13:38:29.003994,19,2,0,32
2025-10-15 13:38:29.003994,20,2,0,30
2025-10-15 13:38:29.003994,21,2,0,3
2025-10-15 13:38:29.003994,22,2,0,3
2025-10-15 13:38:29.003994,23,2,0,1
2025-10-16 13:38:29.003994,0,3,0,4
2025-10-16 13:38:29.003994,1,3,0,1
2025-10-16 13:38:29.003994,2,3,0,1
2025-10-16 13:38:29.003994,3,3,0,4
2025-10-16 13:38:29.003994,4,3,0,0
2025-10-16 13:38:29.003994,5,3,0,3
2025-10-16 13:38:29.003994,6,3,0,1
2025-10-16 13:38:29.003994,7,3,0,28
2025-10-16 13:38:29.003994,8,3,0,21
2025-10-16 13:38:29.003994,9,3,0,19
2025-10-16 13:38:29.003994,10,3,0,1
2025-10-16 13:38:29.003994,11,3,0,38
2025-10-16 13:38:29.003994,12,3,0,44
2025-10-16 13:38:29.003994,13,3,0,28
2025-10-16 13:38:29.003994,14,3,0,1
2025-10-16 13:38:29.003994,15,3,0,1
2025-10-16 13:38:29.003994,16,3,0,2
2025-10-16 13:38:29.003994,17,3,0,65
2025-10-16 13:38:29.003994,18,3,0,50
2025-10-16 13:38:29.003994,19,3,0,77
2025-10-16 13:38:29.003994,20,3,0,58
2025-10-16 13:38:29.003994,21,3,0,1
2025-10-16 13:38:29.003994,22,3,0,3
2025-10-16 13:38:29.003994,23,3,0,4
2025-10-17 13:38:29.003994,0,4,0,1
2025-10-17 13:38:29.003994,1,4,0,4
2025-10-17 13:38:29.003994,2,4,0,4
2025-10-17 13:38:29.003994,3,4,0,3
2025-10-17 13:38:29.003994,4,4,0,1
2025-10-17 13:38:29.003994,5,4,0,3
2025-10-17 13:38:29.003994,6,4,0,0
2025-10-17 13:38:29.003994,7,4,0,15
2025-10-17 13:38:29.003994,8,4,0,21
2025-10-17 13:38:29.003994,9,4,0,19
2025-10-17 13:38:29.003994,10,4,0,1
2025-10-17 13:38:29.003994,11,4,0,38
2025-10-17 13:38:29.003994,12,4,0,25
2025-10-17 13:38:29.003994,13,4,0,29
2025-10-17 13:38:29.003994,14,4,0,4
2025-10-17 13:38:29.003994,15,4,0,4
2025-10-17 13:38:29.003994,16,4,0,0
2025-10-17 13:38:29.003994,17,4,0,47
2025-10-17 13:38:29.003994,18,4,0,61
2025-10-17 13:38:29.003994,19,4,0,77
2025-10-17 13:38:29.003994,20,4,0,56
2025-10-17 13:38:29.003994,21,4,0,1
2025-10-17 13:38:29.003994,22,4,0,0
2025-10-17 13:38:29.003994,23,4,0,3
2025-10-18 13:38:29.003994,0,5,1,1
2025-10-18 13:38:29.003994,1,5,1,1
2025-10-18 13:38:29.003994,2,5,1,1
2025-10-18 13:38:29.003994,3,5,1,0
2025-10-18 13:38:29.003994,4,5,1,3
2025-10-18 13:38:29.003994,5,5,1,1
2025-10-18 13:38:29.003994,6,5,1,0
2025-10-18 13:38:29.003994,7,5,1,25
2025-10-18 13:38:29.003994,8,5,1,24
2025-10-18 13:38:29.003994,9,5,1,16
2025-10-18 13:38:29.003994,10,5,1,1
2025-10-18 13:38:29.003994,11,5,1,36
2025-10-18 13:38:29.003994,12,5,1,58
2025-10-18 13:38:29.003994,13,5,1,57
2025-10-18 13:38:29.003994,14,5,1,1
2025-10-18 13:38:29.003994,15,5,1,6
2025-10-18 13:38:29.003994,16,5,1,1
2025-10-18 13:38:29.003994,17,5,1,88
2025-10-18 13:38:29.003994,18,5,1,58
2025-10-18 13:38:29.003994,19,5,1,117
2025-10-18 13:38:29.003994,20,5,1,46
2025-10-18 13:38:29.003994,21,5,1,1
2025-10-18 13:38:29.003994,22,5,1,1
2025-10-18 13:38:29.003994,23,5,1,4
2025-10-19 13:38:29.003994,0,6,1,0
2025-10-19 13:38:29.003994,1,6,1,6
2025-10-19 13:38:29.003994,2,6,1,0
2025-10-19 13:38:29.003994,3,6,1,4
2025-10-19 13:38:29.003994,4,6,1,1
2025-10-19 13:38:29.003994,5,6,1,3
2025-10-19 13:38:29.003994,6,6,1,1
2025-10-19 13:38:29.003994,7,6,1,42
2025-10-19 13:38:29.003994,8,6,1,37
2025-10-19 13:38:29.003994,9,6,1,31
2025-10-19 13:38:29.003994,10,6,1,1
2025-10-19 13:38:29.003994,11,6,1,66
2025-10-19 13:38:29.003994,12,6,1,66
2025-10-19 13:38:29.003994,13,6,1,67
2025-10-19 13:38:29.003994,14,6,1,6
2025-10-19 13:38:29.003994,15,6,1,3
2025-10-19 13:38:29.003994,16,6,1,6
2025-10-19 13:38:29.003994,17,6,1,82
2025-10-19 13:38:29.003994,18,6,1,61
2025-10-19 13:38:29.003994,19,6,1,60
2025-10-19 13:38:29.003994,20,6,1,85
2025-10-19 13:38:29.003994,21,6,1,1
2025-10-19 13:38:29.003994,22,6,1,6
2025-10-19 13:38:29.003994,23,6,1,6
2025-10-20 13:38:29.003994,0,0,0,3
2025-10-20 13:38:29.003994,1,0,0,1
2025-10-20 13:38:29.003994,2,0,0,4
2025-10-20 13:38:29.003994,3,0,0,1
2025-10-20 13:38:29.003994,4,0,0,1
2025-10-20 13:38:29.003994,5,0,0,3
2025-10-20 13:38:29.003994,6,0,0,3
2025-10-20 13:38:29.003994,7,0,0,24
2025-10-20 13:38:29.003994,8,0,0,22
2025-10-20 13:38:29.003994,9,0,0,20
2025-10-20 13:38:29.003994,10,0,0,1
2025-10-20 13:38:29.003994,11,0,0,32
2025-10-20 13:38:29.003994,12,0,0,40
2025-10-20 13:38:29.003994,13,0,0,34
2025-10-20 13:38:29.003994,14,0,0,1
2025-10-20 13:38:29.003994,15,0,0,3
2025-10-20 13:38:29.003994,16,0,0,2
2025-10-20 13:38:29.003994,17,0,0,50
2025-10-20 13:38:29.003994,18,0,0,33
2025-10-20 13:38:29.003994,19,0,0,73
2025-10-20 13:38:29.003994,20,0,0,66
2025-10-20 13:38:29.003994,21,0,0,4
2025-10-20 13:38:29.003994,22,0,0,4
2025-10-20 13:38:29.003994,23,0,0,4
2025-10-21 13:38:29.003994,0,1,0,4
2025-10-21 13:38:29.003994,1,1,0,0
2025-10-21 13:38:29.003994,2,1,0,2
2025-10-21 13:38:29.003994,3,1,0,4
2025-10-21 13:38:29.003994,4,1,0,2
2025-10-21 13:38:29.003994,5,1,0,4
2025-10-21 13:38:29.003994,6,1,0,3
2025-10-21 13:38:29.003994,7,1,0,19
2025-10-21 13:38:29.003994,8,1,0,21
2025-10-21 13:38:29.003994,9,1,0,14
2025-10-21 13:38:29.003994,10,1,0,0
2025-10-21 13:38:29.003994,11,1,0,28
2025-10-21 13:38:29.003994,12,1,0,24
2025-10-21 13:38:29.003994,13,1,0,41
2025-10-21 13:38:29.003994,14,1,0,3
2025-10-21 13:38:29.003994,15,1,0,2
2025-10-21 13:38:29.003994,16,1,0,4
2025-10-21 13:38:29.003994,17,1,0,75
2025-10-21 13:38:29.003994,18,1,0,42
2025-10-21 13:38:29.003994,19,1,0,74
2025-10-21 13:38:29.003994,20,1,0,43
2025-10-21 13:38:29.003994,21,1,0,2
2025-10-21 13:38:29.003994,22,1,0,1
2025-10-21 13:38:29.003994,23,1,0,3
2025-10-22 13:38:29.003994,0,2,0,4
2025-10-22 13:38:29.003994,1,2,0,0
2025-10-22 13:38:29.003994,2,2,0,0
2025-10-22 13:38:29.003994,3,2,0,4
2025-10-22 13:38:29.003994,4,2,0,2
2025-10-22 13:38:29.003994,5,2,0,1
2025-10-22 13:38:29.003994,6,2,0,2
2025-10-22 13:38:29.003994,7,2,0,24
2025-10-22 13:38:29.003994,8,2,0,28
2025-10-22 13:38:29.003994,9,2,0,19
2025-10-22 13:38:29.003994,10,2,0,3
2025-10-22 13:38:29.003994,11,2,0,37
2025-10-22 13:38:29.003994,12,2,0,44
2025-10-22 13:38:29.003994,13,2,0,21
2025-10-22 13:38:29.003994,14,2,0,3
2025-10-22 13:38:29.003994,15,2,0,4
2025-10-22 13:38:29.003994,16,2,0,2
2025-10-22 13:38:29.003994,17,2,0,47
2025-10-22 13:38:29.003994,18,2,0,64
2025-10-22 13:38:29.003994,19,2,0,63
2025-10-22 13:38:29.003994,20,2,0,43
2025-10-22 13:38:29.003994,21,2,0,3
2025-10-22 13:38:29.003994,22,2,0,4
2025-10-22 13:38:29.003994,23,2,0,0
2025-10-23 13:38:29.003994,0,3,0,4
2025-10-23 13:38:29.003994,1,3,0,1
2025-10-23 13:38:29.003994,2,3,0,3
2025-10-23 13:38:29.003994,3,3,0,1
2025-10-23 13:38:29.003994,4,3,0,3
2025-10-23 13:38:29.003994,5,3,0,3
2025-10-23 13:38:29.003994,6,3,0,4
2025-10-23 13:38:29.003994,7,3,0,19
2025-10-23 13:38:29.003994,8,3,0,16
2025-10-23 13:38:29.003994,9,3,0,26
2025-10-23 13:38:29.003994,10,3,0,2
2025-10-23 13:38:29.003994,11,3,0,43
2025-10-23 13:38:29.003994,12,3,0,33
2025-10-23 13:38:29.003994,13,3,0,41
2025-10-23 13:38:29.003994,14,3,0,1
2025-10-23 13:38:29.003994,15,3,0,0
2025-10-23 13:38:29.003994,16,3,0,3
2025-10-23 13:38:29.003994,17,3,0,38
2025-10-23 13:38:29.003994,18,3,0,36
2025-10-23 13:38:29.003994,19,3,0,78
2025-10-23 13:38:29.003994,20,3,0,72
2025-10-23 13:38:29.003994,21,3,0,1
2025-10-23 13:38:29.003994,22,3,0,0
2025-10-23 13:38:29.003994,23,3,0,3
2025-10-24 13:38:29.003994,0,4,0,1
2025-10-24 13:38:29.003994,1,4,0,0
2025-10-24 13:38:29.003994,2,4,0,4
2025-10-24 13:38:29.003994,3,4,0,2
2025-10-24 13:38:29.003994,4,4,0,3
2025-10-24 13:38:29.003994,5,4,0,3
2025-10-24 13:38:29.003994,6,4,0,3
2025-10-24 13:38:29.003994,7,4,0,26
2025-10-24 13:38:29.003994,8,4,0,27
2025-10-24 13:38:29.003994,9,4,0,26
2025-10-24 13:38:29.003994,10,4,0,3
2025-10-24 13:38:29.003994,11,4,0,43
2025-10-24 13:38:29.003994,12,4,0,31
2025-10-24 13:38:29.003994,13,4,0,42
2025-10-24 13:38:29.003994,14,4,0,4
2025-10-24 13:38:29.003994,15,4,0,3
2025-10-24 13:38:29.003994,16,4,0,3
2025-10-24 13:38:29.003994,17,4,0,50
2025-10-24 13:38:29.003994,18,4,0,79
2025-10-24 13:38:29.003994,19,4,0,42
2025-10-24 13:38:29.003994,20,4,0,59
2025-10-24 13:38:29.003994,21,4,0,4
2025-10-24 13:38:29.003994,22,4,0,1
2025-10-24 13:38:29.003994,23,4,0,3
2025-10-25 13:38:29.003994,0,5,1,4
2025-10-25 13:38:29.003994,1,5,1,4
2025-10-25 13:38:29.003994,2,5,1,4
2025-10-25 13:38:29.003994,3,5,1,3
2025-10-25 13:38:29.003994,4,5,1,6
2025-10-25 13:38:29.003994,5,5,1,4
2025-10-25 13:38:29.003994,6,5,1,0
2025-10-25 13:38:29.003994,7,5,1,19
2025-10-25 13:38:29.003994,8,5,1,16
2025-10-25 13:38:29.003994,9,5,1,21
2025-10-25 13:38:29.003994,10,5,1,1
2025-10-25 13:38:29.003994,11,5,1,42
2025-10-25 13:38:29.003994,12,5,1,39
2025-10-25 13:38:29.003994,13,5,1,67
2025-10-25 13:38:29.003994,14,5,1,1
2025-10-25 13:38:29.003994,15,5,1,1
2025-10-25 13:38:29.003994,16,5,1,3
2025-10-25 13:38:29.003994,17,5,1,75
2025-10-25 13:38:29.003994,18,5,1,85
2025-10-25 13:38:29.003994,19,5,1,102
2025-10-25 13:38:29.003994,20,5,1,88
2025-10-25 13:38:29.003994,21,5,1,6
2025-10-25 13:38:29.003994,22,5,1,0
2025-10-25 13:38:29.003994,23,5,1,0
2025-10-26 13:38:29.003994,0,6,1,0
2025-10-26 13:38:29.003994,1,6,1,6
2025-10-26 13:38:29.003994,2,6,1,1
2025-10-26 13:38:29.003994,3,6,1,0
2025-10-26 13:38:29.003994,4,6,1,4
2025-10-26 13:38:29.003994,5,6,1,6
2025-10-26 13:38:29.003994,6,6,1,3
2025-10-26 13:38:29.003994,7,6,1,19
2025-10-26 13:38:29.003994,8,6,1,15
2025-10-26 13:38:29.003994,9,6,1,34
2025-10-26 13:38:29.003994,10,6,1,0
2025-10-26 13:38:29.003994,11,6,1,45
2025-10-26 13:38:29.003994,12,6,1,34
2025-10-26 13:38:29.003994,13,6,1,46
2025-10-26 13:38:29.003994,14,6,1,1
2025-10-26 13:38:29.003994,15,6,1,0
2025-10-26 13:38:29.003994,16,6,1,0
2025-10-26 13:38:29.003994,17,6,1,84
2025-10-26 13:38:29.003994,18,6,1,85
2025-10-26 13:38:29.003994,19,6,1,73
2025-10-26 13:38:29.003994,20,6,1,85
2025-10-26 13:38:29.003994,21,6,1,6
2025-10-26 13:38:29.003994,22,6,1,6
2025-10-26 13:38:29.003994,23,6,1,1
2025-10-27 13:38:29.003994,0,0,0,0
2025-10-27 13:38:29.003994,1,0,0,4
2025-10-27 13:38:29.003994,2,0,0,2
2025-10-27 13:38:29.003994,3,0,0,0
2025-10-27 13:38:29.003994,4,0,0,0
2025-10-27 13:38:29.003994,5,0,0,4
2025-10-27 13:38:29.003994,6,0,0,2
2025-10-27 13:38:29.003994,7,0,0,12
2025-10-27 13:38:29.003994,8,0,0,17
2025-10-27 13:38:29.003994,9,0,0,22
2025-10-27 13:38:29.003994,10,0,0,4
2025-10-27 13:38:29.003994,11,0,0,39
2025-10-27 13:38:29.003994,12,0,0,32
2025-10-27 13:38:29.003994,13,0,0,40
2025-10-27 13:38:29.003994,14,0,0,2
2025-10-27 13:38:29.003994,15,0,0,4
2025-10-27 13:38:29.003994,16,0,0,4
2025-10-27 13:38:29.003994,17,0,0,52
2025-10-27 13:38:29.003994,18,0,0,46
2025-10-27 13:38:29.003994,19,0,0,31
2025-10-27 13:38:29.003994,20,0,0,48
2025-10-27 13:38:29.003994,21,0,0,1
2025-10-27 13:38:29.003994,22,0,0,1
2025-10-27 13:38:29.003994,23,0,0,2
2025-10-28 13:38:29.003994,0,1,0,3
2025-10-28 13:38:29.003994,1,1,0,0
2025-10-28 13:38:29.003994,2,1,0,0
2025-10-28 13:38:29.003994,3,1,0,2
2025-10-28 13:38:29.003994,4,1,0,1
2025-10-28 13:38:29.003994,5,1,0,3
2025-10-28 13:38:29.003994,6,1,0,2
2025-10-28 13:38:29.003994,7,1,0,14
2025-10-28 13:38:29.003994,8,1,0,16
2025-10-28 13:38:29.003994,9,1,0,16
2025-10-28 13:38:29.003994,10,1,0,3
2025-10-28 13:38:29.003994,11,1,0,23
2025-10-28 13:38:29.003994,12,1,0,24
2025-10-28 13:38:29.003994,13,1,0,23
2025-10-28 13:38:29.003994,14,1,0,4
2025-10-28 13:38:29.003994,15,1,0,0
2025-10-28 13:38:29.003994,16,1,0,3
2025-10-28 13:38:29.003994,17,1,0,53
2025-10-28 13:38:29.003994,18,1,0,47
2025-10-28 13:38:29.003994,19,1,0,48
2025-10-28 13:38:29.003994,20,1,0,47
2025-10-28 13:38:29.003994,21,1,0,0
2025-10-28 13:38:29.003994,22,1,0,2
2025-10-28 13:38:29.003994,23,1,0,2
2025-10-29 13:38:29.003994,0,2,0,0
2025-10-29 13:38:29.003994,1,2,0,0
2025-10-29 13:38:29.003994,2,2,0,3
2025-10-29 13:38:29.003994,3,2,0,0
2025-10-29 13:38:29.003994,4,2,0,3
2025-10-29 13:38:29.003994,5,2,0,3
2025-10-29 13:38:29.003994,6,2,0,4
2025-10-29 13:38:29.003994,7,2,0,28
2025-10-29 13:38:29.003994,8,2,0,21
2025-10-29 13:38:29.003994,9,2,0,10
2025-10-29 13:38:29.003994,10,2,0,4
2025-10-29 13:38:29.003994,11,2,0,32
2025-10-29 13:38:29.003994,12,2,0,29
2025-10-29 13:38:29.003994,13,2,0,46
2025-10-29 13:38:29.003994,14,2,0,3
2025-10-29 13:38:29.003994,15,2,0,1
2025-10-29 13:38:29.003994,16,2,0,2
2025-10-29 13:38:29.003994,17,2,0,47
2025-10-29 13:38:29.003994,18,2,0,68
2025-10-29 13:38:29.003994,19,2,0,58
2025-10-29 13:38:29.003994,20,2,0,73
2025-10-29 13:38:29.003994,21,2,0,1
2025-10-29 13:38:29.003994,22,2,0,3
2025-10-29 13:38:29.003994,23,2,0,1
2025-10-30 13:38:29.003994,0,3,0,3
2025-10-30 13:38:29.003994,1,3,0,2
2025-10-30 13:38:29.003994,2,3,0,0
2025-10-30 13:38:29.003994,3,3,0,2
2025-10-30 13:38:29.003994,4,3,0,0
2025-10-30 13:38:29.003994,5,3,0,2
2025-10-30 13:38:29.003994,6,3,0,2
2025-10-30 13:38:29.003994,7,3,0,14
2025-10-30 13:38:29.003994,8,3,0,13
2025-10-30 13:38:29.003994,9,3,0,21
2025-10-30 13:38:29.003994,10,3,0,1
2025-10-30 13:38:29.003994,11,3,0,33
2025-10-30 13:38:29.003994,12,3,0,48
2025-10-30 13:38:29.003994,13,3,0,34
2025-10-30 13:38:29.003994,14,3,0,0
2025-10-30 13:38:29.003994,15,3,0,0
2025-10-30 13:38:29.003994,16,3,0,0
2025-10-30 13:38:29.003994,17,3,0,71
2025-10-30 13:38:29.003994,18,3,0,73
2025-10-30 13:38:29.003994,19,3,0,71
2025-10-30 13:38:29.003994,20,3,0,41
2025-10-30 13:38:29.003994,21,3,0,1
2025-10-30 13:38:29.003994,22,3,0,1
2025-10-30 13:38:29.003994,23,3,0,1
2025-10-31 13:38:29.003994,0,4,0,3
2025-10-31 13:38:29.003994,1,4,0,1
2025-10-31 13:38:29.003994,2,4,0,0
2025-10-31 13:38:29.003994,3,4,0,3
2025-10-31 13:38:29.003994,4,4,0,0
2025-10-31 13:38:29.003994,5,4,0,2
2025-10-31 13:38:29.003994,6,4,0,3
2025-10-31 13:38:29.003994,7,4,0,16
2025-10-31 13:38:29.003994,8,4,0,15
2025-10-31 13:38:29.003994,9,4,0,15
2025-10-31 13:38:29.003994,10,4,0,4
2025-10-31 13:38:29.003994,11,4,0,38
2025-10-31 13:38:29.003994,12,4,0,31
2025-10-31 13:38:29.003994,13,4,0,24
2025-10-31 13:38:29.003994,14,4,0,1
2025-10-31 13:38:29.003994,15,4,0,2
2025-10-31 13:38:29.003994,16,4,0,2
2025-10-31 13:38:29.003994,17,4,0,32
2025-10-31 13:38:29.003994,18,4,0,41
2025-10-31 13:38:29.003994,19,4,0,77
2025-10-31 13:38:29.003994,20,4,0,36
2025-10-31 13:38:29.003994,21,4,0,4
2025-10-31 13:38:29.003994,22,4,0,1
2025-10-31 13:38:29.003994,23,4,0,3
2025-11-01 13:38:29.003994,0,5,1,1
2025-11-01 13:38:29.003994,1,5,1,0
2025-11-01 13:38:29.003994,2,5,1,4
2025-11-01 13:38:29.003994,3,5,1,3
2025-11-01 13:38:29.003994,4,5,1,6
2025-11-01 13:38:29.003994,5,5,1,1
2025-11-01 13:38:29.003994,6,5,1,0
2025-11-01 13:38:29.003994,7,5,1,33
2025-11-01 13:38:29.003994,8,5,1,22
2025-11-01 13:38:29.003994,9,5,1,18
2025-11-01 13:38:29.003994,10,5,1,3
2025-11-01 13:38:29.003994,11,5,1,66
2025-11-01 13:38:29.003994,12,5,1,40
2025-11-01 13:38:29.003994,13,5,1,64
2025-11-01 13:38:29.003994,14,5,1,4
2025-11-01 13:38:29.003994,15,5,1,0
2025-11-01 13:38:29.003994,16,5,1,6
2025-11-01 13:38:29.003994,17,5,1,112
2025-11-01 13:38:29.003994,18,5,1,84
2025-11-01 13:38:29.003994,19,5,1,97
2025-11-01 13:38:29.003994,20,5,1,96
2025-11-01 13:38:29.003994,21,5,1,0
2025-11-01 13:38:29.003994,22,5,1,0
2025-11-01 13:38:29.003994,23,5,1,1
2025-11-02 13:38:29.003994,0,6,1,0
2025-11-02 13:38:29.003994,1,6,1,6
2025-11-02 13:38:29.003994,2,6,1,4
2025-11-02 13:38:29.003994,3,6,1,1
2025-11-02 13:38:29.003994,4,6,1,4
2025-11-02 13:38:29.003994,5,6,1,4
2025-11-02 13:38:29.003994,6,6,1,3
2025-11-02 13:38:29.003994,7,6,1,36
2025-11-02 13:38:29.003994,8,6,1,18
2025-11-02 13:38:29.003994,9,6,1,31
2025-11-02 13:38:29.003994,10,6,1,6
2025-11-02 13:38:29.003994,11,6,1,39
2025-11-02 13:38:29.003994,12,6,1,42
2025-11-02 13:38:29.003994,13,6,1,60
2025-11-02 13:38:29.003994,14,6,1,6
2025-11-02 13:38:29.003994,15,6,1,4
2025-11-02 13:38:29.003994,16,6,1,6
2025-11-02 13:38:29.003994,17,6,1,93
2025-11-02 13:38:29.003994,18,6,1,103
2025-11-02 13:38:29.003994,19,6,1,96
2025-11-02 13:38:29.003994,20,6,1,51
2025-11-02 13:38:29.003994,21,6,1,1
2025-11-02 13:38:29.003994,22,6,1,3
2025-11-02 13:38:29.003994,23,6,1,6
2025-11-03 13:38:29.003994,0,0,0,1
2025-11-03 13:38:29.003994,1,0,0,1
2025-11-03 13:38:29.003994,2,0,0,3
2025-11-03 13:38:29.003994,3,0,0,1
2025-11-03 13:38:29.003994,4,0,0,2
2025-11-03 13:38:29.003994,5,0,0,2
2025-11-03 13:38:29.003994,6,0,0,4
2025-11-03 13:38:29.003994,7,0,0,11
2025-11-03 13:38:29.003994,8,0,0,29
2025-11-03 13:38:29.003994,9,0,0,11
2025-11-03 13:38:29.003994,10,0,0,1
2025-11-03 13:38:29.003994,11,0,0,31
2025-11-03 13:38:29.003994,12,0,0,32
2025-11-03 13:38:29.003994,13,0,0,25
2025-11-03 13:38:29.003994,14,0,0,4
2025-11-03 13:38:29.003994,15,0,0,2
2025-11-03 13:38:29.003994,16,0,0,1
2025-11-03 13:38:29.003994,17,0,0,54
2025-11-03 13:38:29.003994,18,0,0,78
2025-11-03 13:38:29.003994,19,0,0,37
2025-11-03 13:38:29.003994,20,0,0,78
2025-11-03 13:38:29.003994,21,0,0,3
2025-11-03 13:38:29.003994,22,0,0,0
2025-11-03 13:38:29.003994,23,0,0,1
2025-11-04 13:38:29.003994,0,1,0,4
2025-11-04 13:38:29.003994,1,1,0,1
2025-11-04 13:38:29.003994,2,1,0,4
2025-11-04 13:38:29.003994,3,1,0,4
2025-11-04 13:38:29.003994,4,1,0,2
2025-11-04 13:38:29.003994,5,1,0,1
2025-11-04 13:38:29.003994,6,1,0,1
2025-11-04 13:38:29.003994,7,1,0,25
2025-11-04 13:38:29.003994,8,1,0,27
2025-11-04 13:38:29.003994,9,1,0,25
2025-11-04 13:38:29.003994,10,1,0,2
2025-11-04 13:38:29.003994,11,1,0,47
2025-11-04 13:38:29.003994,12,1,0,49
2025-11-04 13:38:29.003994,13,1,0,28
2025-11-04 13:38:29.003994,14,1,0,2
2025-11-04 13:38:29.003994,15,1,0,4
2025-11-04 13:38:29.003994,16,1,0,3
2025-11-04 13:38:29.003994,17,1,0,68
2025-11-04 13:38:29.003994,18,1,0,49
2025-11-04 13:38:29.003994,19,1,0,56
2025-11-04 13:38:29.003994,20,1,0,74
2025-11-04 13:38:29.003994,21,1,0,2
2025-11-04 13:38:29.003994,22,1,0,1
2025-11-04 13:38:29.003994,23,1,0,1
2025-11-05 13:38:29.003994,0,2,0,4
2025-11-05 13:38:29.003994,1,2,0,2
2025-11-05 13:38:29.003994,2,2,0,4
2025-11-05 13:38:29.003994,3,2,0,3
2025-11-05 13:38:29.003994,4,2,0,1
2025-11-05 13:38:29.003994,5,2,0,4
2025-11-05 13:38:29.003994,6,2,0,1
2025-11-05 13:38:29.003994,7,2,0,18
2025-11-05 13:38:29.003994,8,2,0,28
2025-11-05 13:38:29.003994,9,2,0,12
2025-11-05 13:38:29.003994,10,2,0,4
2025-11-05 13:38:29.003994,11,2,0,30
2025-11-05 13:38:29.003994,12,2,0,25
2025-11-05 13:38:29.003994,13,2,0,30
2025-11-05 13:38:29.003994,14,2,0,2
2025-11-05 13:38:29.003994,15,2,0,0
2025-11-05 13:38:29.003994,16,2,0,4
2025-11-05 13:38:29.003994,17,2,0,56
2025-11-05 13:38:29.003994,18,2,0,40
2025-11-05 13:38:29.003994,19,2,0,30
2025-11-05 13:38:29.003994,20,2,0,64
2025-11-05 13:38:29.003994,21,2,0,3
2025-11-05 13:38:29.003994,22,2,0,0
2025-11-05 13:38:29.003994,23,2,0,0
2025-11-06 13:38:29.003994,0,3,0,2
2025-11-06 13:38:29.003994,1,3,0,3
2025-11-06 13:38:29.003994,2,3,0,2
2025-11-06 13:38:29.003994,3,3,0,2
2025-11-06 13:38:29.003994,4,3,0,1
2025-11-06 13:38:29.003994,5,3,0,1
2025-11-06 13:38:29.003994,6,3,0,3
2025-11-06 13:38:29.003994,7,3,0,19
2025-11-06 13:38:29.003994,8,3,0,18
2025-11-06 13:38:29.003994,9,3,0,11
2025-11-06 13:38:29.003994,10,3,0,3
2025-11-06 13:38:29.003994,11,3,0,29
2025-11-06 13:38:29.003994,12,3,0,31
2025-11-06 13:38:29.003994,13,3,0,41
2025-11-06 13:38:29.003994,14,3,0,4
2025-11-06 13:38:29.003994,15,3,0,0
2025-11-06 13:38:29.003994,16,3,0,0
2025-11-06 13:38:29.003994,17,3,0,39
2025-11-06 13:38:29.003994,18,3,0,75
2025-11-06 13:38:29.003994,19,3,0,50
2025-11-06 13:38:29.003994,20,3,0,55
2025-11-06 13:38:29.003994,21,3,0,3
2025-11-06 13:38:29.003994,22,3,0,1
2025-11-06 13:38:29.003994,23,3,0,4
2025-11-07 13:38:29.003994,0,4,0,2
2025-11-07 13:38:29.003994,1,4,0,0
2025-11-07 13:38:29.003994,2,4,0,4
2025-11-07 13:38:29.003994,3,4,0,2
2025-11-07 13:38:29.003994,4,4,0,3
2025-11-07 13:38:29.003994,5,4,0,4
2025-11-07 13:38:29.003994,6,4,0,2
2025-11-07 13:38:29.003994,7,4,0,11
2025-11-07 13:38:29.003994,8,4,0,15
2025-11-07 13:38:29.003994,9,4,0,15
2025-11-07 13:38:29.003994,10,4,0,0
2025-11-07 13:38:29.003994,11,4,0,27
2025-11-07 13:38:29.003994,12,4,0,40
2025-11-07 13:38:29.003994,13,4,0,27
2025-11-07 13:38:29.003994,14,4,0,2
2025-11-07 13:38:29.003994,15,4,0,4
2025-11-07 13:38:29.003994,16,4,0,3
2025-11-07 13:38:29.003994,17,4,0,75
2025-11-07 13:38:29.003994,18,4,0,58
2025-11-07 13:38:29.003994,19,4,0,44
2025-11-07 13:38:29.003994,20,4,0,39
2025-11-07 13:38:29.003994,21,4,0,4
2025-11-07 13:38:29.003994,22,4,0,3
2025-11-07 13:38:29.003994,23,4,0,3
2025-11-08 13:38:29.003994,0,5,1,6
2025-11-08 13:38:29.003994,1,5,1,6
2025-11-08 13:38:29.003994,2,5,1,0
2025-11-08 13:38:29.003994,3,5,1,6
2025-11-08 13:38:29.003994,4,5,1,4
2025-11-08 13:38:29.003994,5,5,1,6
2025-11-08 13:38:29.003994,6,5,1,0
2025-11-08 13:38:29.003994,7,5,1,27
2025-11-08 13:38:29.003994,8,5,1,33
2025-11-08 13:38:29.003994,9,5,1,42
2025-11-08 13:38:29.003994,10,5,1,0
2025-11-08 13:38:29.003994,11,5,1,70
2025-11-08 13:38:29.003994,12,5,1,40
2025-11-08 13:38:29.003994,13,5,1,36
2025-11-08 13:38:29.003994,14,5,1,1
2025-11-08 13:38:29.003994,15,5,1,1
2025-11-08 13:38:29.003994,16,5,1,4
2025-11-08 13:38:29.003994,17,5,1,84
2025-11-08 13:38:29.003994,18,5,1,112
2025-11-08 13:38:29.003994,19,5,1,81
2025-11-08 13:38:29.003994,20,5,1,84
2025-11-08 13:38:29.003994,21,5,1,0
2025-11-08 13:38:29.003994,22,5,1,1
2025-11-08 13:38:29.003994,23,5,1,1
2025-11-09 13:38:29.003994,0,6,1,4
2025-11-09 13:38:29.003994,1,6,1,0
2025-11-09 13:38:29.003994,2,6,1,6
2025-11-09 13:38:29.003994,3,6,1,3
2025-11-09 13:38:29.003994,4,6,1,6
2025-11-09 13:38:29.003994,5,6,1,1
2025-11-09 13:38:29.003994,6,6,1,6
2025-11-09 13:38:29.003994,7,6,1,40
2025-11-09 13:38:29.003994,8,6,1,31
2025-11-09 13:38:29.003994,9,6,1,43
2025-11-09 13:38:29.003994,10,6,1,4
2025-11-09 13:38:29.003994,11,6,1,30
2025-11-09 13:38:29.003994,12,6,1,69
2025-11-09 13:38:29.003994,13,6,1,60
2025-11-09 13:38:29.003994,14,6,1,4
2025-11-09 13:38:29.003994,15,6,1,6
2025-11-09 13:38:29.003994,16,6,1,0
2025-11-09 13:38:29.003994,17,6,1,112
2025-11-09 13:38:29.003994,18,6,1,79
2025-11-09 13:38:29.003994,19,6,1,111
2025-11-09 13:38:29.003994,20,6,1,63
2025-11-09 13:38:29.003994,21,6,1,0
2025-11-09 13:38:29.003994,22,6,1,1
2025-11-09 13:38:29.003994,23,6,1,3
2025-11-10 13:38:29.003994,0,0,0,3
2025-11-10 13:38:29.003994,1,0,0,3
2025-11-10 13:38:29.003994,2,0,0,2
2025-11-10 13:38:29.003994,3,0,0,0
2025-11-10 13:38:29.003994,4,0,0,2
2025-11-10 13:38:29.003994,5,0,0,0
2025-11-10 13:38:29.003994,6,0,0,1
2025-11-10 13:38:29.003994,7,0,0,10
2025-11-10 13:38:29.003994,8,0,0,28
2025-11-10 13:38:29.003994,9,0,0,20
2025-11-10 13:38:29.003994,10,0,0,4
2025-11-10 13:38:29.003994,11,0,0,32
2025-11-10 13:38:29.003994,12,0,0,30
2025-11-10 13:38:29.003994,13,0,0,21
2025-11-10 13:38:29.003994,14,0,0,0
2025-11-10 13:38:29.003994,15,0,0,1
2025-11-10 13:38:29.003994,16,0,0,1
2025-11-10 13:38:29.003994,17,0,0,68
2025-11-10 13:38:29.003994,18,0,0,41
2025-11-10 13:38:29.003994,19,0,0,55
2025-11-10 13:38:29.003994,20,0,0,66
2025-11-10 13:38:29.003994,21,0,0,1
2025-11-10 13:38:29.003994,22,0,0,0
2025-11-10 13:38:29.003994,23,0,0,3
2025-11-11 13:38:29.003994,0,1,0,3
2025-11-11 13:38:29.003994,1,1,0,1
2025-11-11 13:38:29.003994,2,1,0,4
2025-11-11 13:38:29.003994,3,1,0,3
2025-11-11 13:38:29.003994,4,1,0,3
2025-11-11 13:38:29.003994,5,1,0,4
2025-11-11 13:38:29.003994,6,1,0,0
2025-11-11 13:38:29.003994,7,1,0,12
2025-11-11 13:38:29.003994,8,1,0,25
2025-11-11 13:38:29.003994,9,1,0,28
2025-11-11 13:38:29.003994,10,1,0,0
2025-11-11 13:38:29.003994,11,1,0,38
2025-11-11 13:38:29.003994,12,1,0,32
2025-11-11 13:38:29.003994,13,1,0,24
2025-11-11 13:38:29.003994,14,1,0,4
2025-11-11 13:38:29.003994,15,1,0,3
2025-11-11 13:38:29.003994,16,1,0,3
2025-11-11 13:38:29.003994,17,1,0,65
2025-11-11 13:38:29.003994,18,1,0,47
2025-11-11 13:38:29.003994,19,1,0,45
2025-11-11 13:38:29.003994,20,1,0,47
2025-11-11 13:38:29.003994,21,1,0,1
2025-11-11 13:38:29.003994,22,1,0,4
2025-11-11 13:38:29.003994,23,1,0,3
2025-11-12 13:38:29.003994,0,2,0,3
2025-11-12 13:38:29.003994,1,2,0,4
2025-11-12 13:38:29.003994,2,2,0,1
2025-11-12 13:38:29.003994,3,2,0,4
2025-11-12 13:38:29.003994,4,2,0,0
2025-11-12 13:38:29.003994,5,2,0,3
2025-11-12 13:38:29.003994,6,2,0,2
2025-11-12 13:38:29.003994,7,2,0,23
2025-11-12 13:38:29.003994,8,2,0,14
2025-11-12 13:38:29.003994,9,2,0,29
2025-11-12 13:38:29.003994,10,2,0,2
2025-11-12 13:38:29.003994,11,2,0,22
2025-11-12 13:38:29.003994,12,2,0,26
2025-11-12 13:38:29.003994,13,2,0,34
2025-11-12 13:38:29.003994,14,2,0,2
2025-11-12 13:38:29.003994,15,2,0,3
2025-11-12 13:38:29.003994,16,2,0,1
2025-11-12 13:38:29.003994,17,2,0,70
2025-11-12 13:38:29.003994,18,2,0,66
2025-11-12 13:38:29.003994,19,2,0,45
2025-11-12 13:38:29.003994,20,2,0,41
2025-11-12 13:38:29.003994,21,2,0,4
2025-11-12 13:38:29.003994,22,2,0,3
2025-11-12 13:38:29.003994,23,2,0,2
2025-11-13 13:38:29.003994,0,3,0,4
2025-11-13 13:38:29.003994,1,3,0,0
2025-11-13 13:38:29.003994,2,3,0,1
2025-11-13 13:38:29.003994,3,3,0,1
2025-11-13 13:38:29.003994,4,3,0,1
2025-11-13 13:38:29.003994,5,3,0,2
2025-11-13 13:38:29.003994,6,3,0,0
2025-11-13 13:38:29.003994,7,3,0,22
2025-11-13 13:38:29.003994,8,3,0,18
2025-11-13 13:38:29.003994,9,3,0,10
2025-11-13 13:38:29.003994,10,3,0,3
2025-11-13 13:38:29.003994,11,3,0,37
2025-11-13 13:38:29.003994,12,3,0,49
2025-11-13 13:38:29.003994,13,3,0,48
2025-11-13 13:38:29.003994,14,3,0,4
2025-11-13 13:38:29.003994,15,3,0,1
2025-11-13 13:38:29.003994,16,3,0,0
2025-11-13 13:38:29.003994,17,3,0,58
2025-11-13 13:38:29.003994,18,3,0,33
2025-11-13 13:38:29.003994,19,3,0,79
2025-11-13 13:38:29.003994,20,3,0,78
2025-11-13 13:38:29.003994,21,3,0,3
2025-11-13 13:38:29.003994,22,3,0,2
2025-11-13 13:38:29.003994,23,3,0,2
2025-11-14 13:38:29.003994,0,4,0,2
2025-11-14 13:38:29.003994,1,4,0,1
2025-11-14 13:38:29.003994,2,4,0,1
2025-11-14 13:38:29.003994,3,4,0,4
2025-11-14 13:38:29.003994,4,4,0,1
2025-11-14 13:38:29.003994,5,4,0,1
2025-11-14 13:38:29.003994,6,4,0,1
2025-11-14 13:38:29.003994,7,4,0,25
2025-11-14 13:38:29.003994,8,4,0,15
2025-11-14 13:38:29.003994,9,4,0,13
2025-11-14 13:38:29.003994,10,4,0,0
2025-11-14 13:38:29.003994,11,4,0,39
2025-11-14 13:38:29.003994,12,4,0,27
2025-11-14 13:38:29.003994,13,4,0,21
2025-11-14 13:38:29.003994,14,4,0,3
2025-11-14 13:38:29.003994,15,4,0,4
2025-11-14 13:38:29.003994,16,4,0,4
2025-11-14 13:38:29.003994,17,4,0,38
2025-11-14 13:38:29.003994,18,4,0,61
2025-11-14 13:38:29.003994,19,4,0,32
2025-11-14 13:38:29.003994,20,4,0,41
2025-11-14 13:38:29.003994,21,4,0,4
2025-11-14 13:38:29.003994,22,4,0,2
2025-11-14 13:38:29.003994,23,4,0,1
2025-11-15 13:38:29.003994,0,5,1,0
2025-11-15 13:38:29.003994,1,5,1,6
2025-11-15 13:38:29.003994,2,5,1,0
2025-11-15 13:38:29.003994,3,5,1,1
2025-11-15 13:38:29.003994,4,5,1,1
2025-11-15 13:38:29.003994,5,5,1,3
2025-11-15 13:38:29.003994,6,5,1,4
2025-11-15 13:38:29.003994,7,5,1,42
2025-11-15 13:38:29.003994,8,5,1,24
2025-11-15 13:38:29.003994,9,5,1,18
2025-11-15 13:38:29.003994,10,5,1,0
2025-11-15 13:38:29.003994,11,5,1,72
2025-11-15 13:38:29.003994,12,5,1,46
2025-11-15 13:38:29.003994,13,5,1,51
2025-11-15 13:38:29.003994,14,5,1,1
2025-11-15 13:38:29.003994,15,5,1,1
2025-11-15 13:38:29.003994,16,5,1,6
2025-11-15 13:38:29.003994,17,5,1,106
2025-11-15 13:38:29.003994,18,5,1,58
2025-11-15 13:38:29.003994,19,5,1,81
2025-11-15 13:38:29.003994,20,5,1,99
2025-11-15 13:38:29.003994,21,5,1,3
2025-11-15 13:38:29.003994,22,5,1,6
2025-11-15 13:38:29.003994,23,5,1,3
2025-11-16 13:38:29.003994,0,6,1,1
2025-11-16 13:38:29.003994,1,6,1,0
2025-11-16 13:38:29.003994,2,6,1,6
2025-11-16 13:38:29.003994,3,6,1,3
2025-11-16 13:38:29.003994,4,6,1,4
2025-11-16 13:38:29.003994,5,6,1,1
2025-11-16 13:38:29.003994,6,6,1,0
2025-11-16 13:38:29.003994,7,6,1,31
2025-11-16 13:38:29.003994,8,6,1,19
2025-11-16 13:38:29.003994,9,6,1,30
2025-11-16 13:38:29.003994,10,6,1,1
2025-11-16 13:38:29.003994,11,6,1,55
2025-11-16 13:38:29.003994,12,6,1,34
2025-11-16 13:38:29.003994,13,6,1,49
2025-11-16 13:38:29.003994,14,6,1,4
2025-11-16 13:38:29.003994,15,6,1,6
2025-11-16 13:38:29.003994,16,6,1,3
2025-11-16 13:38:29.003994,17,6,1,108
2025-11-16 13:38:29.003994,18,6,1,88
2025-11-16 13:38:29.003994,19,6,1,114
2025-11-16 13:38:29.003994,20,6,1,73
2025-11-16 13:38:29.003994,21,6,1,0
2025-11-16 13:38:29.003994,22,6,1,3
2025-11-16 13:38:29.003994,23,6,1,6
2025-11-17 13:38:29.003994,0,0,0,2
2025-11-17 13:38:29.003994,1,0,0,2
2025-11-17 13:38:29.003994,2,0,0,2
2025-11-17 13:38:29.003994,3,0,0,1
2025-11-17 13:38:29.003994,4,0,0,2
2025-11-17 13:38:29.003994,5,0,0,2
2025-11-17 13:38:29.003994,6,0,0,1
2025-11-17 13:38:29.003994,7,0,0,16
2025-11-17 13:38:29.003994,8,0,0,18
2025-11-17 13:38:29.003994,9,0,0,28
2025-11-17 13:38:29.003994,10,0,0,4
2025-11-17 13:38:29.003994,11,0,0,20
2025-11-17 13:38:29.003994,12,0,0,31
2025-11-17 13:38:29.003994,13,0,0,29
2025-11-17 13:38:29.003994,14,0,0,3
2025-11-17 13:38:29.003994,15,0,0,4
2025-11-17 13:38:29.003994,16,0,0,4
2025-11-17 13:38:29.003994,17,0,0,55
2025-11-17 13:38:29.003994,18,0,0,51
2025-11-17 13:38:29.003994,19,0,0,57
2025-11-17 13:38:29.003994,20,0,0,72
2025-11-17 13:38:29.003994,21,0,0,0
2025-11-17 13:38:29.003994,22,0,0,2
2025-11-17 13:38:29.003994,23,0,0,1
2025-11-18 13:38:29.003994,0,1,0,1
2025-11-18 13:38:29.003994,1,1,0,4
2025-11-18 13:38:29.003994,2,1,0,1
2025-11-18 13:38:29.003994,3,1,0,4
2025-11-18 13:38:29.003994,4,1,0,0
2025-11-18 13:38:29.003994,5,1,0,1
2025-11-18 13:38:29.003994,6,1,0,0
2025-11-18 13:38:29.003994,7,1,0,15
2025-11-18 13:38:29.003994,8,1,0,26
2025-11-18 13:38:29.003994,9,1,0,15
2025-11-18 13:38:29.003994,10,1,0,1
2025-11-18 13:38:29.003994,11,1,0,46
2025-11-18 13:38:29.003994,12,1,0,27
2025-11-18 13:38:29.003994,13,1,0,29
2025-11-18 13:38:29.003994,14,1,0,0
2025-11-18 13:38:29.003994,15,1,0,4
2025-11-18 13:38:29.003994,16,1,0,1
2025-11-18 13:38:29.003994,17,1,0,68
2025-11-18 13:38:29.003994,18,1,0,64
2025-11-18 13:38:29.003994,19,1,0,52
2025-11-18 13:38:29.003994,20,1,0,54
2025-11-18 13:38:29.003994,21,1,0,4
2025-11-18 13:38:29.003994,22,1,0,4
2025-11-18 13:38:29.003994,23,1,0,0
2025-11-19 13:38:29.003994,0,2,0,1
2025-11-19 13:38:29.003994,1,2,0,4
2025-11-19 13:38:29.003994,2,2,0,2
2025-11-19 13:38:29.003994,3,2,0,0
2025-11-19 13:38:29.003994,4,2,0,3
2025-11-19 13:38:29.003994,5,2,0,1
2025-11-19 13:38:29.003994,6,2,0,0
2025-11-19 13:38:29.003994,7,2,0,11
2025-11-19 13:38:29.003994,8,2,0,11
2025-11-19 13:38:29.003994,9,2,0,15
2025-11-19 13:38:29.003994,10,2,0,2
2025-11-19 13:38:29.003994,11,2,0,43
2025-11-19 13:38:29.003994,12,2,0,25
2025-11-19 13:38:29.003994,13,2,0,38
2025-11-19 13:38:29.003994,14,2,0,2
2025-11-19 13:38:29.003994,15,2,0,1
2025-11-19 13:38:29.003994,16,2,0,0
2025-11-19 13:38:29.003994,17,2,0,41
2025-11-19 13:38:29.003994,18,2,0,32
2025-11-19 13:38:29.003994,19,2,0,59
2025-11-19 13:38:29.003994,20,2,0,34
2025-11-19 13:38:29.003994,21,2,0,0
2025-11-19 13:38:29.003994,22,2,0,2
2025-11-19 13:38:29.003994,23,2,0,3
2025-11-20 13:38:29.003994,0,3,0,4
2025-11-20 13:38:29.003994,1,3,0,1
2025-11-20 13:38:29.003994,2,3,0,3
2025-11-20 13:38:29.003994,3,3,0,4
2025-11-20 13:38:29.003994,4,3,0,0
2025-11-20 13:38:29.003994,5,3,0,1
2025-11-20 13:38:29.003994,6,3,0,4
2025-11-20 13:38:29.003994,7,3,0,25
2025-11-20 13:38:29.003994,8,3,0,13
2025-11-20 13:38:29.003994,9,3,0,23
2025-11-20 13:38:29.003994,10,3,0,4
2025-11-20 13:38:29.003994,11,3,0,35
2025-11-20 13:38:29.003994,12,3,0,29
2025-11-20 13:38:29.003994,13,3,0,30
2025-11-20 13:38:29.003994,14,3,0,1
2025-11-20 13:38:29.003994,15,3,0,0
2025-11-20 13:38:29.003994,16,3,0,2
2025-11-20 13:38:29.003994,17,3,0,53
2025-11-20 13:38:29.003994,18,3,0,67
2025-11-20 13:38:29.003994,19,3,0,69
2025-11-20 13:38:29.003994,20,3,0,58
2025-11-20 13:38:29.003994,21,3,0,2
2025-11-20 13:38:29.003994,22,3,0,1
2025-11-20 13:38:29.003994,23,3,0,0
2025-11-21 13:38:29.003994,0,4,0,0
2025-11-21 13:38:29.003994,1,4,0,4
2025-11-21 13:38:29.003994,2,4,0,2
2025-11-21 13:38:29.003994,3,4,0,1
2025-11-21 13:38:29.003994,4,4,0,1
2025-11-21 13:38:29.003994,5,4,0,0
2025-11-21 13:38:29.003994,6,4,0,4
2025-11-21 13:38:29.003994,7,4,0,10
2025-11-21 13:38:29.003994,8,4,0,19
2025-11-21 13:38:29.003994,9,4,0,15
2025-11-21 13:38:29.003994,10,4,0,3
2025-11-21 13:38:29.003994,11,4,0,47
2025-11-21 13:38:29.003994,12,4,0,36
2025-11-21 13:38:29.003994,13,4,0,27
2025-11-21 13:38:29.003994,14,4,0,1
2025-11-21 13:38:29.003994,15,4,0,3
2025-11-21 13:38:29.003994,16,4,0,2
2025-11-21 13:38:29.003994,17,4,0,68
2025-11-21 13:38:29.003994,18,4,0,31
2025-11-21 13:38:29.003994,19,4,0,38
2025-11-21 13:38:29.003994,20,4,0,40
2025-11-21 13:38:29.003994,21,4,0,4
2025-11-21 13:38:29.003994,22,4,0,2
2025-11-21 13:38:29.003994,23,4,0,2
2025-11-22 13:38:29.003994,0,5,1,0
2025-11-22 13:38:29.003994,1,5,1,1
2025-11-22 13:38:29.003994,2,5,1,0
2025-11-22 13:38:29.003994,3,5,1,6
2025-11-22 13:38:29.003994,4,5,1,3
2025-11-22 13:38:29.003994,5,5,1,4
2025-11-22 13:38:29.003994,6,5,1,4
2025-11-22 13:38:29.003994,7,5,1,16
2025-11-22 13:38:29.003994,8,5,1,18
2025-11-22 13:38:29.003994,9,5,1,24
2025-11-22 13:38:29.003994,10,5,1,6
2025-11-22 13:38:29.003994,11,5,1,67
2025-11-22 13:38:29.003994,12,5,1,58
2025-11-22 13:38:29.003994,13,5,1,60
2025-11-22 13:38:29.003994,14,5,1,6
2025-11-22 13:38:29.003994,15,5,1,4
2025-11-22 13:38:29.003994,16,5,1,6
2025-11-22 13:38:29.003994,17,5,1,118
2025-11-22 13:38:29.003994,18,5,1,46
2025-11-22 13:38:29.003994,19,5,1,91
2025-11-22 13:38:29.003994,20,5,1,52
2025-11-22 13:38:29.003994,21,5,1,0
2025-11-22 13:38:29.003994,22,5,1,0
2025-11-22 13:38:29.003994,23,5,1,3
2025-11-23 13:38:29.003994,0,6,1,0
2025-11-23 13:38:29.003994,1,6,1,0
2025-11-23 13:38:29.003994,2,6,1,3
2025-11-23 13:38:29.003994,3,6,1,6
2025-11-23 13:38:29.003994,4,6,1,6
2025-11-23 13:38:29.003994,5,6,1,3
2025-11-23 13:38:29.003994,6,6,1,4
2025-11-23 13:38:29.003994,7,6,1,42
2025-11-23 13:38:29.003994,8,6,1,31
2025-11-23 13:38:29.003994,9,6,1,16
2025-11-23 13:38:29.003994,10,6,1,6
2025-11-23 13:38:29.003994,11,6,1,51
2025-11-23 13:38:29.003994,12,6,1,70
2025-11-23 13:38:29.003994,13,6,1,58
2025-11-23 13:38:29.003994,14,6,1,6
2025-11-23 13:38:29.003994,15,6,1,0
2025-11-23 13:38:29.003994,16,6,1,1
2025-11-23 13:38:29.003994,17,6,1,67
2025-11-23 13:38:29.003994,18,6,1,61
2025-11-23 13:38:29.003994,19,6,1,111
2025-11-23 13:38:29.003994,20,6,1,102
2025-11-23 13:38:29.003994,21,6,1,0
2025-11-23 13:38:29.003994,22,6,1,4
2025-11-23 13:38:29.003994,23,6,1,0
2025-11-24 13:38:29.003994,0,0,0,1
2025-11-24 13:38:29.003994,1,0,0,1
2025-11-24 13:38:29.003994,2,0,0,4
2025-11-24 13:38:29.003994,3,0,0,3
2025-11-24 13:38:29.003994,4,0,0,2
2025-11-24 13:38:29.003994,5,0,0,1
2025-11-24 13:38:29.003994,6,0,0,3
2025-11-24 13:38:29.003994,7,0,0,14
2025-11-24 13:38:29.003994,8,0,0,19
2025-11-24 13:38:29.003994,9,0,0,26
2025-11-24 13:38:29.003994,10,0,0,1
2025-11-24 13:38:29.003994,11,0,0,45
2025-11-24 13:38:29.003994,12,0,0,47
2025-11-24 13:38:29.003994,13,0,0,45
2025-11-24 13:38:29.003994,14,0,0,1
2025-11-24 13:38:29.003994,15,0,0,4
2025-11-24 13:38:29.003994,16,0,0,4
2025-11-24 13:38:29.003994,17,0,0,62
2025-11-24 13:38:29.003994,18,0,0,50
2025-11-24 13:38:29.003994,19,0,0,52
2025-11-24 13:38:29.003994,20,0,0,72
2025-11-24 13:38:29.003994,21,0,0,0
2025-11-24 13:38:29.003994,22,0,0,1
2025-11-24 13:38:29.003994,23,0,0,4
2025-11-25 13:38:29.003994,0,1,0,3
2025-11-25 13:38:29.003994,1,1,0,2
2025-11-25 13:38:29.003994,2,1,0,4
2025-11-25 13:38:29.003994,3,1,0,4
2025-11-25 13:38:29.003994,4,1,0,1
2025-11-25 13:38:29.003994,5,1,0,0
2025-11-25 13:38:29.003994,6,1,0,1
2025-11-25 13:38:29.003994,7,1,0,10
2025-11-25 13:38:29.003994,8,1,0,26
2025-11-25 13:38:29.003994,9,1,0,15
2025-11-25 13:38:29.003994,10,1,0,2
2025-11-25 13:38:29.003994,11,1,0,21
2025-11-25 13:38:29.003994,12,1,0,44
2025-11-25 13:38:29.003994,13,1,0,29
2025-11-25 13:38:29.003994,14,1,0,1
2025-11-25 13:38:29.003994,15,1,0,4
2025-11-25 13:38:29.003994,16,1,0,2
2025-11-25 13:38:29.003994,17,1,0,45
2025-11-25 13:38:29.003994,18,1,0,59
2025-11-25 13:38:29.003994,19,1,0,45
2025-11-25 13:38:29.003994,20,1,0,45
2025-11-25 13:38:29.003994,21,1,0,3
2025-11-25 13:38:29.003994,22,1,0,2
2025-11-25 13:38:29.003994,23,1,0,0
2025-11-26 13:38:29.003994,0,2,0,4
2025-11-26 13:38:29.003994,1,2,0,1
2025-11-26 13:38:29.003994,2,2,0,2
2025-11-26 13:38:29.003994,3,2,0,3
2025-11-26 13:38:29.003994,4,2,0,0
2025-11-26 13:38:29.003994,5,2,0,0
2025-11-26 13:38:29.003994,6,2,0,2
2025-11-26 13:38:29.003994,7,2,0,11
2025-11-26 13:38:29.003994,8,2,0,15
2025-11-26 13:38:29.003994,9,2,0,29
2025-11-26 13:38:29.003994,10,2,0,0
2025-11-26 13:38:29.003994,11,2,0,24
2025-11-26 13:38:29.003994,12,2,0,21
2025-11-26 13:38:29.003994,13,2,0,45
2025-11-26 13:38:29.003994,14,2,0,0
2025-11-26 13:38:29.003994,15,2,0,1
2025-11-26 13:38:29.003994,16,2,0,1
2025-11-26 13:38:29.003994,17,2,0,60
2025-11-26 13:38:29.003994,18,2,0,71
2025-11-26 13:38:29.003994,19,2,0,43
2025-11-26 13:38:29.003994,20,2,0,77
2025-11-26 13:38:29.003994,21,2,0,4
2025-11-26 13:38:29.003994,22,2,0,2
2025-11-26 13:38:29.003994,23,2,0,0
2025-11-27 13:38:29.003994,0,3,0,2
2025-11-27 13:38:29.003994,1,3,0,3
2025-11-27 13:38:29.003994,2,3,0,1
2025-11-27 13:38:29.003994,3,3,0,1
2025-11-27 13:38:29.003994,4,3,0,4
2025-11-27 13:38:29.003994,5,3,0,1
2025-11-27 13:38:29.003994,6,3,0,0
2025-11-27 13:38:29.003994,7,3,0,12
2025-11-27 13:38:29.003994,8,3,0,19
2025-11-27 13:38:29.003994,9,3,0,12
2025-11-27 13:38:29.003994,10,3,0,2
2025-11-27 13:38:29.003994,11,3,0,36
2025-11-27 13:38:29.003994,12,3,0,49
2025-11-27 13:38:29.003994,13,3,0,31
2025-11-27 13:38:29.003994,14,3,0,2
2025-11-27 13:38:29.003994,15,3,0,4
2025-11-27 13:38:29.003994,16,3,0,4
2025-11-27 13:38:29.003994,17,3,0,79
2025-11-27 13:38:29.003994,18,3,0,55
2025-11-27 13:38:29.003994,19,3,0,31
2025-11-27 13:38:29.003994,20,3,0,44
2025-11-27 13:38:29.003994,21,3,0,3
2025-11-27 13:38:29.003994,22,3,0,3
2025-11-27 13:38:29.003994,23,3,0,1
2025-11-28 13:38:29.003994,0,4,0,2
2025-11-28 13:38:29.003994,1,4,0,1
2025-11-28 13:38:29.003994,2,4,0,2
2025-11-28 13:38:29.003994,3,4,0,2
2025-11-28 13:38:29.003994,4,4,0,3
2025-11-28 13:38:29.003994,5,4,0,1
2025-11-28 13:38:29.003994,6,4,0,2
2025-11-28 13:38:29.003994,7,4,0,20
2025-11-28 13:38:29.003994,8,4,0,27
2025-11-28 13:38:29.003994,9,4,0,23
2025-11-28 13:38:29.003994,10,4,0,1
2025-11-28 13:38:29.003994,11,4,0,28
2025-11-28 13:38:29.003994,12,4,0,30
2025-11-28 13:38:29.003994,13,4,0,31
2025-11-28 13:38:29.003994,14,4,0,2
2025-11-28 13:38:29.003994,15,4,0,4
2025-11-28 13:38:29.003994,16,4,0,3
2025-11-28 13:38:29.003994,17,4,0,68
2025-11-28 13:38:29.003994,18,4,0,50
2025-11-28 13:38:29.003994,19,4,0,72
2025-11-28 13:38:29.003994,20,4,0,77
2025-11-28 13:38:29.003994,21,4,0,4
2025-11-28 13:38:29.003994,22,4,0,3
2025-11-28 13:38:29.003994,23,4,0,3
2025-11-29 13:38:29.003994,0,5,1,4
2025-11-29 13:38:29.003994,1,5,1,1
2025-11-29 13:38:29.003994,2,5,1,6
2025-11-29 13:38:29.003994,3,5,1,6
2025-11-29 13:38:29.003994,4,5,1,4
2025-11-29 13:38:29.003994,5,5,1,4
2025-11-29 13:38:29.003994,6,5,1,0
2025-11-29 13:38:29.003994,7,5,1,42
2025-11-29 13:38:29.003994,8,5,1,21
2025-11-29 13:38:29.003994,9,5,1,40
2025-11-29 13:38:29.003994,10,5,1,0
2025-11-29 13:38:29.003994,11,5,1,54
2025-11-29 13:38:29.003994,12,5,1,45
2025-11-29 13:38:29.003994,13,5,1,37
2025-11-29 13:38:29.003994,14,5,1,3
2025-11-29 13:38:29.003994,15,5,1,4
2025-11-29 13:38:29.003994,16,5,1,4
2025-11-29 13:38:29.003994,17,5,1,111
2025-11-29 13:38:29.003994,18,5,1,46
2025-11-29 13:38:29.003994,19,5,1,69
2025-11-29 13:38:29.003994,20,5,1,64
2025-11-29 13:38:29.003994,21,5,1,4
2025-11-29 13:38:29.003994,22,5,1,0
2025-11-29 13:38:29.003994,23,5,1,3
2025-11-30 13:38:29.003994,0,6,1,3
2025-11-30 13:38:29.003994,1,6,1,1
2025-11-30 13:38:29.003994,2,6,1,6
2025-11-30 13:38:29.003994,3,6,1,1
2025-11-30 13:38:29.003994,4,6,1,3
2025-11-30 13:38:29.003994,5,6,1,0
2025-11-30 13:38:29.003994,6,6,1,1
2025-11-30 13:38:29.003994,7,6,1,31
2025-11-30 13:38:29.003994,8,6,1,30
2025-11-30 13:38:29.003994,9,6,1,25
2025-11-30 13:38:29.003994,10,6,1,4
2025-11-30 13:38:29.003994,11,6,1,31
2025-11-30 13:38:29.003994,12,6,1,61
2025-11-30 13:38:29.003994,13,6,1,33
2025-11-30 13:38:29.003994,14,6,1,4
2025-11-30 13:38:29.003994,15,6,1,6
2025-11-30 13:38:29.003994,16,6,1,1
2025-11-30 13:38:29.003994,17,6,1,70
2025-11-30 13:38:29.003994,18,6,1,85
2025-11-30 13:38:29.003994,19,6,1,111
2025-11-30 13:38:29.003994,20,6,1,55
2025-11-30 13:38:29.003994,21,6,1,4
2025-11-30 13:38:29.003994,22,6,1,3
2025-11-30 13:38:29.003994,23,6,1,4
2025-12-01 13:38:29.003994,0,0,0,4
2025-12-01 13:38:29.003994,1,0,0,0
2025-12-01 13:38:29.003994,2,0,0,0
2025-12-01 13:38:29.003994,3,0,0,1
2025-12-01 13:38:29.003994,4,0,0,1
2025-12-01 13:38:29.003994,5,0,0,0
2025-12-01 13:38:29.003994,6,0,0,4
2025-12-01 13:38:29.003994,7,0,0,16
2025-12-01 13:38:29.003994,8,0,0,16
2025-12-01 13:38:29.003994,9,0,0,23
2025-12-01 13:38:29.003994,10,0,0,4
2025-12-01 13:38:29.003994,11,0,0,25
2025-12-01 13:38:29.003994,12,0,0,29
2025-12-01 13:38:29.003994,13,0,0,31
2025-12-01 13:38:29.003994,14,0,0,0
2025-12-01 13:38:29.003994,15,0,0,3
2025-12-01 13:38:29.003994,16,0,0,4
2025-12-01 13:38:29.003994,17,0,0,73
2025-12-01 13:38:29.003994,18,0,0,49
2025-12-01 13:38:29.003994,19,0,0,77
2025-12-01 13:38:29.003994,20,0,0,40
2025-12-01 13:38:29.003994,21,0,0,2
2025-12-01 13:38:29.003994,22,0,0,4
2025-12-01 13:38:29.003994,23,0,0,1
2025-12-02 13:38:29.003994,0,1,0,1
2025-12-02 13:38:29.003994,1,1,0,2
2025-12-02 13:38:29.003994,2,1,0,1
2025-12-02 13:38:29.003994,3,1,0,0
2025-12-02 13:38:29.003994,4,1,0,2
2025-12-02 13:38:29.003994,5,1,0,1
2025-12-02 13:38:29.003994,6,1,0,0
2025-12-02 13:38:29.003994,7,1,0,19
2025-12-02 13:38:29.003994,8,1,0,29
2025-12-02 13:38:29.003994,9,1,0,28
2025-12-02 13:38:29.003994,10,1,0,2
2025-12-02 13:38:29.003994,11,1,0,23
2025-12-02 13:38:29.003994,12,1,0,38
2025-12-02 13:38:29.003994,13,1,0,40
2025-12-02 13:38:29.003994,14,1,0,2
2025-12-02 13:38:29.003994,15,1,0,0
2025-12-02 13:38:29.003994,16,1,0,1
2025-12-02 13:38:29.003994,17,1,0,59
2025-12-02 13:38:29.003994,18,1,0,66
2025-12-02 13:38:29.003994,19,1,0,47
2025-12-02 13:38:29.003994,20,1,0,77
2025-12-02 13:38:29.003994,21,1,0,1
2025-12-02 13:38:29.003994,22,1,0,3
2025-12-02 13:38:29.003994,23,1,0,2
2025-12-03 13:38:29.003994,0,2,0,2
2025-12-03 13:38:29.003994,1,2,0,3
2025-12-03 13:38:29.003994,2,2,0,4
2025-12-03 13:38:29.003994,3,2,0,2
2025-12-03 13:38:29.003994,4,2,0,1
2025-12-03 13:38:29.003994,5,2,0,0
2025-12-03 13:38:29.003994,6,2,0,1
2025-12-03 13:38:29.003994,7,2,0,10
2025-12-03 13:38:29.003994,8,2,0,11
2025-12-03 13:38:29.003994,9,2,0,17
2025-12-03 13:38:29.003994,10,2,0,4
2025-12-03 13:38:29.003994,11,2,0,20
2025-12-03 13:38:29.003994,12,2,0,27
2025-12-03 13:38:29.003994,13,2,0,38
2025-12-03 13:38:29.003994,14,2,0,2
2025-12-03 13:38:29.003994,15,2,0,0
2025-12-03 13:38:29.003994,16,2,0,2
2025-12-03 13:38:29.003994,17,2,0,62
2025-12-03 13:38:29.003994,18,2,0,46
2025-12-03 13:38:29.003994,19,2,0,71
2025-12-03 13:38:29.003994,20,2,0,38
2025-12-03 13:38:29.003994,21,2,0,2
2025-12-03 13:38:29.003994,22,2,0,1
2025-12-03 13:38:29.003994,23,2,0,4
2025-12-04 13:38:29.003994,0,3,0,3
2025-12-04 13:38:29.003994,1,3,0,1
2025-12-04 13:38:29.003994,2,3,0,0
2025-12-04 13:38:29.003994,3,3,0,2
2025-12-04 13:38:29.003994,4,3,0,3
2025-12-04 13:38:29.003994,5,3,0,1
2025-12-04 13:38:29.003994,6,3,0,2
2025-12-04 13:38:29.003994,7,3,0,12
2025-12-04 13:38:29.003994,8,3,0,23
2025-12-04 13:38:29.003994,9,3,0,17
2025-12-04 13:38:29.003994,10,3,0,1
2025-12-04 13:38:29.003994,11,3,0,36
2025-12-04 13:38:29.003994,12,3,0,34
2025-12-04 13:38:29.003994,13,3,0,41
2025-12-04 13:38:29.003994,14,3,0,4
2025-12-04 13:38:29.003994,15,3,0,0
2025-12-04 13:38:29.003994,16,3,0,0
2025-12-04 13:38:29.003994,17,3,0,78
2025-12-04 13:38:29.003994,18,3,0,42
2025-12-04 13:38:29.003994,19,3,0,50
2025-12-04 13:38:29.003994,20,3,0,39
2025-12-04 13:38:29.003994,21,3,0,2
2025-12-04 13:38:29.003994,22,3,0,0
2025-12-04 13:38:29.003994,23,3,0,4
2025-12-05 13:38:29.003994,0,4,0,0
2025-12-05 13:38:29.003994,1,4,0,3
2025-12-05 13:38:29.003994,2,4,0,0
2025-12-05 13:38:29.003994,3,4,0,1
2025-12-05 13:38:29.003994,4,4,0,0
2025-12-05 13:38:29.003994,5,4,0,0
2025-12-05 13:38:29.003994,6,4,0,0
2025-12-05 13:38:29.003994,7,4,0,20
2025-12-05 13:38:29.003994,8,4,0,19
2025-12-05 13:38:29.003994,9,4,0,26
2025-12-05 13:38:29.003994,10,4,0,0
2025-12-05 13:38:29.003994,11,4,0,30
2025-12-05 13:38:29.003994,12,4,0,26
2025-12-05 13:38:29.003994,13,4,0,45
2025-12-05 13:38:29.003994,14,4,0,0
2025-12-05 13:38:29.003994,15,4,0,3
2025-12-05 13:38:29.003994,16,4,0,4
2025-12-05 13:38:29.003994,17,4,0,64
2025-12-05 13:38:29.003994,18,4,0,60
2025-12-05 13:38:29.003994,19,4,0,52
2025-12-05 13:38:29.003994,20,4,0,45
2025-12-05 13:38:29.003994,21,4,0,4
2025-12-05 13:38:29.003994,22,4,0,2
2025-12-05 13:38:29.003994,23,4,0,0
2025-12-06 13:38:29.003994,0,5,1,1
2025-12-06 13:38:29.003994,1,5,1,6
2025-12-06 13:38:29.003994,2,5,1,3
2025-12-06 13:38:29.003994,3,5,1,4
2025-12-06 13:38:29.003994,4,5,1,3
2025-12-06 13:38:29.003994,5,5,1,1
2025-12-06 13:38:29.003994,6,5,1,1
2025-12-06 13:38:29.003994,7,5,1,27
2025-12-06 13:38:29.003994,8,5,1,33
2025-12-06 13:38:29.003994,9,5,1,19
2025-12-06 13:38:29.003994,10,5,1,0
2025-12-06 13:38:29.003994,11,5,1,54
2025-12-06 13:38:29.003994,12,5,1,48
2025-12-06 13:38:29.003994,13,5,1,55
2025-12-06 13:38:29.003994,14,5,1,4
2025-12-06 13:38:29.003994,15,5,1,4
2025-12-06 13:38:29.003994,16,5,1,3
2025-12-06 13:38:29.003994,17,5,1,73
2025-12-06 13:38:29.003994,18,5,1,61
2025-12-06 13:38:29.003994,19,5,1,57
2025-12-06 13:38:29.003994,20,5,1,81
2025-12-06 13:38:29.003994,21,5,1,6
2025-12-06 13:38:29.003994,22,5,1,6
2025-12-06 13:38:29.003994,23,5,1,6
2025-12-07 13:38:29.003994,0,6,1,6
2025-12-07 13:38:29.003994,1,6,1,1
2025-12-07 13:38:29.003994,2,6,1,3
2025-12-07 13:38:29.003994,3,6,1,6
2025-12-07 13:38:29.003994,4,6,1,6
2025-12-07 13:38:29.003994,5,6,1,4
2025-12-07 13:38:29.003994,6,6,1,3
2025-12-07 13:38:29.003994,7,6,1,42
2025-12-07 13:38:29.003994,8,6,1,36
2025-12-07 13:38:29.003994,9,6,1,33
2025-12-07 13:38:29.003994,10,6,1,6
2025-12-07 13:38:29.003994,11,6,1,61
2025-12-07 13:38:29.003994,12,6,1,58
2025-12-07 13:38:29.003994,13,6,1,30
2025-12-07 13:38:29.003994,14,6,1,0
2025-12-07 13:38:29.003994,15,6,1,1
2025-12-07 13:38:29.003994,16,6,1,4
2025-12-07 13:38:29.003994,17,6,1,115
2025-12-07 13:38:29.003994,18,6,1,106
2025-12-07 13:38:29.003994,19,6,1,117
2025-12-07 13:38:29.003994,20,6,1,87
2025-12-07 13:38:29.003994,21,6,1,1
2025-12-07 13:38:29.003994,22,6,1,4
2025-12-07 13:38:29.003994,23,6,1,0
2025-12-08 13:38:29.003994,0,0,0,2
2025-12-08 13:38:29.003994,1,0,0,4
2025-12-08 13:38:29.003994,2,0,0,4
2025-12-08 13:38:29.003994,3,0,0,0
2025-12-08 13:38:29.003994,4,0,0,3
2025-12-08 13:38:29.003994,5,0,0,1
2025-12-08 13:38:29.003994,6,0,0,3
2025-12-08 13:38:29.003994,7,0,0,21
2025-12-08 13:38:29.003994,8,0,0,24
2025-12-08 13:38:29.003994,9,0,0,16
2025-12-08 13:38:29.003994,10,0,0,1
2025-12-08 13:38:29.003994,11,0,0,44
2025-12-08 13:38:29.003994,12,0,0,34
2025-12-08 13:38:29.003994,13,0,0,31
2025-12-08 13:38:29.003994,14,0,0,2
2025-12-08 13:38:29.003994,15,0,0,3
2025-12-08 13:38:29.003994,16,0,0,2
2025-12-08 13:38:29.003994,17,0,0,67
2025-12-08 13:38:29.003994,18,0,0,34
2025-12-08 13:38:29.003994,19,0,0,45
2025-12-08 13:38:29.003994,20,0,0,61
2025-12-08 13:38:29.003994,21,0,0,1
2025-12-08 13:38:29.003994,22,0,0,3
2025-12-08 13:38:29.003994,23,0,0,2
2025-12-09 13:38:29.003994,0,1,0,1
2025-12-09 13:38:29.003994,1,1,0,0
2025-12-09 13:38:29.003994,2,1,0,3
2025-12-09 13:38:29.003994,3,1,0,4
2025-12-09 13:38:29.003994,4,1,0,3
2025-12-09 13:38:29.003994,5,1,0,2
2025-12-09 13:38:29.003994,6,1,0,3
2025-12-09 13:38:29.003994,7,1,0,18
2025-12-09 13:38:29.003994,8,1,0,25
2025-12-09 13:38:29.003994,9,1,0,29
2025-12-09 13:38:29.003994,10,1,0,2
2025-12-09 13:38:29.003994,11,1,0,37
2025-12-09 13:38:29.003994,12,1,0,30
2025-12-09 13:38:29.003994,13,1,0,46
2025-12-09 13:38:29.003994,14,1,0,3
2025-12-09 13:38:29.003994,15,1,0,1
2025-12-09 13:38:29.003994,16,1,0,1
2025-12-09 13:38:29.003994,17,1,0,78
2025-12-09 13:38:29.003994,18,1,0,32
2025-12-09 13:38:29.003994,19,1,0,67
2025-12-09 13:38:29.003994,20,1,0,63
2025-12-09 13:38:29.003994,21,1,0,0
2025-12-09 13:38:29.003994,22,1,0,3
2025-12-09 13:38:29.003994,23,1,0,3
2025-12-10 13:38:29.003994,0,2,0,0
2025-12-10 13:38:29.003994,1,2,0,2
2025-12-10 13:38:29.003994,2,2,0,1
2025-12-10 13:38:29.003994,3,2,0,2
2025-12-10 13:38:29.003994,4,2,0,3
2025-12-10 13:38:29.003994,5,2,0,1
2025-12-10 13:38:29.003994,6,2,0,4
2025-12-10 13:38:29.003994,7,2,0,26
2025-12-10 13:38:29.003994,8,2,0,19
2025-12-10 13:38:29.003994,9,2,0,15
2025-12-10 13:38:29.003994,10,2,0,2
2025-12-10 13:38:29.003994,11,2,0,49
2025-12-10 13:38:29.003994,12,2,0,23
2025-12-10 13:38:29.003994,13,2,0,36
2025-12-10 13:38:29.003994,14,2,0,3
2025-12-10 13:38:29.003994,15,2,0,4
2025-12-10 13:38:29.003994,16,2,0,2
2025-12-10 13:38:29.003994,17,2,0,47
2025-12-10 13:38:29.003994,18,2,0,48
2025-12-10 13:38:29.003994,19,2,0,77
2025-12-10 13:38:29.003994,20,2,0,68
2025-12-10 13:38:29.003994,21,2,0,0
2025-12-10 13:38:29.003994,22,2,0,0
2025-12-10 13:38:29.003994,23,2,0,3
2025-12-11 13:38:29.003994,0,3,0,4
2025-12-11 13:38:29.003994,1,3,0,1
2025-12-11 13:38:29.003994,2,3,0,0
2025-12-11 13:38:29.003994,3,3,0,0
2025-12-11 13:38:29.003994,4,3,0,3
2025-12-11 13:38:29.003994,5,3,0,4
2025-12-11 13:38:29.003994,6,3,0,4
2025-12-11 13:38:29.003994,7,3,0,16
2025-12-11 13:38:29.003994,8,3,0,26
2025-12-11 13:38:29.003994,9,3,0,16
2025-12-11 13:38:29.003994,10,3,0,0
2025-12-11 13:38:29.003994,11,3,0,43
2025-12-11 13:38:29.003994,12,3,0,28
2025-12-11 13:38:29.003994,13,3,0,22
2025-12-11 13:38:29.003994,14,3,0,3
2025-12-11 13:38:29.003994,15,3,0,3
2025-12-11 13:38:29.003994,16,3,0,3
2025-12-11 13:38:29.003994,17,3,0,42
2025-12-11 13:38:29.003994,18,3,0,71
2025-12-11 13:38:29.003994,19,3,0,68
2025-12-11 13:38:29.003994,20,3,0,41
2025-12-11 13:38:29.003994,21,3,0,1
2025-12-11 13:38:29.003994,22,3,0,2
2025-12-11 13:38:29.003994,23,3,0,4
2025-12-12 13:38:29.003994,0,4,0,4
2025-12-12 13:38:29.003994,1,4,0,1
2025-12-12 13:38:29.003994,2,4,0,0
2025-12-12 13:38:29.003994,3,4,0,2
2025-12-12 13:38:29.003994,4,4,0,1
2025-12-12 13:38:29.003994,5,4,0,3
2025-12-12 13:38:29.003994,6,4,0,2
2025-12-12 13:38:29.003994,7,4,0,11
2025-12-12 13:38:29.003994,8,4,0,25
2025-12-12 13:38:29.003994,9,4,0,14
2025-12-12 13:38:29.003994,10,4,0,0
2025-12-12 13:38:29.003994,11,4,0,31
2025-12-12 13:38:29.003994,12,4,0,38
2025-12-12 13:38:29.003994,13,4,0,24
2025-12-12 13:38:29.003994,14,4,0,1
2025-12-12 13:38:29.003994,15,4,0,0
2025-12-12 13:38:29.003994,16,4,0,2
2025-12-12 13:38:29.003994,17,4,0,55
2025-12-12 13:38:29.003994,18,4,0,68
2025-12-12 13:38:29.003994,19,4,0,35
2025-12-12 13:38:29.003994,20,4,0,58
2025-12-12 13:38:29.003994,21,4,0,2
2025-12-12 13:38:29.003994,22,4,0,1
2025-12-12 13:38:29.003994,23,4,0,2
2025-12-13 13:38:29.003994,0,5,1,4
2025-12-13 13:38:29.003994,1,5,1,1
2025-12-13 13:38:29.003994,2,5,1,0
2025-12-13 13:38:29.003994,3,5,1,0
2025-12-13 13:38:29.003994,4,5,1,6
2025-12-13 13:38:29.003994,5,5,1,6
2025-12-13 13:38:29.003994,6,5,1,4
2025-12-13 13:38:29.003994,7,5,1,15
2025-12-13 13:38:29.003994,8,5,1,42
2025-12-13 13:38:29.003994,9,5,1,28
2025-12-13 13:38:29.003994,10,5,1,4
2025-12-13 13:38:29.003994,11,5,1,30
2025-12-13 13:38:29.003994,12,5,1,48
2025-12-13 13:38:29.003994,13,5,1,58
2025-12-13 13:38:29.003994,14,5,1,0
2025-12-13 13:38:29.003994,15,5,1,4
2025-12-13 13:38:29.003994,16,5,1,3
2025-12-13 13:38:29.003994,17,5,1,105
2025-12-13 13:38:29.003994,18,5,1,69
2025-12-13 13:38:29.003994,19,5,1,97
2025-12-13 13:38:29.003994,20,5,1,82
2025-12-13 13:38:29.003994,21,5,1,6
2025-12-13 13:38:29.003994,22,5,1,0
2025-12-13 13:38:29.003994,23,5,1,6
2025-12-14 13:38:29.003994,0,6,1,0
2025-12-14 13:38:29.003994,1,6,1,1
2025-12-14 13:38:29.003994,2,6,1,6
2025-12-14 13:38:29.003994,3,6,1,4
2025-12-14 13:38:29.003994,4,6,1,4
2025-12-14 13:38:29.003994,5,6,1,4
2025-12-14 13:38:29.003994,6,6,1,6
2025-12-14 13:38:29.003994,7,6,1,21
2025-12-14 13:38:29.003994,8,6,1,24
2025-12-14 13:38:29.003994,9,6,1,15
2025-12-14 13:38:29.003994,10,6,1,4
2025-12-14 13:38:29.003994,11,6,1,60
2025-12-14 13:38:29.003994,12,6,1,72
2025-12-14 13:38:29.003994,13,6,1,40
2025-12-14 13:38:29.003994,14,6,1,3
2025-12-14 13:38:29.003994,15,6,1,0
2025-12-14 13:38:29.003994,16,6,1,3
2025-12-14 13:38:29.003994,17,6,1,46
2025-12-14 13:38:29.003994,18,6,1,58
2025-12-14 13:38:29.003994,19,6,1,76
2025-12-14 13:38:29.003994,20,6,1,84
2025-12-14 13:38:29.003994,21,6,1,6
2025-12-14 13:38:29.003994,22,6,1,0
2025-12-14 13:38:29.003994,23,6,1,6
2025-12-15 13:38:29.003994,0,0,0,1
2025-12-15 13:38:29.003994,1,0,0,4
2025-12-15 13:38:29.003994,2,0,0,2
2025-12-15 13:38:29.003994,3,0,0,0
2025-12-15 13:38:29.003994,4,0,0,2
2025-12-15 13:38:29.003994,5,0,0,2
2025-12-15 13:38:29.003994,6,0,0,0
2025-12-15 13:38:29.003994,7,0,0,25
2025-12-15 13:38:29.003994,8,0,0,21
2025-12-15 13:38:29.003994,9,0,0,20
2025-12-15 13:38:29.003994,10,0,0,0
2025-12-15 13:38:29.003994,11,0,0,40
2025-12-15 13:38:29.003994,12,0,0,42
2025-12-15 13:38:29.003994,13,0,0,30
2025-12-15 13:38:29.003994,14,0,0,0
2025-12-15 13:38:29.003994,15,0,0,0
2025-12-15 13:38:29.003994,16,0,0,1
2025-12-15 13:38:29.003994,17,0,0,39
2025-12-15 13:38:29.003994,18,0,0,35
2025-12-15 13:38:29.003994,19,0,0,53
2025-12-15 13:38:29.003994,20,0,0,72
2025-12-15 13:38:29.003994,21,0,0,2
2025-12-15 13:38:29.003994,22,0,0,1
2025-12-15 13:38:29.003994,23,0,0,0
2025-12-16 13:38:29.003994,0,1,0,4
2025-12-16 13:38:29.003994,1,1,0,4
2025-12-16 13:38:29.003994,2,1,0,0
2025-12-16 13:38:29.003994,3,1,0,1
2025-12-16 13:38:29.003994,4,1,0,0
2025-12-16 13:38:29.003994,5,1,0,0
2025-12-16 13:38:29.003994,6,1,0,4
2025-12-16 13:38:29.003994,7,1,0,17
2025-12-16 13:38:29.003994,8,1,0,25
2025-12-16 13:38:29.003994,9,1,0,15
2025-12-16 13:38:29.003994,10,1,0,2
2025-12-16 13:38:29.003994,11,1,0,20
2025-12-16 13:38:29.003994,12,1,0,33
2025-12-16 13:38:29.003994,13,1,0,45
2025-12-16 13:38:29.003994,14,1,0,3
2025-12-16 13:38:29.003994,15,1,0,2
2025-12-16 13:38:29.003994,16,1,0,3
2025-12-16 13:38:29.003994,17,1,0,79
2025-12-16 13:38:29.003994,18,1,0,65
2025-12-16 13:38:29.003994,19,1,0,60
2025-12-16 13:38:29.003994,20,1,0,42
2025-12-16 13:38:29.003994,21,1,0,1
2025-12-16 13:38:29.003994,22,1,0,0
2025-12-16 13:38:29.003994,23,1,0,1
2025-12-17 13:38:29.003994,0,2,0,0
2025-12-17 13:38:29.003994,1,2,0,4
2025-12-17 13:38:29.003994,2,2,0,0
2025-12-17 13:38:29.003994,3,2,0,1
2025-12-17 13:38:29.003994,4,2,0,3
2025-12-17 13:38:29.003994,5,2,0,1
2025-12-17 13:38:29.003994,6,2,0,2
2025-12-17 13:38:29.003994,7,2,0,15
2025-12-17 13:38:29.003994,8,2,0,20
2025-12-17 13:38:29.003994,9,2,0,29
2025-12-17 13:38:29.003994,10,2,0,3
2025-12-17 13:38:29.003994,11,2,0,25
2025-12-17 13:38:29.003994,12,2,0,37
2025-12-17 13:38:29.003994,13,2,0,26
2025-12-17 13:38:29.003994,14,2,0,1
2025-12-17 13:38:29.003994,15,2,0,1
2025-12-17 13:38:29.003994,16,2,0,3
2025-12-17 13:38:29.003994,17,2,0,53
2025-12-17 13:38:29.003994,18,2,0,69
2025-12-17 13:38:29.003994,19,2,0,63
2025-12-17 13:38:29.003994,20,2,0,55
2025-12-17 13:38:29.003994,21,2,0,1
2025-12-17 13:38:29.003994,22,2,0,4
2025-12-17 13:38:29.003994,23,2,0,2
2025-12-18 13:38:29.003994,0,3,0,0
2025-12-18 13:38:29.003994,1,3,0,1
2025-12-18 13:38:29.003994,2,3,0,0
2025-12-18 13:38:29.003994,3,3,0,2
2025-12-18 13:38:29.003994,4,3,0,1
2025-12-18 13:38:29.003994,5,3,0,4
2025-12-18 13:38:29.003994,6,3,0,3
2025-12-18 13:38:29.003994,7,3,0,13
2025-12-18 13:38:29.003994,8,3,0,29
2025-12-18 13:38:29.003994,9,3,0,10
2025-12-18 13:38:29.003994,10,3,0,0
2025-12-18 13:38:29.003994,11,3,0,24
2025-12-18 13:38:29.003994,12,3,0,43
2025-12-18 13:38:29.003994,13,3,0,42
2025-12-18 13:38:29.003994,14,3,0,4
2025-12-18 13:38:29.003994,15,3,0,4
2025-12-18 13:38:29.003994,16,3,0,1
2025-12-18 13:38:29.003994,17,3,0,45
2025-12-18 13:38:29.003994,18,3,0,78
2025-12-18 13:38:29.003994,19,3,0,64
2025-12-18 13:38:29.003994,20,3,0,58
2025-12-18 13:38:29.003994,21,3,0,4
2025-12-18 13:38:29.003994,22,3,0,0
2025-12-18 13:38:29.003994,23,3,0,1
2025-12-19 13:38:29.003994,0,4,0,1
2025-12-19 13:38:29.003994,1,4,0,3
2025-12-19 13:38:29.003994,2,4,0,4
2025-12-19 13:38:29.003994,3,4,0,2
2025-12-19 13:38:29.003994,4,4,0,2
2025-12-19 13:38:29.003994,5,4,0,3
2025-12-19 13:38:29.003994,6,4,0,1
2025-12-19 13:38:29.003994,7,4,0,19
2025-12-19 13:38:29.003994,8,4,0,24
2025-12-19 13:38:29.003994,9,4,0,19
2025-12-19 13:38:29.003994,10,4,0,1
2025-12-19 13:38:29.003994,11,4,0,20
2025-12-19 13:38:29.003994,12,4,0,45
2025-12-19 13:38:29.003994,13,4,0,21
2025-12-19 13:38:29.003994,14,4,0,0
2025-12-19 13:38:29.003994,15,4,0,3
2025-12-19 13:38:29.003994,16,4,0,2
2025-12-19 13:38:29.003994,17,4,0,51
2025-12-19 13:38:29.003994,18,4,0,75
2025-12-19 13:38:29.003994,19,4,0,30
2025-12-19 13:38:29.003994,20,4,0,49
2025-12-19 13:38:29.003994,21,4,0,4
2025-12-19 13:38:29.003994,22,4,0,2
2025-12-19 13:38:29.003994,23,4,0,3
2025-12-20 13:38:29.003994,0,5,1,4
2025-12-20 13:38:29.003994,1,5,1,6
2025-12-20 13:38:29.003994,2,5,1,4
2025-12-20 13:38:29.003994,3,5,1,0
2025-12-20 13:38:29.003994,4,5,1,0
2025-12-20 13:38:29.003994,5,5,1,1
2025-12-20 13:38:29.003994,6,5,1,4
2025-12-20 13:38:29.003994,7,5,1,30
2025-12-20 13:38:29.003994,8,5,1,22
2025-12-20 13:38:29.003994,9,5,1,37
2025-12-20 13:38:29.003994,10,5,1,6
2025-12-20 13:38:29.003994,11,5,1,57
2025-12-20 13:38:29.003994,12,5,1,39
2025-12-20 13:38:29.003994,13,5,1,61
2025-12-20 13:38:29.003994,14,5,1,6
2025-12-20 13:38:29.003994,15,5,1,6
2025-12-20 13:38:29.003994,16,5,1,0
2025-12-20 13:38:29.003994,17,5,1,76
2025-12-20 13:38:29.003994,18,5,1,93
2025-12-20 13:38:29.003994,19,5,1,88
2025-12-20 13:38:29.003994,20,5,1,70
2025-12-20 13:38:29.003994,21,5,1,3
2025-12-20 13:38:29.003994,22,5,1,0
2025-12-20 13:38:29.003994,23,5,1,1
2025-12-21 13:38:29.003994,0,6,1,4
2025-12-21 13:38:29.003994,1,6,1,6
2025-12-21 13:38:29.003994,2,6,1,4
2025-12-21 13:38:29.003994,3,6,1,6
2025-12-21 13:38:29.003994,4,6,1,0
2025-12-21 13:38:29.003994,5,6,1,6
2025-12-21 13:38:29.003994,6,6,1,1
2025-12-21 13:38:29.003994,7,6,1,16
2025-12-21 13:38:29.003994,8,6,1,42
2025-12-21 13:38:29.003994,9,6,1,18
2025-12-21 13:38:29.003994,10,6,1,0
2025-12-21 13:38:29.003994,11,6,1,43
2025-12-21 13:38:29.003994,12,6,1,43
2025-12-21 13:38:29.003994,13,6,1,42
2025-12-21 13:38:29.003994,14,6,1,4
2025-12-21 13:38:29.003994,15,6,1,3
2025-12-21 13:38:29.003994,16,6,1,0
2025-12-21 13:38:29.003994,17,6,1,105
2025-12-21 13:38:29.003994,18,6,1,76
2025-12-21 13:38:29.003994,19,6,1,78
2025-12-21 13:38:29.003994,20,6,1,81
2025-12-21 13:38:29.003994,21,6,1,3
2025-12-21 13:38:29.003994,22,6,1,0
2025-12-21 13:38:29.003994,23,6,1,1
2025-12-22 13:38:29.003994,0,0,0,0
2025-12-22 13:38:29.003994,1,0,0,3
2025-12-22 13:38:29.003994,2,0,0,4
2025-12-22 13:38:29.003994,3,0,0,0
2025-12-22 13:38:29.003994,4,0,0,0
2025-12-22 13:38:29.003994,5,0,0,2
2025-12-22 13:38:29.003994,6,0,0,3
2025-12-22 13:38:29.003994,7,0,0,11
2025-12-22 13:38:29.003994,8,0,0,23
2025-12-22 13:38:29.003994,9,0,0,13
2025-12-22 13:38:29.003994,10,0,0,4
2025-12-22 13:38:29.003994,11,0,0,23
2025-12-22 13:38:29.003994,12,0,0,47
2025-12-22 13:38:29.003994,13,0,0,49
2025-12-22 13:38:29.003994,14,0,0,3
2025-12-22 13:38:29.003994,15,0,0,2
2025-12-22 13:38:29.003994,16,0,0,1
2025-12-22 13:38:29.003994,17,0,0,58
2025-12-22 13:38:29.003994,18,0,0,39
2025-12-22 13:38:29.003994,19,0,0,68
2025-12-22 13:38:29.003994,20,0,0,30
2025-12-22 13:38:29.003994,21,0,0,4
2025-12-22 13:38:29.003994,22,0,0,0
2025-12-22 13:38:29.003994,23,0,0,3
2025-12-23 13:38:29.003994,0,1,0,3
2025-12-23 13:38:29.003994,1,1,0,4
2025-12-23 13:38:29.003994,2,1,0,3
2025-12-23 13:38:29.003994,3,1,0,1
2025-12-23 13:38:29.003994,4,1,0,0
2025-12-23 13:38:29.003994,5,1,0,1
2025-12-23 13:38:29.003994,6,1,0,3
2025-12-23 13:38:29.003994,7,1,0,11
2025-12-23 13:38:29.003994,8,1,0,19
2025-12-23 13:38:29.003994,9,1,0,10
2025-12-23 13:38:29.003994,10,1,0,4
2025-12-23 13:38:29.003994,11,1,0,24
2025-12-23 13:38:29.003994,12,1,0,47
2025-12-23 13:38:29.003994,13,1,0,30
2025-12-23 13:38:29.003994,14,1,0,0
2025-12-23 13:38:29.003994,15,1,0,0
2025-12-23 13:38:29.003994,16,1,0,1
2025-12-23 13:38:29.003994,17,1,0,43
2025-12-23 13:38:29.003994,18,1,0,57
2025-12-23 13:38:29.003994,19,1,0,61
2025-12-23 13:38:29.003994,20,1,0,60
2025-12-23 13:38:29.003994,21,1,0,0
2025-12-23 13:38:29.003994,22,1,0,0
2025-12-23 13:38:29.003994,23,1,0,1
2025-12-24 13:38:29.003994,0,2,0,4
2025-12-24 13:38:29.003994,1,2,0,4
2025-12-24 13:38:29.003994,2,2,0,2
2025-12-24 13:38:29.003994,3,2,0,1
2025-12-24 13:38:29.003994,4,2,0,4
2025-12-24 13:38:29.003994,5,2,0,0
2025-12-24 13:38:29.003994,6,2,0,2
2025-12-24 13:38:29.003994,7,2,0,25
2025-12-24 13:38:29.003994,8,2,0,11
2025-12-24 13:38:29.003994,9,2,0,10
2025-12-24 13:38:29.003994,10,2,0,3
2025-12-24 13:38:29.003994,11,2,0,41
2025-12-24 13:38:29.003994,12,2,0,44
2025-12-24 13:38:29.003994,13,2,0,28
2025-12-24 13:38:29.003994,14,2,0,3
2025-12-24 13:38:29.003994,15,2,0,1
2025-12-24 13:38:29.003994,16,2,0,1
2025-12-24 13:38:29.003994,17,2,0,39
2025-12-24 13:38:29.003994,18,2,0,31
2025-12-24 13:38:29.003994,19,2,0,61
2025-12-24 13:38:29.003994,20,2,0,45
2025-12-24 13:38:29.003994,21,2,0,3
2025-12-24 13:38:29.003994,22,2,0,0
2025-12-24 13:38:29.003994,23,2,0,4
2025-12-25 13:38:29.003994,0,3,0,1
2025-12-25 13:38:29.003994,1,3,0,4
2025-12-25 13:38:29.003994,2,3,0,4
2025-12-25 13:38:29.003994,3,3,0,3
2025-12-25 13:38:29.003994,4,3,0,1
2025-12-25 13:38:29.003994,5,3,0,4
2025-12-25 13:38:29.003994,6,3,0,1
2025-12-25 13:38:29.003994,7,3,0,24
2025-12-25 13:38:29.003994,8,3,0,20
2025-12-25 13:38:29.003994,9,3,0,20
2025-12-25 13:38:29.003994,10,3,0,3
2025-12-25 13:38:29.003994,11,3,0,40
2025-12-25 13:38:29.003994,12,3,0,44
2025-12-25 13:38:29.003994,13,3,0,29
2025-12-25 13:38:29.003994,14,3,0,1
2025-12-25 13:38:29.003994,15,3,0,1
2025-12-25 13:38:29.003994,16,3,0,0
2025-12-25 13:38:29.003994,17,3,0,60
2025-12-25 13:38:29.003994,18,3,0,33
2025-12-25 13:38:29.003994,19,3,0,35
2025-12-25 13:38:29.003994,20,3,0,55
2025-12-25 13:38:29.003994,21,3,0,0
2025-12-25 13:38:29.003994,22,3,0,2
2025-12-25 13:38:29.003994,23,3,0,4
2025-12-26 13:38:29.003994,0,4,0,2
2025-12-26 13:38:29.003994,1,4,0,0
2025-12-26 13:38:29.003994,2,4,0,4
2025-12-26 13:38:29.003994,3,4,0,2
2025-12-26 13:38:29.003994,4,4,0,0
2025-12-26 13:38:29.003994,5,4,0,2
2025-12-26 13:38:29.003994,6,4,0,1
2025-12-26 13:38:29.003994,7,4,0,28
2025-12-26 13:38:29.003994,8,4,0,19
2025-12-26 13:38:29.003994,9,4,0,13
2025-12-26 13:38:29.003994,10,4,0,4
2025-12-26 13:38:29.003994,11,4,0,21
2025-12-26 13:38:29.003994,12,4,0,35
2025-12-26 13:38:29.003994,13,4,0,47
2025-12-26 13:38:29.003994,14,4,0,4
2025-12-26 13:38:29.003994,15,4,0,2
2025-12-26 13:38:29.003994,16,4,0,0
2025-12-26 13:38:29.003994,17,4,0,60
2025-12-26 13:38:29.003994,18,4,0,61
2025-12-26 13:38:29.003994,19,4,0,37
2025-12-26 13:38:29.003994,20,4,0,70
2025-12-26 13:38:29.003994,21,4,0,1
2025-12-26 13:38:29.003994,22,4,0,1
2025-12-26 13:38:29.003994,23,4,0,3
2025-12-27 13:38:29.003994,0,5,1,6
2025-12-27 13:38:29.003994,1,5,1,0
2025-12-27 13:38:29.003994,2,5,1,0
2025-12-27 13:38:29.003994,3,5,1,0
2025-12-27 13:38:29.003994,4,5,1,1
2025-12-27 13:38:29.003994,5,5,1,4
2025-12-27 13:38:29.003994,6,5,1,3
2025-12-27 13:38:29.003994,7,5,1,36
2025-12-27 13:38:29.003994,8,5,1,34
2025-12-27 13:38:29.003994,9,5,1,33
2025-12-27 13:38:29.003994,10,5,1,0
2025-12-27 13:38:29.003994,11,5,1,31
2025-12-27 13:38:29.003994,12,5,1,72
2025-12-27 13:38:29.003994,13,5,1,33
2025-12-27 13:38:29.003994,14,5,1,6
2025-12-27 13:38:29.003994,15,5,1,1
2025-12-27 13:38:29.003994,16,5,1,4
2025-12-27 13:38:29.003994,17,5,1,117
2025-12-27 13:38:29.003994,18,5,1,103
2025-12-27 13:38:29.003994,19,5,1,70
2025-12-27 13:38:29.003994,20,5,1,72
2025-12-27 13:38:29.003994,21,5,1,4
2025-12-27 13:38:29.003994,22,5,1,3
2025-12-27 13:38:29.003994,23,5,1,3
2025-12-28 13:38:29.003994,0,6,1,4
2025-12-28 13:38:29.003994,1,6,1,0
2025-12-28 13:38:29.003994,2,6,1,4
2025-12-28 13:38:29.003994,3,6,1,0
2025-12-28 13:38:29.003994,4,6,1,3
2025-12-28 13:38:29.003994,5,6,1,0
2025-12-28 13:38:29.003994,6,6,1,6
2025-12-28 13:38:29.003994,7,6,1,21
2025-12-28 13:38:29.003994,8,6,1,43
2025-12-28 13:38:29.003994,9,6,1,36
2025-12-28 13:38:29.003994,10,6,1,3
2025-12-28 13:38:29.003994,11,6,1,40
2025-12-28 13:38:29.003994,12,6,1,69
2025-12-28 13:38:29.003994,13,6,1,40
2025-12-28 13:38:29.003994,14,6,1,4
2025-12-28 13:38:29.003994,15,6,1,3
2025-12-28 13:38:29.003994,16,6,1,6
2025-12-28 13:38:29.003994,17,6,1,73
2025-12-28 13:38:29.003994,18,6,1,49
2025-12-28 13:38:29.003994,19,6,1,63
2025-12-28 13:38:29.003994,20,6,1,57
2025-12-28 13:38:29.003994,21,6,1,4
2025-12-28 13:38:29.003994,22,6,1,4
2025-12-28 13:38:29.003994,23,6,1,0
2025-12-29 13:38:29.003994,0,0,0,4
2025-12-29 13:38:29.003994,1,0,0,1
2025-12-29 13:38:29.003994,2,0,0,1
2025-12-29 13:38:29.003994,3,0,0,4
2025-12-29 13:38:29.003994,4,0,0,3
2025-12-29 13:38:29.003994,5,0,0,1
2025-12-29 13:38:29.003994,6,0,0,2
2025-12-29 13:38:29.003994,7,0,0,26
2025-12-29 13:38:29.003994,8,0,0,22
2025-12-29 13:38:29.003994,9,0,0,11
2025-12-29 13:38:29.003994,10,0,0,1
2025-12-29 13:38:29.003994,11,0,0,45
2025-12-29 13:38:29.003994,12,0,0,20
2025-12-29 13:38:29.003994,13,0,0,35
2025-12-29 13:38:29.003994,14,0,0,3
2025-12-29 13:38:29.003994,15,0,0,0
2025-12-29 13:38:29.003994,16,0,0,0
2025-12-29 13:38:29.003994,17,0,0,76
2025-12-29 13:38:29.003994,18,0,0,46
2025-12-29 13:38:29.003994,19,0,0,37
2025-12-29 13:38:29.003994,20,0,0,32
2025-12-29 13:38:29.003994,21,0,0,4
2025-12-29 13:38:29.003994,22,0,0,3
2025-12-29 13:38:29.003994,23,0,0,3
2025-12-30 13:38:29.003994,0,1,0,2
2025-12-30 13:38:29.003994,1,1,0,4
2025-12-30 13:38:29.003994,2,1,0,0
2025-12-30 13:38:29.003994,3,1,0,2
2025-12-30 13:38:29.003994,4,1,0,0
2025-12-30 13:38:29.003994,5,1,0,2
2025-12-30 13:38:29.003994,6,1,0,0
2025-12-30 13:38:29.003994,7,1,0,21
2025-12-30 13:38:29.003994,8,1,0,23
2025-12-30 13:38:29.003994,9,1,0,22
2025-12-30 13:38:29.003994,10,1,0,3
2025-12-30 13:38:29.003994,11,1,0,33
2025-12-30 13:38:29.003994,12,1,0,41
2025-12-30 13:38:29.003994,13,1,0,30
2025-12-30 13:38:29.003994,14,1,0,4
2025-12-30 13:38:29.003994,15,1,0,0
2025-12-30 13:38:29.003994,16,1,0,3
2025-12-30 13:38:29.003994,17,1,0,48
2025-12-30 13:38:29.003994,18,1,0,51
2025-12-30 13:38:29.003994,19,1,0,62
2025-12-30 13:38:29.003994,20,1,0,75
2025-12-30 13:38:29.003994,21,1,0,0
2025-12-30 13:38:29.003994,22,1,0,1
2025-12-30 13:38:29.003994,23,1,0,0
2025-12-31 13:38:29.003994,0,2,0,4
2025-12-31 13:38:29.003994,1,2,0,4
2025-12-31 13:38:29.003994,2,2,0,0
2025-12-31 13:38:29.003994,3,2,0,4
2025-12-31 13:38:29.003994,4,2,0,3
2025-12-31 13:38:29.003994,5,2,0,4
2025-12-31 13:38:29.003994,6,2,0,0
2025-12-31 13:38:29.003994,7,2,0,15
2025-12-31 13:38:29.003994,8,2,0,27
2025-12-31 13:38:29.003994,9,2,0,27
2025-12-31 13:38:29.003994,10,2,0,2
2025-12-31 13:38:29.003994,11,2,0,36
2025-12-31 13:38:29.003994,12,2,0,46
2025-12-31 13:38:29.003994,13,2,0,46
2025-12-31 13:38:29.003994,14,2,0,2
2025-12-31 13:38:29.003994,15,2,0,0
2025-12-31 13:38:29.003994,16,2,0,4
2025-12-31 13:38:29.003994,17,2,0,58
2025-12-31 13:38:29.003994,18,2,0,76
2025-12-31 13:38:29.003994,19,2,0,41
2025-12-31 13:38:29.003994,20,2,0,66
2025-12-31 13:38:29.003994,21,2,0,2
2025-12-31 13:38:29.003994,22,2,0,0
2025-12-31 13:38:29.003994,23,2,0,1
2026-01-01 13:38:29.003994,0,3,0,0
2026-01-01 13:38:29.003994,1,3,0,1
2026-01-01 13:38:29.003994,2,3,0,1
2026-01-01 13:38:29.003994,3,3,0,2
2026-01-01 13:38:29.003994,4,3,0,4
2026-01-01 13:38:29.003994,5,3,0,0
2026-01-01 13:38:29.003994,6,3,0,4
2026-01-01 13:38:29.003994,7,3,0,28
2026-01-01 13:38:29.003994,8,3,0,26
2026-01-01 13:38:29.003994,9,3,0,10
2026-01-01 13:38:29.003994,10,3,0,1
2026-01-01 13:38:29.003994,11,3,0,28
2026-01-01 13:38:29.003994,12,3,0,27
2026-01-01 13:38:29.003994,13,3,0,34
2026-01-01 13:38:29.003994,14,3,0,2
2026-01-01 13:38:29.003994,15,3,0,3
2026-01-01 13:38:29.003994,16,3,0,3
2026-01-01 13:38:29.003994,17,3,0,53
2026-01-01 13:38:29.003994,18,3,0,70
2026-01-01 13:38:29.003994,19,3,0,65
2026-01-01 13:38:29.003994,20,3,0,70
2026-01-01 13:38:29.003994,21,3,0,4
2026-01-01 13:38:29.003994,22,3,0,3
2026-01-01 13:38:29.003994,23,3,0,2
2026-01-02 13:38:29.003994,0,4,0,3
2026-01-02 13:38:29.003994,1,4,0,1
2026-01-02 13:38:29.003994,2,4,0,3
2026-01-02 13:38:29.003994,3,4,0,4
2026-01-02 13:38:29.003994,4,4,0,3
2026-01-02 13:38:29.003994,5,4,0,0
2026-01-02 13:38:29.003994,6,4,0,3
2026-01-02 13:38:29.003994,7,4,0,20
2026-01-02 13:38:29.003994,8,4,0,27
2026-01-02 13:38:29.003994,9,4,0,12
2026-01-02 13:38:29.003994,10,4,0,3
2026-01-02 13:38:29.003994,11,4,0,33
2026-01-02 13:38:29.003994,12,4,0,36
2026-01-02 13:38:29.003994,13,4,0,46
2026-01-02 13:38:29.003994,14,4,0,4
2026-01-02 13:38:29.003994,15,4,0,4
2026-01-02 13:38:29.003994,16,4,0,0
2026-01-02 13:38:29.003994,17,4,0,48
2026-01-02 13:38:29.003994,18,4,0,59
2026-01-02 13:38:29.003994,19,4,0,45
2026-01-02 13:38:29.003994,20,4,0,31
2026-01-02 13:38:29.003994,21,4,0,0
2026-01-02 13:38:29.003994,22,4,0,1
2026-01-02 13:38:29.003994,23,4,0,1
2026-01-03 13:38:29.003994,0,5,1,0
2026-01-03 13:38:29.003994,1,5,1,1
2026-01-03 13:38:29.003994,2,5,1,4
2026-01-03 13:38:29.003994,3,5,1,6
2026-01-03 13:38:29.003994,4,5,1,3
2026-01-03 13:38:29.003994,5,5,1,1
2026-01-03 13:38:29.003994,6,5,1,1
2026-01-03 13:38:29.003994,7,5,1,28
2026-01-03 13:38:29.003994,8,5,1,39
2026-01-03 13:38:29.003994,9,5,1,19
2026-01-03 13:38:29.003994,10,5,1,6
2026-01-03 13:38:29.003994,11,5,1,72
2026-01-03 13:38:29.003994,12,5,1,34
2026-01-03 13:38:29.003994,13,5,1,54
2026-01-03 13:38:29.003994,14,5,1,1
2026-01-03 13:38:29.003994,15,5,1,0
2026-01-03 13:38:29.003994,16,5,1,4
2026-01-03 13:38:29.003994,17,5,1,46
2026-01-03 13:38:29.003994,18,5,1,72
2026-01-03 13:38:29.003994,19,5,1,79
2026-01-03 13:38:29.003994,20,5,1,76
2026-01-03 13:38:29.003994,21,5,1,1
2026-01-03 13:38:29.003994,22,5,1,0
2026-01-03 13:38:29.003994,23,5,1,3
2026-01-04 13:38:29.003994,0,6,1,4
2026-01-04 13:38:29.003994,1,6,1,0
2026-01-04 13:38:29.003994,2,6,1,4
2026-01-04 13:38:29.003994,3,6,1,4
2026-01-04 13:38:29.003994,4,6,1,0
2026-01-04 13:38:29.003994,5,6,1,0
2026-01-04 13:38:29.003994,6,6,1,4
2026-01-04 13:38:29.003994,7,6,1,21
2026-01-04 13:38:29.003994,8,6,1,40
2026-01-04 13:38:29.003994,9,6,1,22
2026-01-04 13:38:29.003994,10,6,1,4
2026-01-04 13:38:29.003994,11,6,1,49
2026-01-04 13:38:29.003994,12,6,1,63
2026-01-04 13:38:29.003994,13,6,1,61
2026-01-04 13:38:29.003994,14,6,1,4
2026-01-04 13:38:29.003994,15,6,1,1
2026-01-04 13:38:29.003994,16,6,1,0
2026-01-04 13:38:29.003994,17,6,1,58
2026-01-04 13:38:29.003994,18,6,1,102
2026-01-04 13:38:29.003994,19,6,1,88
2026-01-04 13:38:29.003994,20,6,1,48
2026-01-04 13:38:29.003994,21,6,1,1
2026-01-04 13:38:29.003994,22,6,1,3
2026-01-04 13:38:29.003994,23,6,1,6
2026-01-05 13:38:29.003994,0,0,0,3
2026-01-05 13:38:29.003994,1,0,0,4
2026-01-05 13:38:29.003994,2,0,0,3
2026-01-05 13:38:29.003994,3,0,0,3
2026-01-05 13:38:29.003994,4,0,0,0
2026-01-05 13:38:29.003994,5,0,0,1
2026-01-05 13:38:29.003994,6,0,0,4
2026-01-05 13:38:29.003994,7,0,0,22
2026-01-05 13:38:29.003994,8,0,0,17
2026-01-05 13:38:29.003994,9,0,0,28
2026-01-05 13:38:29.003994,10,0,0,1
2026-01-05 13:38:29.003994,11,0,0,49
2026-01-05 13:38:29.003994,12,0,0,35
2026-01-05 13:38:29.003994,13,0,0,44
2026-01-05 13:38:29.003994,14,0,0,1
2026-01-05 13:38:29.003994,15,0,0,2
2026-01-05 13:38:29.003994,16,0,0,1
2026-01-05 13:38:29.003994,17,0,0,55
2026-01-05 13:38:29.003994,18,0,0,72
2026-01-05 13:38:29.003994,19,0,0,74
2026-01-05 13:38:29.003994,20,0,0,60
2026-01-05 13:38:29.003994,21,0,0,0
2026-01-05 13:38:29.003994,22,0,0,4
2026-01-05 13:38:29.003994,23,0,0,1
2026-01-06 13:38:29.003994,0,1,0,2
2026-01-06 13:38:29.003994,1,1,0,2
2026-01-06 13:38:29.003994,2,1,0,0
2026-01-06 13:38:29.003994,3,1,0,4
2026-01-06 13:38:29.003994,4,1,0,3
2026-01-06 13:38:29.003994,5,1,0,1
2026-01-06 13:38:29.003994,6,1,0,0
2026-01-06 13:38:29.003994,7,1,0,24
2026-01-06 13:38:29.003994,8,1,0,10
2026-01-06 13:38:29.003994,9,1,0,28
2026-01-06 13:38:29.003994,10,1,0,0
2026-01-06 13:38:29.003994,11,1,0,40
2026-01-06 13:38:29.003994,12,1,0,34
2026-01-06 13:38:29.003994,13,1,0,30
2026-01-06 13:38:29.003994,14,1,0,3
2026-01-06 13:38:29.003994,15,1,0,0
2026-01-06 13:38:29.003994,16,1,0,4
2026-01-06 13:38:29.003994,17,1,0,63
2026-01-06 13:38:29.003994,18,1,0,47
2026-01-06 13:38:29.003994,19,1,0,38
2026-01-06 13:38:29.003994,20,1,0,35
2026-01-06 13:38:29.003994,21,1,0,3
2026-01-06 13:38:29.003994,22,1,0,1
2026-01-06 13:38:29.003994,23,1,0,4
2026-01-07 13:38:29.003994,0,2,0,4
2026-01-07 13:38:29.003994,1,2,0,2
2026-01-07 13:38:29.003994,2,2,0,3
2026-01-07 13:38:29.003994,3,2,0,2
2026-01-07 13:38:29.003994,4,2,0,2
2026-01-07 13:38:29.003994,5,2,0,4
2026-01-07 13:38:29.003994,6,2,0,2
2026-01-07 13:38:29.003994,7,2,0,28
2026-01-07 13:38:29.003994,8,2,0,22
2026-01-07 13:38:29.003994,9,2,0,23
2026-01-07 13:38:29.003994,10,2,0,1
2026-01-07 13:38:29.003994,11,2,0,23
2026-01-07 13:38:29.003994,12,2,0,48
2026-01-07 13:38:29.003994,13,2,0,23
2026-01-07 13:38:29.003994,14,2,0,3
2026-01-07 13:38:29.003994,15,2,0,4
2026-01-07 13:38:29.003994,16,2,0,4
2026-01-07 13:38:29.003994,17,2,0,58
2026-01-07 13:38:29.003994,18,2,0,39
2026-01-07 13:38:29.003994,19,2,0,60
2026-01-07 13:38:29.003994,20,2,0,76
2026-01-07 13:38:29.003994,21,2,0,1
2026-01-07 13:38:29.003994,22,2,0,0
2026-01-07 13:38:29.003994,23,2,0,0
2026-01-08 13:38:29.003994,0,3,0,0
2026-01-08 13:38:29.003994,1,3,0,1
2026-01-08 13:38:29.003994,2,3,0,2
2026-01-08 13:38:29.003994,3,3,0,2
2026-01-08 13:38:29.003994,4,3,0,0
2026-01-08 13:38:29.003994,5,3,0,1
2026-01-08 13:38:29.003994,6,3,0,0
2026-01-08 13:38:29.003994,7,3,0,25
2026-01-08 13:38:29.003994,8,3,0,13
2026-01-08 13:38:29.003994,9,3,0,14
2026-01-08 13:38:29.003994,10,3,0,2
2026-01-08 13:38:29.003994,11,3,0,38
2026-01-08 13:38:29.003994,12,3,0,26
2026-01-08 13:38:29.003994,13,3,0,25
2026-01-08 13:38:29.003994,14,3,0,0
2026-01-08 13:38:29.003994,15,3,0,0
2026-01-08 13:38:29.003994,16,3,0,2
2026-01-08 13:38:29.003994,17,3,0,60
2026-01-08 13:38:29.003994,18,3,0,60
2026-01-08 13:38:29.003994,19,3,0,68
2026-01-08 13:38:29.003994,20,3,0,52
2026-01-08 13:38:29.003994,21,3,0,4
2026-01-08 13:38:29.003994,22,3,0,0
2026-01-08 13:38:29.003994,23,3,0,3
2026-01-09 13:38:29.003994,0,4,0,2
2026-01-09 13:38:29.003994,1,4,0,2
2026-01-09 13:38:29.003994,2,4,0,4
2026-01-09 13:38:29.003994,3,4,0,0
2026-01-09 13:38:29.003994,4,4,0,0
2026-01-09 13:38:29.003994,5,4,0,3
2026-01-09 13:38:29.003994,6,4,0,2
2026-01-09 13:38:29.003994,7,4,0,24
2026-01-09 13:38:29.003994,8,4,0,20
2026-01-09 13:38:29.003994,9,4,0,22
2026-01-09 13:38:29.003994,10,4,0,1
2026-01-09 13:38:29.003994,11,4,0,43
2026-01-09 13:38:29.003994,12,4,0,28
2026-01-09 13:38:29.003994,13,4,0,23
2026-01-09 13:38:29.003994,14,4,0,0
2026-01-09 13:38:29.003994,15,4,0,1
2026-01-09 13:38:29.003994,16,4,0,2
2026-01-09 13:38:29.003994,17,4,0,58
2026-01-09 13:38:29.003994,18,4,0,39
2026-01-09 13:38:29.003994,19,4,0,60
2026-01-09 13:38:29.003994,20,4,0,32
2026-01-09 13:38:29.003994,21,4,0,1
2026-01-09 13:38:29.003994,22,4,0,0
2026-01-09 13:38:29.003994,23,4,0,1
2026-01-10 13:38:29.003994,0,5,1,4
2026-01-10 13:38:29.003994,1,5,1,1
2026-01-10 13:38:29.003994,2,5,1,3
2026-01-10 13:38:29.003994,3,5,1,6
2026-01-10 13:38:29.003994,4,5,1,3
2026-01-10 13:38:29.003994,5,5,1,1
2026-01-10 13:38:29.003994,6,5,1,0
2026-01-10 13:38:29.003994,7,5,1,15
2026-01-10 13:38:29.003994,8,5,1,40
2026-01-10 13:38:29.003994,9,5,1,28
2026-01-10 13:38:29.003994,10,5,1,3
2026-01-10 13:38:29.003994,11,5,1,34
2026-01-10 13:38:29.003994,12,5,1,52
2026-01-10 13:38:29.003994,13,5,1,48
2026-01-10 13:38:29.003994,14,5,1,0
2026-01-10 13:38:29.003994,15,5,1,3
2026-01-10 13:38:29.003994,16,5,1,3
2026-01-10 13:38:29.003994,17,5,1,52
2026-01-10 13:38:29.003994,18,5,1,76
2026-01-10 13:38:29.003994,19,5,1,114
2026-01-10 13:38:29.003994,20,5,1,118
2026-01-10 13:38:29.003994,21,5,1,4
2026-01-10 13:38:29.003994,22,5,1,1
2026-01-10 13:38:29.003994,23,5,1,6
2026-01-11 13:38:29.003994,0,6,1,1
2026-01-11 13:38:29.003994,1,6,1,4
2026-01-11 13:38:29.003994,2,6,1,1
2026-01-11 13:38:29.003994,3,6,1,1
2026-01-11 13:38:29.003994,4,6,1,1
2026-01-11 13:38:29.003994,5,6,1,1
2026-01-11 13:38:29.003994,6,6,1,0
2026-01-11 13:38:29.003994,7,6,1,33
2026-01-11 13:38:29.003994,8,6,1,15
2026-01-11 13:38:29.003994,9,6,1,22
2026-01-11 13:38:29.003994,10,6,1,0
2026-01-11 13:38:29.003994,11,6,1,48
2026-01-11 13:38:29.003994,12,6,1,70
2026-01-11 13:38:29.003994,13,6,1,36
2026-01-11 13:38:29.003994,14,6,1,0
2026-01-11 13:38:29.003994,15,6,1,0
2026-01-11 13:38:29.003994,16,6,1,0
2026-01-11 13:38:29.003994,17,6,1,114
2026-01-11 13:38:29.003994,18,6,1,61
2026-01-11 13:38:29.003994,19,6,1,79
2026-01-11 13:38:29.003994,20,6,1,45
2026-01-11 13:38:29.003994,21,6,1,0
2026-01-11 13:38:29.003994,22,6,1,0
2026-01-11 13:38:29.003994,23,6,1,1
2026-01-12 13:38:29.003994,0,0,0,1
2026-01-12 13:38:29.003994,1,0,0,2
2026-01-12 13:38:29.003994,2,0,0,0
2026-01-12 13:38:29.003994,3,0,0,2
2026-01-12 13:38:29.003994,4,0,0,3
2026-01-12 13:38:29.003994,5,0,0,2
2026-01-12 13:38:29.003994,6,0,0,4
2026-01-12 13:38:29.003994,7,0,0,11
2026-01-12 13:38:29.003994,8,0,0,26
2026-01-12 13:38:29.003994,9,0,0,23
2026-01-12 13:38:29.003994,10,0,0,3
2026-01-12 13:38:29.003994,11,0,0,36
2026-01-12 13:38:29.003994,12,0,0,31
2026-01-12 13:38:29.003994,13,0,0,39
2026-01-12 13:38:29.003994,14,0,0,1
2026-01-12 13:38:29.003994,15,0,0,2
2026-01-12 13:38:29.003994,16,0,0,2
2026-01-12 13:38:29.003994,17,0,0,79
2026-01-12 13:38:29.003994,18,0,0,46
2026-01-12 13:38:29.003994,19,0,0,66
2026-01-12 13:38:29.003994,20,0,0,44
2026-01-12 13:38:29.003994,21,0,0,0
2026-01-12 13:38:29.003994,22,0,0,2
2026-01-12 13:38:29.003994,23,0,0,3
2026-01-13 13:38:29.003994,0,1,0,4
2026-01-13 13:38:29.003994,1,1,0,1
2026-01-13 13:38:29.003994,2,1,0,0
2026-01-13 13:38:29.003994,3,1,0,0
2026-01-13 13:38:29.003994,4,1,0,3
2026-01-13 13:38:29.003994,5,1,0,0
2026-01-13 13:38:29.003994,6,1,0,0
2026-01-13 13:38:29.003994,7,1,0,24
2026-01-13 13:38:29.003994,8,1,0,19
2026-01-13 13:38:29.003994,9,1,0,21
2026-01-13 13:38:29.003994,10,1,0,0
2026-01-13 13:38:29.003994,11,1,0,32
2026-01-13 13:38:29.003994,12,1,0,40
2026-01-13 13:38:29.003994,13,1,0,33
2026-01-13 13:38:29.003994,14,1,0,4
2026-01-13 13:38:29.003994,15,1,0,1
2026-01-13 13:38:29.003994,16,1,0,3
2026-01-13 13:38:29.003994,17,1,0,54
2026-01-13 13:38:29.003994,18,1,0,77
2026-01-13 13:38:29.003994,19,1,0,65
2026-01-13 13:38:29.003994,20,1,0,74
2026-01-13 13:38:29.003994,21,1,0,2
2026-01-13 13:38:29.003994,22,1,0,2
2026-01-13 13:38:29.003994,23,1,0,0
2026-01-14 13:38:29.003994,0,2,0,4
2026-01-14 13:38:29.003994,1,2,0,2
2026-01-14 13:38:29.003994,2,2,0,2
2026-01-14 13:38:29.003994,3,2,0,2
2026-01-14 13:38:29.003994,4,2,0,4
2026-01-14 13:38:29.003994,5,2,0,0
2026-01-14 13:38:29.003994,6,2,0,2
2026-01-14 13:38:29.003994,7,2,0,25
2026-01-14 13:38:29.003994,8,2,0,13
2026-01-14 13:38:29.003994,9,2,0,26
2026-01-14 13:38:29.003994,10,2,0,4
2026-01-14 13:38:29.003994,11,2,0,41
2026-01-14 13:38:29.003994,12,2,0,43
2026-01-14 13:38:29.003994,13,2,0,20
2026-01-14 13:38:29.003994,14,2,0,3
2026-01-14 13:38:29.003994,15,2,0,3
2026-01-14 13:38:29.003994,16,2,0,2
2026-01-14 13:38:29.003994,17,2,0,31
2026-01-14 13:38:29.003994,18,2,0,69
2026-01-14 13:38:29.003994,19,2,0,38
2026-01-14 13:38:29.003994,20,2,0,40
2026-01-14 13:38:29.003994,21,2,0,4
2026-01-14 13:38:29.003994,22,2,0,2
2026-01-14 13:38:29.003994,23,2,0,1
2026-01-15 13:38:29.003994,0,3,0,1
2026-01-15 13:38:29.003994,1,3,0,3
2026-01-15 13:38:29.003994,2,3,0,2
2026-01-15 13:38:29.003994,3,3,0,1
2026-01-15 13:38:29.003994,4,3,0,4
2026-01-15 13:38:29.003994,5,3,0,0
2026-01-15 13:38:29.003994,6,3,0,0
2026-01-15 13:38:29.003994,7,3,0,29
2026-01-15 13:38:29.003994,8,3,0,28
2026-01-15 13:38:29.003994,9,3,0,28
2026-01-15 13:38:29.003994,10,3,0,4
2026-01-15 13:38:29.003994,11,3,0,48
2026-01-15 13:38:29.003994,12,3,0,37
2026-01-15 13:38:29.003994,13,3,0,30
2026-01-15 13:38:29.003994,14,3,0,0
2026-01-15 13:38:29.003994,15,3,0,2
2026-01-15 13:38:29.003994,16,3,0,0
2026-01-15 13:38:29.003994,17,3,0,77
2026-01-15 13:38:29.003994,18,3,0,72
2026-01-15 13:38:29.003994,19,3,0,46
2026-01-15 13:38:29.003994,20,3,0,55
2026-01-15 13:38:29.003994,21,3,0,2
2026-01-15 13:38:29.003994,22,3,0,0
2026-01-15 13:38:29.003994,23,3,0,0
2026-01-16 13:38:29.003994,0,4,0,1
2026-01-16 13:38:29.003994,1,4,0,0
2026-01-16 13:38:29.003994,2,4,0,3
2026-01-16 13:38:29.003994,3,4,0,4
2026-01-16 13:38:29.003994,4,4,0,2
2026-01-16 13:38:29.003994,5,4,0,3
2026-01-16 13:38:29.003994,6,4,0,2
2026-01-16 13:38:29.003994,7,4,0,12
2026-01-16 13:38:29.003994,8,4,0,26
2026-01-16 13:38:29.003994,9,4,0,13
2026-01-16 13:38:29.003994,10,4,0,4
2026-01-16 13:38:29.003994,11,4,0,20
2026-01-16 13:38:29.003994,12,4,0,38
2026-01-16 13:38:29.003994,13,4,0,39
2026-01-16 13:38:29.003994,14,4,0,1
2026-01-16 13:38:29.003994,15,4,0,2
2026-01-16 13:38:29.003994,16,4,0,3
2026-01-16 13:38:29.003994,17,4,0,78
2026-01-16 13:38:29.003994,18,4,0,61
2026-01-16 13:38:29.003994,19,4,0,69
2026-01-16 13:38:29.003994,20,4,0,33
2026-01-16 13:38:29.003994,21,4,0,1
2026-01-16 13:38:29.003994,22,4,0,3
2026-01-16 13:38:29.003994,23,4,0,4
2026-01-17 13:38:29.003994,0,5,1,4
2026-01-17 13:38:29.003994,1,5,1,3
2026-01-17 13:38:29.003994,2,5,1,6
2026-01-17 13:38:29.003994,3,5,1,4
2026-01-17 13:38:29.003994,4,5,1,0
2026-01-17 13:38:29.003994,5,5,1,4
2026-01-17 13:38:29.003994,6,5,1,3
2026-01-17 13:38:29.003994,7,5,1,36
2026-01-17 13:38:29.003994,8,5,1,40
2026-01-17 13:38:29.003994,9,5,1,18
2026-01-17 13:38:29.003994,10,5,1,6
2026-01-17 13:38:29.003994,11,5,1,69
2026-01-17 13:38:29.003994,12,5,1,30
2026-01-17 13:38:29.003994,13,5,1,33
2026-01-17 13:38:29.003994,14,5,1,6
2026-01-17 13:38:29.003994,15,5,1,3
2026-01-17 13:38:29.003994,16,5,1,6
2026-01-17 13:38:29.003994,17,5,1,93
2026-01-17 13:38:29.003994,18,5,1,87
2026-01-17 13:38:29.003994,19,5,1,82
2026-01-17 13:38:29.003994,20,5,1,117
2026-01-17 13:38:29.003994,21,5,1,1
2026-01-17 13:38:29.003994,22,5,1,3
2026-01-17 13:38:29.003994,23,5,1,0
2026-01-18 13:38:29.003994,0,6,1,3
2026-01-18 13:38:29.003994,1,6,1,6
2026-01-18 13:38:29.003994,2,6,1,0
2026-01-18 13:38:29.003994,3,6,1,4
2026-01-18 13:38:29.003994,4,6,1,6
2026-01-18 13:38:29.003994,5,6,1,6
2026-01-18 13:38:29.003994,6,6,1,3
2026-01-18 13:38:29.003994,7,6,1,27
2026-01-18 13:38:29.003994,8,6,1,18
2026-01-18 13:38:29.003994,9,6,1,27
2026-01-18 13:38:29.003994,10,6,1,6
2026-01-18 13:38:29.003994,11,6,1,33
2026-01-18 13:38:29.003994,12,6,1,58
2026-01-18 13:38:29.003994,13,6,1,61
2026-01-18 13:38:29.003994,14,6,1,3
2026-01-18 13:38:29.003994,15,6,1,0
2026-01-18 13:38:29.003994,16,6,1,0
2026-01-18 13:38:29.003994,17,6,1,64
2026-01-18 13:38:29.003994,18,6,1,67
2026-01-18 13:38:29.003994,19,6,1,63
2026-01-18 13:38:29.003994,20,6,1,61
2026-01-18 13:38:29.003994,21,6,1,3
2026-01-18 13:38:29.003994,22,6,1,0
2026-01-18 13:38:29.003994,23,6,1,0
2026-01-19 13:38:29.003994,0,0,0,4
2026-01-19 13:38:29.003994,1,0,0,4
2026-01-19 13:38:29.003994,2,0,0,0
2026-01-19 13:38:29.003994,3,0,0,0
2026-01-19 13:38:29.003994,4,0,0,4
2026-01-19 13:38:29.003994,5,0,0,3
2026-01-19 13:38:29.003994,6,0,0,1
2026-01-19 13:38:29.003994,7,0,0,18
2026-01-19 13:38:29.003994,8,0,0,12
2026-01-19 13:38:29.003994,9,0,0,27
2026-01-19 13:38:29.003994,10,0,0,3
2026-01-19 13:38:29.003994,11,0,0,36
2026-01-19 13:38:29.003994,12,0,0,38
2026-01-19 13:38:29.003994,13,0,0,32
2026-01-19 13:38:29.003994,14,0,0,0
2026-01-19 13:38:29.003994,15,0,0,1
2026-01-19 13:38:29.003994,16,0,0,0
2026-01-19 13:38:29.003994,17,0,0,32
2026-01-19 13:38:29.003994,18,0,0,36
2026-01-19 13:38:29.003994,19,0,0,52
2026-01-19 13:38:29.003994,20,0,0,47
2026-01-19 13:38:29.003994,21,0,0,4
2026-01-19 13:38:29.003994,22,0,0,0
2026-01-19 13:38:29.003994,23,0,0,4
2026-01-20 13:38:29.003994,0,1,0,0
2026-01-20 13:38:29.003994,1,1,0,3
2026-01-20 13:38:29.003994,2,1,0,4
2026-01-20 13:38:29.003994,3,1,0,3
2026-01-20 13:38:29.003994,4,1,0,3
2026-01-20 13:38:29.003994,5,1,0,1
2026-01-20 13:38:29.003994,6,1,0,4
2026-01-20 13:38:29.003994,7,1,0,14
2026-01-20 13:38:29.003994,8,1,0,10
2026-01-20 13:38:29.003994,9,1,0,16
2026-01-20 13:38:29.003994,10,1,0,1
2026-01-20 13:38:29.003994,11,1,0,20
2026-01-20 13:38:29.003994,12,1,0,35
2026-01-20 13:38:29.003994,13,1,0,32
2026-01-20 13:38:29.003994,14,1,0,1
2026-01-20 13:38:29.003994,15,1,0,1
2026-01-20 13:38:29.003994,16,1,0,3
2026-01-20 13:38:29.003994,17,1,0,41
2026-01-20 13:38:29.003994,18,1,0,71
2026-01-20 13:38:29.003994,19,1,0,32
2026-01-20 13:38:29.003994,20,1,0,55
2026-01-20 13:38:29.003994,21,1,0,0
2026-01-20 13:38:29.003994,22,1,0,1
2026-01-20 13:38:29.003994,23,1,0,2
2026-01-21 13:38:29.003994,0,2,0,1
2026-01-21 13:38:29.003994,1,2,0,4
2026-01-21 13:38:29.003994,2,2,0,2
2026-01-21 13:38:29.003994,3,2,0,1
2026-01-21 13:38:29.003994,4,2,0,0
2026-01-21 13:38:29.003994,5,2,0,1
2026-01-21 13:38:29.003994,6,2,0,0
2026-01-21 13:38:29.003994,7,2,0,11
2026-01-21 13:38:29.003994,8,2,0,28
2026-01-21 13:38:29.003994,9,2,0,24
2026-01-21 13:38:29.003994,10,2,0,2
2026-01-21 13:38:29.003994,11,2,0,40
2026-01-21 13:38:29.003994,12,2,0,27
2026-01-21 13:38:29.003994,13,2,0,24
2026-01-21 13:38:29.003994,14,2,0,0
2026-01-21 13:38:29.003994,15,2,0,0
2026-01-21 13:38:29.003994,16,2,0,0
2026-01-21 13:38:29.003994,17,2,0,31
2026-01-21 13:38:29.003994,18,2,0,75
2026-01-21 13:38:29.003994,19,2,0,71
2026-01-21 13:38:29.003994,20,2,0,71
2026-01-21 13:38:29.003994,21,2,0,4
2026-01-21 13:38:29.003994,22,2,0,0
2026-01-21 13:38:29.003994,23,2,0,3
2026-01-22 13:38:29.003994,0,3,0,0
2026-01-22 13:38:29.003994,1,3,0,3
2026-01-22 13:38:29.003994,2,3,0,3
2026-01-22 13:38:29.003994,3,3,0,2
2026-01-22 13:38:29.003994,4,3,0,2
2026-01-22 13:38:29.003994,5,3,0,1
2026-01-22 13:38:29.003994,6,3,0,1
2026-01-22 13:38:29.003994,7,3,0,17
2026-01-22 13:38:29.003994,8,3,0,14
2026-01-22 13:38:29.003994,9,3,0,10
2026-01-22 13:38:29.003994,10,3,0,2
2026-01-22 13:38:29.003994,11,3,0,23
2026-01-22 13:38:29.003994,12,3,0,43
2026-01-22 13:38:29.003994,13,3,0,24
2026-01-22 13:38:29.003994,14,3,0,0
2026-01-22 13:38:29.003994,15,3,0,4
2026-01-22 13:38:29.003994,16,3,0,3
2026-01-22 13:38:29.003994,17,3,0,53
2026-01-22 13:38:29.003994,18,3,0,67
2026-01-22 13:38:29.003994,19,3,0,51
2026-01-22 13:38:29.003994,20,3,0,48
2026-01-22 13:38:29.003994,21,3,0,3
2026-01-22 13:38:29.003994,22,3,0,3
2026-01-22 13:38:29.003994,23,3,0,0
2026-01-23 13:38:29.003994,0,4,0,1
2026-01-23 13:38:29.003994,1,4,0,3
2026-01-23 13:38:29.003994,2,4,0,2
2026-01-23 13:38:29.003994,3,4,0,3
2026-01-23 13:38:29.003994,4,4,0,4
2026-01-23 13:38:29.003994,5,4,0,2
2026-01-23 13:38:29.003994,6,4,0,2
2026-01-23 13:38:29.003994,7,4,0,10
2026-01-23 13:38:29.003994,8,4,0,18
2026-01-23 13:38:29.003994,9,4,0,18
2026-01-23 13:38:29.003994,10,4,0,2
2026-01-23 13:38:29.003994,11,4,0,31
2026-01-23 13:38:29.003994,12,4,0,32
2026-01-23 13:38:29.003994,13,4,0,48
2026-01-23 13:38:29.003994,14,4,0,2
2026-01-23 13:38:29.003994,15,4,0,0
2026-01-23 13:38:29.003994,16,4,0,0
2026-01-23 13:38:29.003994,17,4,0,35
2026-01-23 13:38:29.003994,18,4,0,34
2026-01-23 13:38:29.003994,19,4,0,45
2026-01-23 13:38:29.003994,20,4,0,78
2026-01-23 13:38:29.003994,21,4,0,1
2026-01-23 13:38:29.003994,22,4,0,0
2026-01-23 13:38:29.003994,23,4,0,2
2026-01-24 13:38:29.003994,0,5,1,6
2026-01-24 13:38:29.003994,1,5,1,3
2026-01-24 13:38:29.003994,2,5,1,1
2026-01-24 13:38:29.003994,3,5,1,0
2026-01-24 13:38:29.003994,4,5,1,1
2026-01-24 13:38:29.003994,5,5,1,6
2026-01-24 13:38:29.003994,6,5,1,3
2026-01-24 13:38:29.003994,7,5,1,40
2026-01-24 13:38:29.003994,8,5,1,15
2026-01-24 13:38:29.003994,9,5,1,24
2026-01-24 13:38:29.003994,10,5,1,0
2026-01-24 13:38:29.003994,11,5,1,60
2026-01-24 13:38:29.003994,12,5,1,37
2026-01-24 13:38:29.003994,13,5,1,52
2026-01-24 13:38:29.003994,14,5,1,4
2026-01-24 13:38:29.003994,15,5,1,6
2026-01-24 13:38:29.003994,16,5,1,4
2026-01-24 13:38:29.003994,17,5,1,99
2026-01-24 13:38:29.003994,18,5,1,81
2026-01-24 13:38:29.003994,19,5,1,55
2026-01-24 13:38:29.003994,20,5,1,61
2026-01-24 13:38:29.003994,21,5,1,0
2026-01-24 13:38:29.003994,22,5,1,3
2026-01-24 13:38:29.003994,23,5,1,3
2026-01-25 13:38:29.003994,0,6,1,0
2026-01-25 13:38:29.003994,1,6,1,0
2026-01-25 13:38:29.003994,2,6,1,1
2026-01-25 13:38:29.003994,3,6,1,4
2026-01-25 13:38:29.003994,4,6,1,0
2026-01-25 13:38:29.003994,5,6,1,0
2026-01-25 13:38:29.003994,6,6,1,1
2026-01-25 13:38:29.003994,7,6,1,24
2026-01-25 13:38:29.003994,8,6,1,19
2026-01-25 13:38:29.003994,9,6,1,39
2026-01-25 13:38:29.003994,10,6,1,1
2026-01-25 13:38:29.003994,11,6,1,36
2026-01-25 13:38:29.003994,12,6,1,63
2026-01-25 13:38:29.003994,13,6,1,48
2026-01-25 13:38:29.003994,14,6,1,6
2026-01-25 13:38:29.003994,15,6,1,3
2026-01-25 13:38:29.003994,16,6,1,1
2026-01-25 13:38:29.003994,17,6,1,63
2026-01-25 13:38:29.003994,18,6,1,94
2026-01-25 13:38:29.003994,19,6,1,76
2026-01-25 13:38:29.003994,20,6,1,78
2026-01-25 13:38:29.003994,21,6,1,4
2026-01-25 13:38:29.003994,22,6,1,0
2026-01-25 13:38:29.003994,23,6,1,0
2026-01-26 13:38:29.003994,0,0,0,3
2026-01-26 13:38:29.003994,1,0,0,1
2026-01-26 13:38:29.003994,2,0,0,1
2026-01-26 13:38:29.003994,3,0,0,4
2026-01-26 13:38:29.003994,4,0,0,2
2026-01-26 13:38:29.003994,5,0,0,2
2026-01-26 13:38:29.003994,6,0,0,4
2026-01-26 13:38:29.003994,7,0,0,10
2026-01-26 13:38:29.003994,8,0,0,21
2026-01-26 13:38:29.003994,9,0,0,22
2026-01-26 13:38:29.003994,10,0,0,4
2026-01-26 13:38:29.003994,11,0,0,46
2026-01-26 13:38:29.003994,12,0,0,24
2026-01-26 13:38:29.003994,13,0,0,49
2026-01-26 13:38:29.003994,14,0,0,0
2026-01-26 13:38:29.003994,15,0,0,0
2026-01-26 13:38:29.003994,16,0,0,2
2026-01-26 13:38:29.003994,17,0,0,31
2026-01-26 13:38:29.003994,18,0,0,45
2026-01-26 13:38:29.003994,19,0,0,44
2026-01-26 13:38:29.003994,20,0,0,42
2026-01-26 13:38:29.003994,21,0,0,4
2026-01-26 13:38:29.003994,22,0,0,2
2026-01-26 13:38:29.003994,23,0,0,1
2026-01-27 13:38:29.003994,0,1,0,3
2026-01-27 13:38:29.003994,1,1,0,1
2026-01-27 13:38:29.003994,2,1,0,1
2026-01-27 13:38:29.003994,3,1,0,0
2026-01-27 13:38:29.003994,4,1,0,4
2026-01-27 13:38:29.003994,5,1,0,4
2026-01-27 13:38:29.003994,6,1,0,4
2026-01-27 13:38:29.003994,7,1,0,17
2026-01-27 13:38:29.003994,8,1,0,12
2026-01-27 13:38:29.003994,9,1,0,12
2026-01-27 13:38:29.003994,10,1,0,2
2026-01-27 13:38:29.003994,11,1,0,49
2026-01-27 13:38:29.003994,12,1,0,30
2026-01-27 13:38:29.003994,13,1,0,36
2026-01-27 13:38:29.003994,14,1,0,3
2026-01-27 13:38:29.003994,15,1,0,0
2026-01-27 13:38:29.003994,16,1,0,4
2026-01-27 13:38:29.003994,17,1,0,57
2026-01-27 13:38:29.003994,18,1,0,60
2026-01-27 13:38:29.003994,19,1,0,32
2026-01-27 13:38:29.003994,20,1,0,72
2026-01-27 13:38:29.003994,21,1,0,0
2026-01-27 13:38:29.003994,22,1,0,0
2026-01-27 13:38:29.003994,23,1,0,2
2026-01-28 13:38:29.003994,0,2,0,2
2026-01-28 13:38:29.003994,1,2,0,4
2026-01-28 13:38:29.003994,2,2,0,1
2026-01-28 13:38:29.003994,3,2,0,3
2026-01-28 13:38:29.003994,4,2,0,0
2026-01-28 13:38:29.003994,5,2,0,3
2026-01-28 13:38:29.003994,6,2,0,4
2026-01-28 13:38:29.003994,7,2,0,14
2026-01-28 13:38:29.003994,8,2,0,23
2026-01-28 13:38:29.003994,9,2,0,23
2026-01-28 13:38:29.003994,10,2,0,3
2026-01-28 13:38:29.003994,11,2,0,38
2026-01-28 13:38:29.003994,12,2,0,49
2026-01-28 13:38:29.003994,13,2,0,28
2026-01-28 13:38:29.003994,14,2,0,4
2026-01-28 13:38:29.003994,15,2,0,4
2026-01-28 13:38:29.003994,16,2,0,3
2026-01-28 13:38:29.003994,17,2,0,77
2026-01-28 13:38:29.003994,18,2,0,52
2026-01-28 13:38:29.003994,19,2,0,35
2026-01-28 13:38:29.003994,20,2,0,31
2026-01-28 13:38:29.003994,21,2,0,4
2026-01-28 13:38:29.003994,22,2,0,4
2026-01-28 13:38:29.003994,23,2,0,4
2026-01-29 13:38:29.003994,0,3,0,2
2026-01-29 13:38:29.003994,1,3,0,1
2026-01-29 13:38:29.003994,2,3,0,3
2026-01-29 13:38:29.003994,3,3,0,2
2026-01-29 13:38:29.003994,4,3,0,0
2026-01-29 13:38:29.003994,5,3,0,4
2026-01-29 13:38:29.003994,6,3,0,1
2026-01-29 13:38:29.003994,7,3,0,26
2026-01-29 13:38:29.003994,8,3,0,20
2026-01-29 13:38:29.003994,9,3,0,17
2026-01-29 13:38:29.003994,10,3,0,3
2026-01-29 13:38:29.003994,11,3,0,27
2026-01-29 13:38:29.003994,12,3,0,45
2026-01-29 13:38:29.003994,13,3,0,35
2026-01-29 13:38:29.003994,14,3,0,4
2026-01-29 13:38:29.003994,15,3,0,4
2026-01-29 13:38:29.003994,16,3,0,1
2026-01-29 13:38:29.003994,17,3,0,48
2026-01-29 13:38:29.003994,18,3,0,37
2026-01-29 13:38:29.003994,19,3,0,66
2026-01-29 13:38:29.003994,20,3,0,60
2026-01-29 13:38:29.003994,21,3,0,2
2026-01-29 13:38:29.003994,22,3,0,1
2026-01-29 13:38:29.003994,23,3,0,0
2026-01-30 13:38:29.003994,0,4,0,1
2026-01-30 13:38:29.003994,1,4,0,0
2026-01-30 13:38:29.003994,2,4,0,3
2026-01-30 13:38:29.003994,3,4,0,3
2026-01-30 13:38:29.003994,4,4,0,4
2026-01-30 13:38:29.003994,5,4,0,1
2026-01-30 13:38:29.003994,6,4,0,1
2026-01-30 13:38:29.003994,7,4,0,13
2026-01-30 13:38:29.003994,8,4,0,21
2026-01-30 13:38:29.003994,9,4,0,13
2026-01-30 13:38:29.003994,10,4,0,0
2026-01-30 13:38:29.003994,11,4,0,25
2026-01-30 13:38:29.003994,12,4,0,29
2026-01-30 13:38:29.003994,13,4,0,33
2026-01-30 13:38:29.003994,14,4,0,0
2026-01-30 13:38:29.003994,15,4,0,4
2026-01-30 13:38:29.003994,16,4,0,1
2026-01-30 13:38:29.003994,17,4,0,45
2026-01-30 13:38:29.003994,18,4,0,72
2026-01-30 13:38:29.003994,19,4,0,36
2026-01-30 13:38:29.003994,20,4,0,79
2026-01-30 13:38:29.003994,21,4,0,2
2026-01-30 13:38:29.003994,22,4,0,0
2026-01-30 13:38:29.003994,23,4,0,4
2026-01-31 13:38:29.003994,0,5,1,6
2026-01-31 13:38:29.003994,1,5,1,0
2026-01-31 13:38:29.003994,2,5,1,6
2026-01-31 13:38:29.003994,3,5,1,6
2026-01-31 13:38:29.003994,4,5,1,1
2026-01-31 13:38:29.003994,5,5,1,3
2026-01-31 13:38:29.003994,6,5,1,1
2026-01-31 13:38:29.003994,7,5,1,21
2026-01-31 13:38:29.003994,8,5,1,33
2026-01-31 13:38:29.003994,9,5,1,28
2026-01-31 13:38:29.003994,10,5,1,1
2026-01-31 13:38:29.003994,11,5,1,66
2026-01-31 13:38:29.003994,12,5,1,70
2026-01-31 13:38:29.003994,13,5,1,49
2026-01-31 13:38:29.003994,14,5,1,6
2026-01-31 13:38:29.003994,15,5,1,6
2026-01-31 13:38:29.003994,16,5,1,6
2026-01-31 13:38:29.003994,17,5,1,72
2026-01-31 13:38:29.003994,18,5,1,93
2026-01-31 13:38:29.003994,19,5,1,106
2026-01-31 13:38:29.003994,20,5,1,84
2026-01-31 13:38:29.003994,21,5,1,4
2026-01-31 13:38:29.003994,22,5,1,0
2026-01-31 13:38:29.003994,23,5,1,3
2026-02-01 13:38:29.003994,0,6,1,4
2026-02-01 13:38:29.003994,1,6,1,0
2026-02-01 13:38:29.003994,2,6,1,4
2026-02-01 13:38:29.003994,3,6,1,0
2026-02-01 13:38:29.003994,4,6,1,6
2026-02-01 13:38:29.003994,5,6,1,0
2026-02-01 13:38:29.003994,6,6,1,1
2026-02-01 13:38:29.003994,7,6,1,36
2026-02-01 13:38:29.003994,8,6,1,21
2026-02-01 13:38:29.003994,9,6,1,40
2026-02-01 13:38:29.003994,10,6,1,4
2026-02-01 13:38:29.003994,11,6,1,33
2026-02-01 13:38:29.003994,12,6,1,66
2026-02-01 13:38:29.003994,13,6,1,57
2026-02-01 13:38:29.003994,14,6,1,4
2026-02-01 13:38:29.003994,15,6,1,1
2026-02-01 13:38:29.003994,16,6,1,0
2026-02-01 13:38:29.003994,17,6,1,90
2026-02-01 13:38:29.003994,18,6,1,46
2026-02-01 13:38:29.003994,19,6,1,102
2026-02-01 13:38:29.003994,20,6,1,108
2026-02-01 13:38:29.003994,21,6,1,3
2026-02-01 13:38:29.003994,22,6,1,1
2026-02-01 13:38:29.003994,23,6,1,0
2026-02-02 13:38:29.003994,0,0,0,1
2026-02-02 13:38:29.003994,1,0,0,1
2026-02-02 13:38:29.003994,2,0,0,4
2026-02-02 13:38:29.003994,3,0,0,2
2026-02-02 13:38:29.003994,4,0,0,3
2026-02-02 13:38:29.003994,5,0,0,2
2026-02-02 13:38:29.003994,6,0,0,2
2026-02-02 13:38:29.003994,7,0,0,21
2026-02-02 13:38:29.003994,8,0,0,13
2026-02-02 13:38:29.003994,9,0,0,25
2026-02-02 13:38:29.003994,10,0,0,3
2026-02-02 13:38:29.003994,11,0,0,23
2026-02-02 13:38:29.003994,12,0,0,34
2026-02-02 13:38:29.003994,13,0,0,22
2026-02-02 13:38:29.003994,14,0,0,4
2026-02-02 13:38:29.003994,15,0,0,0
2026-02-02 13:38:29.003994,16,0,0,0
2026-02-02 13:38:29.003994,17,0,0,42
2026-02-02 13:38:29.003994,18,0,0,72
2026-02-02 13:38:29.003994,19,0,0,76
2026-02-02 13:38:29.003994,20,0,0,45
2026-02-02 13:38:29.003994,21,0,0,1
2026-02-02 13:38:29.003994,22,0,0,4
2026-02-02 13:38:29.003994,23,0,0,3
2026-02-03 13:38:29.003994,0,1,0,0
2026-02-03 13:38:29.003994,1,1,0,1
2026-02-03 13:38:29.003994,2,1,0,0
2026-02-03 13:38:29.003994,3,1,0,3
2026-02-03 13:38:29.003994,4,1,0,2
2026-02-03 13:38:29.003994,5,1,0,2
2026-02-03 13:38:29.003994,6,1,0,4
2026-02-03 13:38:29.003994,7,1,0,19
2026-02-03 13:38:29.003994,8,1,0,17
2026-02-03 13:38:29.003994,9,1,0,20
2026-02-03 13:38:29.003994,10,1,0,2
2026-02-03 13:38:29.003994,11,1,0,35
2026-02-03 13:38:29.003994,12,1,0,48
2026-02-03 13:38:29.003994,13,1,0,44
2026-02-03 13:38:29.003994,14,1,0,3
2026-02-03 13:38:29.003994,15,1,0,3
2026-02-03 13:38:29.003994,16,1,0,1
2026-02-03 13:38:29.003994,17,1,0,47
2026-02-03 13:38:29.003994,18,1,0,38
2026-02-03 13:38:29.003994,19,1,0,37
2026-02-03 13:38:29.003994,20,1,0,36
2026-02-03 13:38:29.003994,21,1,0,0
2026-02-03 13:38:29.003994,22,1,0,2
2026-02-03 13:38:29.003994,23,1,0,0
2026-02-04 13:38:29.003994,0,2,0,1
2026-02-04 13:38:29.003994,1,2,0,4
2026-02-04 13:38:29.003994,2,2,0,1
2026-02-04 13:38:29.003994,3,2,0,3
2026-02-04 13:38:29.003994,4,2,0,3
2026-02-04 13:38:29.003994,5,2,0,0
2026-02-04 13:38:29.003994,6,2,0,3
2026-02-04 13:38:29.003994,7,2,0,20
2026-02-04 13:38:29.003994,8,2,0,26
2026-02-04 13:38:29.003994,9,2,0,12
2026-02-04 13:38:29.003994,10,2,0,4
2026-02-04 13:38:29.003994,11,2,0,35
2026-02-04 13:38:29.003994,12,2,0,37
2026-02-04 13:38:29.003994,13,2,0,35
2026-02-04 13:38:29.003994,14,2,0,0
2026-02-04 13:38:29.003994,15,2,0,0
2026-02-04 13:38:29.003994,16,2,0,2
2026-02-04 13:38:29.003994,17,2,0,74
2026-02-04 13:38:29.003994,18,2,0,57
2026-02-04 13:38:29.003994,19,2,0,67
2026-02-04 13:38:29.003994,20,2,0,41
2026-02-04 13:38:29.003994,21,2,0,4
2026-02-04 13:38:29.003994,22,2,0,3
2026-02-04 13:38:29.003994,23,2,0,2
2026-02-05 13:38:29.003994,0,3,0,1
2026-02-05 13:38:29.003994,1,3,0,0
2026-02-05 13:38:29.003994,2,3,0,2
2026-02-05 13:38:29.003994,3,3,0,2
2026-02-05 13:38:29.003994,4,3,0,4
2026-02-05 13:38:29.003994,5,3,0,3
2026-02-05 13:38:29.003994,6,3,0,0
2026-02-05 13:38:29.003994,7,3,0,25
2026-02-05 13:38:29.003994,8,3,0,24
2026-02-05 13:38:29.003994,9,3,0,15
2026-02-05 13:38:29.003994,10,3,0,2
2026-02-05 13:38:29.003994,11,3,0,34
2026-02-05 13:38:29.003994,12,3,0,26
2026-02-05 13:38:29.003994,13,3,0,36
2026-02-05 13:38:29.003994,14,3,0,0
2026-02-05 13:38:29.003994,15,3,0,4
2026-02-05 13:38:29.003994,16,3,0,1
2026-02-05 13:38:29.003994,17,3,0,72
2026-02-05 13:38:29.003994,18,3,0,67
2026-02-05 13:38:29.003994,19,3,0,36
2026-02-05 13:38:29.003994,20,3,0,60
2026-02-05 13:38:29.003994,21,3,0,3
2026-02-05 13:38:29.003994,22,3,0,2
2026-02-05 13:38:29.003994,23,3,0,0
2026-02-06 13:38:29.003994,0,4,0,3
2026-02-06 13:38:29.003994,1,4,0,2
2026-02-06 13:38:29.003994,2,4,0,0
2026-02-06 13:38:29.003994,3,4,0,1
2026-02-06 13:38:29.003994,4,4,0,2
2026-02-06 13:38:29.003994,5,4,0,4
2026-02-06 13:38:29.003994,6,4,0,0
2026-02-06 13:38:29.003994,7,4,0,23
2026-02-06 13:38:29.003994,8,4,0,14
2026-02-06 13:38:29.003994,9,4,0,24
2026-02-06 13:38:29.003994,10,4,0,0
2026-02-06 13:38:29.003994,11,4,0,32
2026-02-06 13:38:29.003994,12,4,0,48
2026-02-06 13:38:29.003994,13,4,0,41
2026-02-06 13:38:29.003994,14,4,0,0
2026-02-06 13:38:29.003994,15,4,0,0
2026-02-06 13:38:29.003994,16,4,0,0
2026-02-06 13:38:29.003994,17,4,0,78
2026-02-06 13:38:29.003994,18,4,0,74
2026-02-06 13:38:29.003994,19,4,0,75
2026-02-06 13:38:29.003994,20,4,0,48
2026-02-06 13:38:29.003994,21,4,0,4
2026-02-06 13:38:29.003994,22,4,0,1
2026-02-06 13:38:29.003994,23,4,0,3
2026-02-07 13:38:29.003994,0,5,1,3
2026-02-07 13:38:29.003994,1,5,1,1
2026-02-07 13:38:29.003994,2,5,1,3
2026-02-07 13:38:29.003994,3,5,1,1
2026-02-07 13:38:29.003994,4,5,1,4
2026-02-07 13:38:29.003994,5,5,1,3
2026-02-07 13:38:29.003994,6,5,1,1
2026-02-07 13:38:29.003994,7,5,1,43
2026-02-07 13:38:29.003994,8,5,1,31
2026-02-07 13:38:29.003994,9,5,1,42
2026-02-07 13:38:29.003994,10,5,1,1
2026-02-07 13:38:29.003994,11,5,1,69
2026-02-07 13:38:29.003994,12,5,1,60
2026-02-07 13:38:29.003994,13,5,1,69
2026-02-07 13:38:29.003994,14,5,1,1
2026-02-07 13:38:29.003994,15,5,1,3
2026-02-07 13:38:29.003994,16,5,1,6
2026-02-07 13:38:29.003994,17,5,1,57
2026-02-07 13:38:29.003994,18,5,1,105
2026-02-07 13:38:29.003994,19,5,1,63
2026-02-07 13:38:29.003994,20,5,1,87
2026-02-07 13:38:29.003994,21,5,1,3
2026-02-07 13:38:29.003994,22,5,1,3
2026-02-07 13:38:29.003994,23,5,1,3
2026-02-08 13:38:29.003994,0,6,1,4
2026-02-08 13:38:29.003994,1,6,1,1
2026-02-08 13:38:29.003994,2,6,1,6
2026-02-08 13:38:29.003994,3,6,1,6
2026-02-08 13:38:29.003994,4,6,1,3
2026-02-08 13:38:29.003994,5,6,1,6
2026-02-08 13:38:29.003994,6,6,1,6
2026-02-08 13:38:29.003994,7,6,1,31
2026-02-08 13:38:29.003994,8,6,1,16
2026-02-08 13:38:29.003994,9,6,1,27
2026-02-08 13:38:29.003994,10,6,1,1
2026-02-08 13:38:29.003994,11,6,1,33
2026-02-08 13:38:29.003994,12,6,1,34
2026-02-08 13:38:29.003994,13,6,1,55
2026-02-08 13:38:29.003994,14,6,1,4
2026-02-08 13:38:29.003994,15,6,1,0
2026-02-08 13:38:29.003994,16,6,1,1
2026-02-08 13:38:29.003994,17,6,1,60
2026-02-08 13:38:29.003994,18,6,1,69
2026-02-08 13:38:29.003994,19,6,1,78
2026-02-08 13:38:29.003994,20,6,1,115
2026-02-08 13:38:29.003994,21,6,1,4
2026-02-08 13:38:29.003994,22,6,1,6
2026-02-08 13:38:29.003994,23,6,1,1
2026-02-09 13:38:29.003994,0,0,0,2
2026-02-09 13:38:29.003994,1,0,0,1
2026-02-09 13:38:29.003994,2,0,0,0
2026-02-09 13:38:29.003994,3,0,0,3
2026-02-09 13:38:29.003994,4,0,0,0
2026-02-09 13:38:29.003994,5,0,0,4
2026-02-09 13:38:29.003994,6,0,0,3
2026-02-09 13:38:29.003994,7,0,0,21
2026-02-09 13:38:29.003994,8,0,0,15
2026-02-09 13:38:29.003994,9,0,0,21
2026-02-09 13:38:29.003994,10,0,0,4
2026-02-09 13:38:29.003994,11,0,0,29
2026-02-09 13:38:29.003994,12,0,0,39
2026-02-09 13:38:29.003994,13,0,0,48
2026-02-09 13:38:29.003994,14,0,0,0
2026-02-09 13:38:29.003994,15,0,0,3
2026-02-09 13:38:29.003994,16,0,0,2
2026-02-09 13:38:29.003994,17,0,0,66
2026-02-09 13:38:29.003994,18,0,0,37
2026-02-09 13:38:29.003994,19,0,0,73
2026-02-09 13:38:29.003994,20,0,0,71
2026-02-09 13:38:29.003994,21,0,0,0
2026-02-09 13:38:29.003994,22,0,0,4
2026-02-09 13:38:29.003994,23,0,0,0
2026-02-10 13:38:29.003994,0,1,0,4
2026-02-10 13:38:29.003994,1,1,0,2
2026-02-10 13:38:29.003994,2,1,0,1
2026-02-10 13:38:29.003994,3,1,0,1
2026-02-10 13:38:29.003994,4,1,0,2
2026-02-10 13:38:29.003994,5,1,0,3
2026-02-10 13:38:29.003994,6,1,0,0
2026-02-10 13:38:29.003994,7,1,0,27
2026-02-10 13:38:29.003994,8,1,0,24
2026-02-10 13:38:29.003994,9,1,0,10
2026-02-10 13:38:29.003994,10,1,0,4
2026-02-10 13:38:29.003994,11,1,0,20
2026-02-10 13:38:29.003994,12,1,0,46
2026-02-10 13:38:29.003994,13,1,0,38
2026-02-10 13:38:29.003994,14,1,0,0
2026-02-10 13:38:29.003994,15,1,0,0
2026-02-10 13:38:29.003994,16,1,0,3
2026-02-10 13:38:29.003994,17,1,0,57
2026-02-10 13:38:29.003994,18,1,0,35
2026-02-10 13:38:29.003994,19,1,0,34
2026-02-10 13:38:29.003994,20,1,0,51
2026-02-10 13:38:29.003994,21,1,0,3
2026-02-10 13:38:29.003994,22,1,0,3
2026-02-10 13:38:29.003994,23,1,0,3
2026-02-11 13:38:29.003994,0,2,0,3
2026-02-11 13:38:29.003994,1,2,0,2
2026-02-11 13:38:29.003994,2,2,0,4
2026-02-11 13:38:29.003994,3,2,0,4
2026-02-11 13:38:29.003994,4,2,0,0
2026-02-11 13:38:29.003994,5,2,0,1
2026-02-11 13:38:29.003994,6,2,0,2
2026-02-11 13:38:29.003994,7,2,0,25
2026-02-11 13:38:29.003994,8,2,0,29
2026-02-11 13:38:29.003994,9,2,0,11
2026-02-11 13:38:29.003994,10,2,0,2
2026-02-11 13:38:29.003994,11,2,0,20
2026-02-11 13:38:29.003994,12,2,0,21
2026-02-11 13:38:29.003994,13,2,0,42
2026-02-11 13:38:29.003994,14,2,0,0
2026-02-11 13:38:29.003994,15,2,0,1
2026-02-11 13:38:29.003994,16,2,0,1
2026-02-11 13:38:29.003994,17,2,0,44
2026-02-11 13:38:29.003994,18,2,0,44
2026-02-11 13:38:29.003994,19,2,0,58
2026-02-11 13:38:29.003994,20,2,0,52
2026-02-11 13:38:29.003994,21,2,0,2
2026-02-11 13:38:29.003994,22,2,0,0
2026-02-11 13:38:29.003994,23,2,0,3
2026-02-12 13:38:29.003994,0,3,0,0
2026-02-12 13:38:29.003994,1,3,0,1
2026-02-12 13:38:29.003994,2,3,0,3
2026-02-12 13:38:29.003994,3,3,0,0
2026-02-12 13:38:29.003994,4,3,0,3
2026-02-12 13:38:29.003994,5,3,0,2
2026-02-12 13:38:29.003994,6,3,0,0
2026-02-12 13:38:29.003994,7,3,0,25
2026-02-12 13:38:29.003994,8,3,0,22
2026-02-12 13:38:29.003994,9,3,0,15
2026-02-12 13:38:29.003994,10,3,0,1
2026-02-12 13:38:29.003994,11,3,0,43
2026-02-12 13:38:29.003994,12,3,0,22
2026-02-12 13:38:29.003994,13,3,0,29
2026-02-12 13:38:29.003994,14,3,0,4
2026-02-12 13:38:29.003994,15,3,0,3
2026-02-12 13:38:29.003994,16,3,0,0
2026-02-12 13:38:29.003994,17,3,0,72
2026-02-12 13:38:29.003994,18,3,0,41
2026-02-12 13:38:29.003994,19,3,0,37
2026-02-12 13:38:29.003994,20,3,0,33
2026-02-12 13:38:29.003994,21,3,0,3
2026-02-12 13:38:29.003994,22,3,0,1
2026-02-12 13:38:29.003994,23,3,0,2
2026-02-13 13:38:29.003994,0,4,0,0
2026-02-13 13:38:29.003994,1,4,0,1
2026-02-13 13:38:29.003994,2,4,0,3
2026-02-13 13:38:29.003994,3,4,0,1
2026-02-13 13:38:29.003994,4,4,0,1
2026-02-13 13:38:29.003994,5,4,0,4
2026-02-13 13:38:29.003994,6,4,0,1
2026-02-13 13:38:29.003994,7,4,0,25
2026-02-13 13:38:29.003994,8,4,0,19
2026-02-13 13:38:29.003994,9,4,0,23
2026-02-13 13:38:29.003994,10,4,0,3
2026-02-13 13:38:29.003994,11,4,0,21
2026-02-13 13:38:29.003994,12,4,0,47
2026-02-13 13:38:29.003994,13,4,0,35
2026-02-13 13:38:29.003994,14,4,0,0
2026-02-13 13:38:29.003994,15,4,0,1
2026-02-13 13:38:29.003994,16,4,0,4
2026-02-13 13:38:29.003994,17,4,0,40
2026-02-13 13:38:29.003994,18,4,0,33
2026-02-13 13:38:29.003994,19,4,0,61
2026-02-13 13:38:29.003994,20,4,0,55
2026-02-13 13:38:29.003994,21,4,0,0
2026-02-13 13:38:29.003994,22,4,0,4
2026-02-13 13:38:29.003994,23,4,0,3
2026-02-14 13:38:29.003994,0,5,1,3
2026-02-14 13:38:29.003994,1,5,1,1
2026-02-14 13:38:29.003994,2,5,1,0
2026-02-14 13:38:29.003994,3,5,1,4
2026-02-14 13:38:29.003994,4,5,1,1
2026-02-14 13:38:29.003994,5,5,1,6
2026-02-14 13:38:29.003994,6,5,1,6
2026-02-14 13:38:29.003994,7,5,1,21
2026-02-14 13:38:29.003994,8,5,1,19
2026-02-14 13:38:29.003994,9,5,1,27
2026-02-14 13:38:29.003994,10,5,1,6
2026-02-14 13:38:29.003994,11,5,1,43
2026-02-14 13:38:29.003994,12,5,1,72
2026-02-14 13:38:29.003994,13,5,1,72
2026-02-14 13:38:29.003994,14,5,1,3
2026-02-14 13:38:29.003994,15,5,1,1
2026-02-14 13:38:29.003994,16,5,1,0
2026-02-14 13:38:29.003994,17,5,1,52
2026-02-14 13:38:29.003994,18,5,1,114
2026-02-14 13:38:29.003994,19,5,1,118
2026-02-14 13:38:29.003994,20,5,1,49
2026-02-14 13:38:29.003994,21,5,1,3
2026-02-14 13:38:29.003994,22,5,1,3
2026-02-14 13:38:29.003994,23,5,1,4
2026-02-15 13:38:29.003994,0,6,1,3
2026-02-15 13:38:29.003994,1,6,1,1
2026-02-15 13:38:29.003994,2,6,1,1
2026-02-15 13:38:29.003994,3,6,1,4
2026-02-15 13:38:29.003994,4,6,1,3
2026-02-15 13:38:29.003994,5,6,1,3
2026-02-15 13:38:29.003994,6,6,1,6
2026-02-15 13:38:29.003994,7,6,1,16
2026-02-15 13:38:29.003994,8,6,1,39
2026-02-15 13:38:29.003994,9,6,1,39
2026-02-15 13:38:29.003994,10,6,1,3
2026-02-15 13:38:29.003994,11,6,1,72
2026-02-15 13:38:29.003994,12,6,1,30
2026-02-15 13:38:29.003994,13,6,1,70
2026-02-15 13:38:29.003994,14,6,1,1
2026-02-15 13:38:29.003994,15,6,1,1
2026-02-15 13:38:29.003994,16,6,1,3
2026-02-15 13:38:29.003994,17,6,1,52
2026-02-15 13:38:29.003994,18,6,1,55
2026-02-15 13:38:29.003994,19,6,1,108
2026-02-15 13:38:29.003994,20,6,1,79
2026-02-15 13:38:29.003994,21,6,1,0
2026-02-15 13:38:29.003994,22,6,1,0
2026-02-15 13:38:29.003994,23,6,1,3
2026-02-16 13:38:29.003994,0,0,0,2
2026-02-16 13:38:29.003994,1,0,0,4
2026-02-16 13:38:29.003994,2,0,0,4
2026-02-16 13:38:29.003994,3,0,0,1
2026-02-16 13:38:29.003994,4,0,0,3
2026-02-16 13:38:29.003994,5,0,0,0
2026-02-16 13:38:29.003994,6,0,0,0
2026-02-16 13:38:29.003994,7,0,0,19
2026-02-16 13:38:29.003994,8,0,0,15
2026-02-16 13:38:29.003994,9,0,0,27
2026-02-16 13:38:29.003994,10,0,0,4
2026-02-16 13:38:29.003994,11,0,0,49
2026-02-16 13:38:29.003994,12,0,0,36
2026-02-16 13:38:29.003994,13,0,0,48
2026-02-16 13:38:29.003994,14,0,0,2
2026-02-16 13:38:29.003994,15,0,0,2
2026-02-16 13:38:29.003994,16,0,0,2
2026-02-16 13:38:29.003994,17,0,0,47
2026-02-16 13:38:29.003994,18,0,0,42
2026-02-16 13:38:29.003994,19,0,0,66
2026-02-16 13:38:29.003994,20,0,0,75
2026-02-16 13:38:29.003994,21,0,0,0
2026-02-16 13:38:29.003994,22,0,0,0
2026-02-16 13:38:29.003994,23,0,0,0
2026-02-17 13:38:29.003994,0,1,0,1
2026-02-17 13:38:29.003994,1,1,0,1
2026-02-17 13:38:29.003994,2,1,0,3
2026-02-17 13:38:29.003994,3,1,0,4
2026-02-17 13:38:29.003994,4,1,0,4
2026-02-17 13:38:29.003994,5,1,0,3
2026-02-17 13:38:29.003994,6,1,0,3
2026-02-17 13:38:29.003994,7,1,0,25
2026-02-17 13:38:29.003994,8,1,0,25
2026-02-17 13:38:29.003994,9,1,0,24
2026-02-17 13:38:29.003994,10,1,0,3
2026-02-17 13:38:29.003994,11,1,0,29
2026-02-17 13:38:29.003994,12,1,0,45
2026-02-17 13:38:29.003994,13,1,0,41
2026-02-17 13:38:29.003994,14,1,0,1
2026-02-17 13:38:29.003994,15,1,0,4
2026-02-17 13:38:29.003994,16,1,0,2
2026-02-17 13:38:29.003994,17,1,0,55
2026-02-17 13:38:29.003994,18,1,0,54
2026-02-17 13:38:29.003994,19,1,0,44
2026-02-17 13:38:29.003994,20,1,0,35
2026-02-17 13:38:29.003994,21,1,0,3
2026-02-17 13:38:29.003994,22,1,0,4
2026-02-17 13:38:29.003994,23,1,0,0
2026-02-18 13:38:29.003994,0,2,0,4
2026-02-18 13:38:29.003994,1,2,0,4
2026-02-18 13:38:29.003994,2,2,0,4
2026-02-18 13:38:29.003994,3,2,0,2
2026-02-18 13:38:29.003994,4,2,0,4
2026-02-18 13:38:29.003994,5,2,0,3
2026-02-18 13:38:29.003994,6,2,0,1
2026-02-18 13:38:29.003994,7,2,0,26
2026-02-18 13:38:29.003994,8,2,0,27
2026-02-18 13:38:29.003994,9,2,0,22
2026-02-18 13:38:29.003994,10,2,0,4
2026-02-18 13:38:29.003994,11,2,0,24
2026-02-18 13:38:29.003994,12,2,0,24
2026-02-18 13:38:29.003994,13,2,0,22
2026-02-18 13:38:29.003994,14,2,0,3
2026-02-18 13:38:29.003994,15,2,0,3
2026-02-18 13:38:29.003994,16,2,0,3
2026-02-18 13:38:29.003994,17,2,0,59
2026-02-18 13:38:29.003994,18,2,0,65
2026-02-18 13:38:29.003994,19,2,0,55
2026-02-18 13:38:29.003994,20,2,0,69
2026-02-18 13:38:29.003994,21,2,0,0
2026-02-18 13:38:29.003994,22,2,0,4
2026-02-18 13:38:29.003994,23,2,0,2
2026-02-19 13:38:29.003994,0,3,0,1
2026-02-19 13:38:29.003994,1,3,0,3
2026-02-19 13:38:29.003994,2,3,0,3
2026-02-19 13:38:29.003994,3,3,0,2
2026-02-19 13:38:29.003994,4,3,0,1
2026-02-19 13:38:29.003994,5,3,0,3
2026-02-19 13:38:29.003994,6,3,0,3
2026-02-19 13:38:29.003994,7,3,0,25
2026-02-19 13:38:29.003994,8,3,0,16
2026-02-19 13:38:29.003994,9,3,0,23
2026-02-19 13:38:29.003994,10,3,0,2
2026-02-19 13:38:29.003994,11,3,0,29
2026-02-19 13:38:29.003994,12,3,0,28
2026-02-19 13:38:29.003994,13,3,0,35
2026-02-19 13:38:29.003994,14,3,0,1
2026-02-19 13:38:29.003994,15,3,0,2
2026-02-19 13:38:29.003994,16,3,0,0
2026-02-19 13:38:29.003994,17,3,0,74
2026-02-19 13:38:29.003994,18,3,0,63
2026-02-19 13:38:29.003994,19,3,0,53
2026-02-19 13:38:29.003994,20,3,0,36
2026-02-19 13:38:29.003994,21,3,0,2
2026-02-19 13:38:29.003994,22,3,0,1
2026-02-19 13:38:29.003994,23,3,0,2
2026-02-20 13:38:29.003994,0,4,0,2
2026-02-20 13:38:29.003994,1,4,0,4
2026-02-20 13:38:29.003994,2,4,0,3
2026-02-20 13:38:29.003994,3,4,0,4
2026-02-20 13:38:29.003994,4,4,0,1
2026-02-20 13:38:29.003994,5,4,0,1
2026-02-20 13:38:29.003994,6,4,0,4
2026-02-20 13:38:29.003994,7,4,0,19
2026-02-20 13:38:29.003994,8,4,0,27
2026-02-20 13:38:29.003994,9,4,0,14
2026-02-20 13:38:29.003994,10,4,0,4
2026-02-20 13:38:29.003994,11,4,0,47
2026-02-20 13:38:29.003994,12,4,0,45
2026-02-20 13:38:29.003994,13,4,0,48
2026-02-20 13:38:29.003994,14,4,0,1
2026-02-20 13:38:29.003994,15,4,0,1
2026-02-20 13:38:29.003994,16,4,0,0
2026-02-20 13:38:29.003994,17,4,0,68
2026-02-20 13:38:29.003994,18,4,0,38
2026-02-20 13:38:29.003994,19,4,0,41
2026-02-20 13:38:29.003994,20,4,0,73
2026-02-20 13:38:29.003994,21,4,0,2
2026-02-20 13:38:29.003994,22,4,0,2
2026-02-20 13:38:29.003994,23,4,0,2
2026-02-21 13:38:29.003994,0,5,1,3
2026-02-21 13:38:29.003994,1,5,1,1
2026-02-21 13:38:29.003994,2,5,1,3
2026-02-21 13:38:29.003994,3,5,1,1
2026-02-21 13:38:29.003994,4,5,1,1
2026-02-21 13:38:29.003994,5,5,1,6
2026-02-21 13:38:29.003994,6,5,1,1
2026-02-21 13:38:29.003994,7,5,1,18
2026-02-21 13:38:29.003994,8,5,1,18
2026-02-21 13:38:29.003994,9,5,1,31
2026-02-21 13:38:29.003994,10,5,1,3
2026-02-21 13:38:29.003994,11,5,1,39
2026-02-21 13:38:29.003994,12,5,1,73
2026-02-21 13:38:29.003994,13,5,1,49
2026-02-21 13:38:29.003994,14,5,1,6
2026-02-21 13:38:29.003994,15,5,1,6
2026-02-21 13:38:29.003994,16,5,1,3
2026-02-21 13:38:29.003994,17,5,1,67
2026-02-21 13:38:29.003994,18,5,1,75
2026-02-21 13:38:29.003994,19,5,1,103
2026-02-21 13:38:29.003994,20,5,1,64
2026-02-21 13:38:29.003994,21,5,1,6
2026-02-21 13:38:29.003994,22,5,1,6
2026-02-21 13:38:29.003994,23,5,1,1
2026-02-22 13:38:29.003994,0,6,1,1
2026-02-22 13:38:29.003994,1,6,1,6
2026-02-22 13:38:29.003994,2,6,1,4
2026-02-22 13:38:29.003994,3,6,1,3
2026-02-22 13:38:29.003994,4,6,1,0
2026-02-22 13:38:29.003994,5,6,1,1
2026-02-22 13:38:29.003994,6,6,1,6
2026-02-22 13:38:29.003994,7,6,1,30
2026-02-22 13:38:29.003994,8,6,1,33
2026-02-22 13:38:29.003994,9,6,1,37
2026-02-22 13:38:29.003994,10,6,1,1
2026-02-22 13:38:29.003994,11,6,1,30
2026-02-22 13:38:29.003994,12,6,1,40
2026-02-22 13:38:29.003994,13,6,1,46
2026-02-22 13:38:29.003994,14,6,1,6
2026-02-22 13:38:29.003994,15,6,1,3
2026-02-22 13:38:29.003994,16,6,1,4
2026-02-22 13:38:29.003994,17,6,1,58
2026-02-22 13:38:29.003994,18,6,1,61
2026-02-22 13:38:29.003994,19,6,1,108
2026-02-22 13:38:29.003994,20,6,1,87
2026-02-22 13:38:29.003994,21,6,1,3
2026-02-22 13:38:29.003994,22,6,1,0
2026-02-22 13:38:29.003994,23,6,1,0
2026-02-23 13:38:29.003994,0,0,0,0
2026-02-23 13:38:29.003994,1,0,0,3
2026-02-23 13:38:29.003994,2,0,0,4
2026-02-23 13:38:29.003994,3,0,0,4
2026-02-23 13:38:29.003994,4,0,0,3
2026-02-23 13:38:29.003994,5,0,0,1
2026-02-23 13:38:29.003994,6,0,0,3
2026-02-23 13:38:29.003994,7,0,0,26
2026-02-23 13:38:29.003994,8,0,0,10
2026-02-23 13:38:29.003994,9,0,0,29
2026-02-23 13:38:29.003994,10,0,0,0
2026-02-23 13:38:29.003994,11,0,0,22
2026-02-23 13:38:29.003994,12,0,0,49
2026-02-23 13:38:29.003994,13,0,0,29
2026-02-23 13:38:29.003994,14,0,0,2
2026-02-23 13:38:29.003994,15,0,0,2
2026-02-23 13:38:29.003994,16,0,0,2
2026-02-23 13:38:29.003994,17,0,0,47
2026-02-23 13:38:29.003994,18,0,0,74
2026-02-23 13:38:29.003994,19,0,0,52
2026-02-23 13:38:29.003994,20,0,0,78
2026-02-23 13:38:29.003994,21,0,0,3
2026-02-23 13:38:29.003994,22,0,0,3
2026-02-23 13:38:29.003994,23,0,0,3
2026-02-24 13:38:29.003994,0,1,0,4
2026-02-24 13:38:29.003994,1,1,0,0
2026-02-24 13:38:29.003994,2,1,0,3
2026-02-24 13:38:29.003994,3,1,0,2
2026-02-24 13:38:29.003994,4,1,0,4
2026-02-24 13:38:29.003994,5,1,0,2
2026-02-24 13:38:29.003994,6,1,0,2
2026-02-24 13:38:29.003994,7,1,0,28
2026-02-24 13:38:29.003994,8,1,0,25
2026-02-24 13:38:29.003994,9,1,0,13
2026-02-24 13:38:29.003994,10,1,0,2
2026-02-24 13:38:29.003994,11,1,0,43
2026-02-24 13:38:29.003994,12,1,0,40
2026-02-24 13:38:29.003994,13,1,0,42
2026-02-24 13:38:29.003994,14,1,0,4
2026-02-24 13:38:29.003994,15,1,0,4
2026-02-24 13:38:29.003994,16,1,0,1
2026-02-24 13:38:29.003994,17,1,0,35
2026-02-24 13:38:29.003994,18,1,0,47
2026-02-24 13:38:29.003994,19,1,0,67
2026-02-24 13:38:29.003994,20,1,0,30
2026-02-24 13:38:29.003994,21,1,0,3
2026-02-24 13:38:29.003994,22,1,0,2
2026-02-24 13:38:29.003994,23,1,0,3
2026-02-25 13:38:29.003994,0,2,0,2
2026-02-25 13:38:29.003994,1,2,0,2
2026-02-25 13:38:29.003994,2,2,0,3
2026-02-25 13:38:29.003994,3,2,0,1
2026-02-25 13:38:29.003994,4,2,0,3
2026-02-25 13:38:29.003994,5,2,0,3
2026-02-25 13:38:29.003994,6,2,0,2
2026-02-25 13:38:29.003994,7,2,0,12
2026-02-25 13:38:29.003994,8,2,0,29
2026-02-25 13:38:29.003994,9,2,0,24
2026-02-25 13:38:29.003994,10,2,0,2
2026-02-25 13:38:29.003994,11,2,0,23
2026-02-25 13:38:29.003994,12,2,0,46
2026-02-25 13:38:29.003994,13,2,0,32
2026-02-25 13:38:29.003994,14,2,0,0
2026-02-25 13:38:29.003994,15,2,0,4
2026-02-25 13:38:29.003994,16,2,0,2
2026-02-25 13:38:29.003994,17,2,0,37
2026-02-25 13:38:29.003994,18,2,0,69
2026-02-25 13:38:29.003994,19,2,0,43
2026-02-25 13:38:29.003994,20,2,0,32
2026-02-25 13:38:29.003994,21,2,0,3
2026-02-25 13:38:29.003994,22,2,0,2
2026-02-25 13:38:29.003994,23,2,0,3
2026-02-26 13:38:29.003994,0,3,0,2
2026-02-26 13:38:29.003994,1,3,0,4
2026-02-26 13:38:29.003994,2,3,0,4
2026-02-26 13:38:29.003994,3,3,0,0
2026-02-26 13:38:29.003994,4,3,0,3
2026-02-26 13:38:29.003994,5,3,0,0
2026-02-26 13:38:29.003994,6,3,0,1
2026-02-26 13:38:29.003994,7,3,0,21
2026-02-26 13:38:29.003994,8,3,0,23
2026-02-26 13:38:29.003994,9,3,0,25
2026-02-26 13:38:29.003994,10,3,0,1
2026-02-26 13:38:29.003994,11,3,0,38
2026-02-26 13:38:29.003994,12,3,0,28
2026-02-26 13:38:29.003994,13,3,0,45
2026-02-26 13:38:29.003994,14,3,0,2
2026-02-26 13:38:29.003994,15,3,0,0
2026-02-26 13:38:29.003994,16,3,0,4
2026-02-26 13:38:29.003994,17,3,0,60
2026-02-26 13:38:29.003994,18,3,0,43
2026-02-26 13:38:29.003994,19,3,0,59
2026-02-26 13:38:29.003994,20,3,0,68
2026-02-26 13:38:29.003994,21,3,0,2
2026-02-26 13:38:29.003994,22,3,0,2
2026-02-26 13:38:29.003994,23,3,0,0
2026-02-27 13:38:29.003994,0,4,0,3
2026-02-27 13:38:29.003994,1,4,0,1
2026-02-27 13:38:29.003994,2,4,0,3
2026-02-27 13:38:29.003994,3,4,0,3
2026-02-27 13:38:29.003994,4,4,0,4
2026-02-27 13:38:29.003994,5,4,0,2
2026-02-27 13:38:29.003994,6,4,0,4
2026-02-27 13:38:29.003994,7,4,0,10
2026-02-27 13:38:29.003994,8,4,0,16
2026-02-27 13:38:29.003994,9,4,0,22
2026-02-27 13:38:29.003994,10,4,0,4
2026-02-27 13:38:29.003994,11,4,0,28
2026-02-27 13:38:29.003994,12,4,0,32
2026-02-27 13:38:29.003994,13,4,0,31
2026-02-27 13:38:29.003994,14,4,0,4
2026-02-27 13:38:29.003994,15,4,0,4
2026-02-27 13:38:29.003994,16,4,0,0
2026-02-27 13:38:29.003994,17,4,0,41
2026-02-27 13:38:29.003994,18,4,0,69
2026-02-27 13:38:29.003994,19,4,0,69
2026-02-27 13:38:29.003994,20,4,0,58
2026-02-27 13:38:29.003994,21,4,0,2
2026-02-27 13:38:29.003994,22,4,0,0
2026-02-27 13:38:29.003994,23,4,0,3
2026-02-28 13:38:29.003994,0,5,1,1
2026-02-28 13:38:29.003994,1,5,1,4
2026-02-28 13:38:29.003994,2,5,1,6
2026-02-28 13:38:29.003994,3,5,1,0
2026-02-28 13:38:29.003994,4,5,1,0
2026-02-28 13:38:29.003994,5,5,1,0
2026-02-28 13:38:29.003994,6,5,1,3
2026-02-28 13:38:29.003994,7,5,1,42
2026-02-28 13:38:29.003994,8,5,1,22
2026-02-28 13:38:29.003994,9,5,1,39
2026-02-28 13:38:29.003994,10,5,1,6
2026-02-28 13:38:29.003994,11,5,1,61
2026-02-28 13:38:29.003994,12,5,1,54
2026-02-28 13:38:29.003994,13,5,1,57
2026-02-28 13:38:29.003994,14,5,1,1
2026-02-28 13:38:29.003994,15,5,1,3
2026-02-28 13:38:29.003994,16,5,1,1
2026-02-28 13:38:29.003994,17,5,1,109
2026-02-28 13:38:29.003994,18,5,1,75
2026-02-28 13:38:29.003994,19,5,1,96
2026-02-28 13:38:29.003994,20,5,1,66
2026-02-28 13:38:29.003994,21,5,1,6
2026-02-28 13:38:29.003994,22,5,1,6
2026-02-28 13:38:29.003994,23,5,1,3
2026-03-01 13:38:29.003994,0,6,1,4
2026-03-01 13:38:29.003994,1,6,1,6
2026-03-01 13:38:29.003994,2,6,1,6
2026-03-01 13:38:29.003994,3,6,1,1
2026-03-01 13:38:29.003994,4,6,1,1
2026-03-01 13:38:29.003994,5,6,1,0
2026-03-01 13:38:29.003994,6,6,1,3
2026-03-01 13:38:29.003994,7,6,1,25
2026-03-01 13:38:29.003994,8,6,1,24
2026-03-01 13:38:29.003994,9,6,1,18
2026-03-01 13:38:29.003994,10,6,1,0
2026-03-01 13:38:29.003994,11,6,1,42
2026-03-01 13:38:29.003994,12,6,1,66
2026-03-01 13:38:29.003994,13,6,1,51
2026-03-01 13:38:29.003994,14,6,1,4
2026-03-01 13:38:29.003994,15,6,1,6
2026-03-01 13:38:29.003994,16,6,1,4
2026-03-01 13:38:29.003994,17,6,1,73
2026-03-01 13:38:29.003994,18,6,1,61
2026-03-01 13:38:29.003994,19,6,1,79
2026-03-01 13:38:29.003994,20,6,1,51
2026-03-01 13:38:29.003994,21,6,1,3
2026-03-01 13:38:29.003994,22,6,1,4
2026-03-01 13:38:29.003994,23,6,1,4
2026-03-02 13:38:29.003994,0,0,0,3
2026-03-02 13:38:29.003994,1,0,0,4
2026-03-02 13:38:29.003994,2,0,0,3
2026-03-02 13:38:29.003994,3,0,0,4
2026-03-02 13:38:29.003994,4,0,0,4
2026-03-02 13:38:29.003994,5,0,0,2
2026-03-02 13:38:29.003994,6,0,0,0
2026-03-02 13:38:29.003994,7,0,0,24
2026-03-02 13:38:29.003994,8,0,0,21
2026-03-02 13:38:29.003994,9,0,0,13
2026-03-02 13:38:29.003994,10,0,0,2
2026-03-02 13:38:29.003994,11,0,0,28
2026-03-02 13:38:29.003994,12,0,0,39
2026-03-02 13:38:29.003994,13,0,0,40
2026-03-02 13:38:29.003994,14,0,0,0
2026-03-02 13:38:29.003994,15,0,0,3
2026-03-02 13:38:29.003994,16,0,0,2
2026-03-02 13:38:29.003994,17,0,0,36
2026-03-02 13:38:29.003994,18,0,0,71
2026-03-02 13:38:29.003994,19,0,0,34
2026-03-02 13:38:29.003994,20,0,0,40
2026-03-02 13:38:29.003994,21,0,0,0
2026-03-02 13:38:29.003994,22,0,0,3
2026-03-02 13:38:29.003994,23,0,0,0
2026-03-03 13:38:29.003994,0,1,0,3
2026-03-03 13:38:29.003994,1,1,0,1
2026-03-03 13:38:29.003994,2,1,0,2
2026-03-03 13:38:29.003994,3,1,0,1
2026-03-03 13:38:29.003994,4,1,0,4
2026-03-03 13:38:29.003994,5,1,0,2
2026-03-03 13:38:29.003994,6,1,0,4
2026-03-03 13:38:29.003994,7,1,0,21
2026-03-03 13:38:29.003994,8,1,0,18
2026-03-03 13:38:29.003994,9,1,0,27
2026-03-03 13:38:29.003994,10,1,0,2
2026-03-03 13:38:29.003994,11,1,0,28
2026-03-03 13:38:29.003994,12,1,0,36
2026-03-03 13:38:29.003994,13,1,0,42
2026-03-03 13:38:29.003994,14,1,0,1
2026-03-03 13:38:29.003994,15,1,0,0
2026-03-03 13:38:29.003994,16,1,0,0
2026-03-03 13:38:29.003994,17,1,0,44
2026-03-03 13:38:29.003994,18,1,0,48
2026-03-03 13:38:29.003994,19,1,0,32
2026-03-03 13:38:29.003994,20,1,0,53
2026-03-03 13:38:29.003994,21,1,0,4
2026-03-03 13:38:29.003994,22,1,0,2
2026-03-03 13:38:29.003994,23,1,0,4
2026-03-04 13:38:29.003994,0,2,0,2
2026-03-04 13:38:29.003994,1,2,0,2
2026-03-04 13:38:29.003994,2,2,0,4
2026-03-04 13:38:29.003994,3,2,0,0
2026-03-04 13:38:29.003994,4,2,0,0
2026-03-04 13:38:29.003994,5,2,0,0
2026-03-04 13:38:29.003994,6,2,0,0
2026-03-04 13:38:29.003994,7,2,0,24
2026-03-04 13:38:29.003994,8,2,0,19
2026-03-04 13:38:29.003994,9,2,0,24
2026-03-04 13:38:29.003994,10,2,0,2
2026-03-04 13:38:29.003994,11,2,0,43
2026-03-04 13:38:29.003994,12,2,0,29
2026-03-04 13:38:29.003994,13,2,0,28
2026-03-04 13:38:29.003994,14,2,0,4
2026-03-04 13:38:29.003994,15,2,0,4
2026-03-04 13:38:29.003994,16,2,0,0
2026-03-04 13:38:29.003994,17,2,0,48
2026-03-04 13:38:29.003994,18,2,0,55
2026-03-04 13:38:29.003994,19,2,0,58
2026-03-04 13:38:29.003994,20,2,0,30
2026-03-04 13:38:29.003994,21,2,0,3
2026-03-04 13:38:29.003994,22,2,0,2
2026-03-04 13:38:29.003994,23,2,0,3
2026-03-05 13:38:29.003994,0,3,0,0
2026-03-05 13:38:29.003994,1,3,0,2
2026-03-05 13:38:29.003994,2,3,0,2
2026-03-05 13:38:29.003994,3,3,0,1
2026-03-05 13:38:29.003994,4,3,0,3
2026-03-05 13:38:29.003994,5,3,0,3
2026-03-05 13:38:29.003994,6,3,0,1
2026-03-05 13:38:29.003994,7,3,0,16
2026-03-05 13:38:29.003994,8,3,0,24
2026-03-05 13:38:29.003994,9,3,0,10
2026-03-05 13:38:29.003994,10,3,0,4
2026-03-05 13:38:29.003994,11,3,0,30
2026-03-05 13:38:29.003994,12,3,0,38
2026-03-05 13:38:29.003994,13,3,0,46
2026-03-05 13:38:29.003994,14,3,0,2
2026-03-05 13:38:29.003994,15,3,0,1
2026-03-05 13:38:29.003994,16,3,0,2
2026-03-05 13:38:29.003994,17,3,0,61
2026-03-05 13:38:29.003994,18,3,0,33
2026-03-05 13:38:29.003994,19,3,0,38
2026-03-05 13:38:29.003994,20,3,0,78
2026-03-05 13:38:29.003994,21,3,0,1
2026-03-05 13:38:29.003994,22,3,0,4
2026-03-05 13:38:29.003994,23,3,0,0
2026-03-06 13:38:29.003994,0,4,0,3
2026-03-06 13:38:29.003994,1,4,0,1
2026-03-06 13:38:29.003994,2,4,0,3
2026-03-06 13:38:29.003994,3,4,0,4
2026-03-06 13:38:29.003994,4,4,0,2
2026-03-06 13:38:29.003994,5,4,0,3
2026-03-06 13:38:29.003994,6,4,0,2
2026-03-06 13:38:29.003994,7,4,0,21
2026-03-06 13:38:29.003994,8,4,0,23
2026-03-06 13:38:29.003994,9,4,0,11
2026-03-06 13:38:29.003994,10,4,0,0
2026-03-06 13:38:29.003994,11,4,0,23
2026-03-06 13:38:29.003994,12,4,0,42
2026-03-06 13:38:29.003994,13,4,0,35
2026-03-06 13:38:29.003994,14,4,0,1
2026-03-06 13:38:29.003994,15,4,0,4
2026-03-06 13:38:29.003994,16,4,0,1
2026-03-06 13:38:29.003994,17,4,0,48
2026-03-06 13:38:29.003994,18,4,0,37
2026-03-06 13:38:29.003994,19,4,0,32
2026-03-06 13:38:29.003994,20,4,0,44
2026-03-06 13:38:29.003994,21,4,0,1
2026-03-06 13:38:29.003994,22,4,0,2
2026-03-06 13:38:29.003994,23,4,0,3
2026-03-07 13:38:29.003994,0,5,1,1
2026-03-07 13:38:29.003994,1,5,1,1
2026-03-07 13:38:29.003994,2,5,1,4
2026-03-07 13:38:29.003994,3,5,1,1
2026-03-07 13:38:29.003994,4,5,1,3
2026-03-07 13:38:29.003994,5,5,1,1
2026-03-07 13:38:29.003994,6,5,1,3
2026-03-07 13:38:29.003994,7,5,1,39
2026-03-07 13:38:29.003994,8,5,1,42
2026-03-07 13:38:29.003994,9,5,1,43
2026-03-07 13:38:29.003994,10,5,1,6
2026-03-07 13:38:29.003994,11,5,1,45
2026-03-07 13:38:29.003994,12,5,1,52
2026-03-07 13:38:29.003994,13,5,1,61
2026-03-07 13:38:29.003994,14,5,1,1
2026-03-07 13:38:29.003994,15,5,1,4
2026-03-07 13:38:29.003994,16,5,1,3
2026-03-07 13:38:29.003994,17,5,1,76
2026-03-07 13:38:29.003994,18,5,1,102
2026-03-07 13:38:29.003994,19,5,1,93
2026-03-07 13:38:29.003994,20,5,1,106
2026-03-07 13:38:29.003994,21,5,1,0
2026-03-07 13:38:29.003994,22,5,1,4
2026-03-07 13:38:29.003994,23,5,1,1
2026-03-08 13:38:29.003994,0,6,1,3
2026-03-08 13:38:29.003994,1,6,1,4
2026-03-08 13:38:29.003994,2,6,1,1
2026-03-08 13:38:29.003994,3,6,1,0
2026-03-08 13:38:29.003994,4,6,1,1
2026-03-08 13:38:29.003994,5,6,1,3
2026-03-08 13:38:29.003994,6,6,1,4
2026-03-08 13:38:29.003994,7,6,1,31
2026-03-08 13:38:29.003994,8,6,1,39
2026-03-08 13:38:29.003994,9,6,1,27
2026-03-08 13:38:29.003994,10,6,1,1
2026-03-08 13:38:29.003994,11,6,1,30
2026-03-08 13:38:29.003994,12,6,1,36
2026-03-08 13:38:29.003994,13,6,1,69
2026-03-08 13:38:29.003994,14,6,1,3
2026-03-08 13:38:29.003994,15,6,1,6
2026-03-08 13:38:29.003994,16,6,1,1
2026-03-08 13:38:29.003994,17,6,1,94
2026-03-08 13:38:29.003994,18,6,1,115
2026-03-08 13:38:29.003994,19,6,1,96
2026-03-08 13:38:29.003994,20,6,1,72
2026-03-08 13:38:29.003994,21,6,1,0
2026-03-08 13:38:29.003994,22,6,1,4
2026-03-08 13:38:29.003994,23,6,1,6
2026-03-09 13:38:29.003994,0,0,0,3
2026-03-09 13:38:29.003994,1,0,0,4
2026-03-09 13:38:29.003994,2,0,0,0
2026-03-09 13:38:29.003994,3,0,0,3
2026-03-09 13:38:29.003994,4,0,0,0
2026-03-09 13:38:29.003994,5,0,0,4
2026-03-09 13:38:29.003994,6,0,0,1
2026-03-09 13:38:29.003994,7,0,0,10
2026-03-09 13:38:29.003994,8,0,0,21
2026-03-09 13:38:29.003994,9,0,0,28
2026-03-09 13:38:29.003994,10,0,0,0
2026-03-09 13:38:29.003994,11,0,0,39
2026-03-09 13:38:29.003994,12,0,0,47
2026-03-09 13:38:29.003994,13,0,0,32
2026-03-09 13:38:29.003994,14,0,0,2
2026-03-09 13:38:29.003994,15,0,0,1
2026-03-09 13:38:29.003994,16,0,0,3
2026-03-09 13:38:29.003994,17,0,0,36
2026-03-09 13:38:29.003994,18,0,0,31
2026-03-09 13:38:29.003994,19,0,0,72
2026-03-09 13:38:29.003994,20,0,0,50
2026-03-09 13:38:29.003994,21,0,0,3
2026-03-09 13:38:29.003994,22,0,0,2
2026-03-09 13:38:29.003994,23,0,0,1
2026-03-10 13:38:29.003994,0,1,0,4
2026-03-10 13:38:29.003994,1,1,0,2
2026-03-10 13:38:29.003994,2,1,0,3
2026-03-10 13:38:29.003994,3,1,0,0
2026-03-10 13:38:29.003994,4,1,0,3
2026-03-10 13:38:29.003994,5,1,0,3
2026-03-10 13:38:29.003994,6,1,0,2
2026-03-10 13:38:29.003994,7,1,0,12
2026-03-10 13:38:29.003994,8,1,0,24
2026-03-10 13:38:29.003994,9,1,0,11
2026-03-10 13:38:29.003994,10,1,0,3
2026-03-10 13:38:29.003994,11,1,0,41
2026-03-10 13:38:29.003994,12,1,0,33
2026-03-10 13:38:29.003994,13,1,0,46
2026-03-10 13:38:29.003994,14,1,0,1
2026-03-10 13:38:29.003994,15,1,0,2
2026-03-10 13:38:29.003994,16,1,0,3
2026-03-10 13:38:29.003994,17,1,0,51
2026-03-10 13:38:29.003994,18,1,0,59
2026-03-10 13:38:29.003994,19,1,0,60
2026-03-10 13:38:29.003994,20,1,0,55
2026-03-10 13:38:29.003994,21,1,0,2
2026-03-10 13:38:29.003994,22,1,0,4
2026-03-10 13:38:29.003994,23,1,0,0
2026-03-11 13:38:29.003994,0,2,0,4
2026-03-11 13:38:29.003994,1,2,0,4
2026-03-11 13:38:29.003994,2,2,0,4
2026-03-11 13:38:29.003994,3,2,0,0
2026-03-11 13:38:29.003994,4,2,0,0
2026-03-11 13:38:29.003994,5,2,0,4
2026-03-11 13:38:29.003994,6,2,0,2
2026-03-11 13:38:29.003994,7,2,0,15
2026-03-11 13:38:29.003994,8,2,0,25
2026-03-11 13:38:29.003994,9,2,0,14
2026-03-11 13:38:29.003994,10,2,0,0
2026-03-11 13:38:29.003994,11,2,0,29
2026-03-11 13:38:29.003994,12,2,0,39
2026-03-11 13:38:29.003994,13,2,0,40
2026-03-11 13:38:29.003994,14,2,0,4
2026-03-11 13:38:29.003994,15,2,0,4
2026-03-11 13:38:29.003994,16,2,0,2
2026-03-11 13:38:29.003994,17,2,0,71
2026-03-11 13:38:29.003994,18,2,0,60
2026-03-11 13:38:29.003994,19,2,0,64
2026-03-11 13:38:29.003994,20,2,0,34
2026-03-11 13:38:29.003994,21,2,0,0
2026-03-11 13:38:29.003994,22,2,0,1
2026-03-11 13:38:29.003994,23,2,0,3
2026-03-12 13:38:29.003994,0,3,0,3
2026-03-12 13:38:29.003994,1,3,0,1
2026-03-12 13:38:29.003994,2,3,0,3
2026-03-12 13:38:29.003994,3,3,0,1
2026-03-12 13:38:29.003994,4,3,0,0
2026-03-12 13:38:29.003994,5,3,0,1
2026-03-12 13:38:29.003994,6,3,0,4
2026-03-12 13:38:29.003994,7,3,0,28
2026-03-12 13:38:29.003994,8,3,0,17
2026-03-12 13:38:29.003994,9,3,0,16
2026-03-12 13:38:29.003994,10,3,0,1
2026-03-12 13:38:29.003994,11,3,0,41
2026-03-12 13:38:29.003994,12,3,0,28
2026-03-12 13:38:29.003994,13,3,0,47
2026-03-12 13:38:29.003994,14,3,0,4
2026-03-12 13:38:29.003994,15,3,0,2
2026-03-12 13:38:29.003994,16,3,0,3
2026-03-12 13:38:29.003994,17,3,0,62
2026-03-12 13:38:29.003994,18,3,0,49
2026-03-12 13:38:29.003994,19,3,0,76
2026-03-12 13:38:29.003994,20,3,0,36
2026-03-12 13:38:29.003994,21,3,0,2
2026-03-12 13:38:29.003994,22,3,0,4
2026-03-12 13:38:29.003994,23,3,0,1
2026-03-13 13:38:29.003994,0,4,0,2
2026-03-13 13:38:29.003994,1,4,0,4
2026-03-13 13:38:29.003994,2,4,0,4
2026-03-13 13:38:29.003994,3,4,0,0
2026-03-13 13:38:29.003994,4,4,0,4
2026-03-13 13:38:29.003994,5,4,0,2
2026-03-13 13:38:29.003994,6,4,0,3
2026-03-13 13:38:29.003994,7,4,0,15
2026-03-13 13:38:29.003994,8,4,0,22
2026-03-13 13:38:29.003994,9,4,0,17
2026-03-13 13:38:29.003994,10,4,0,4
2026-03-13 13:38:29.003994,11,4,0,28
2026-03-13 13:38:29.003994,12,4,0,32
2026-03-13 13:38:29.003994,13,4,0,23
2026-03-13 13:38:29.003994,14,4,0,4
2026-03-13 13:38:29.003994,15,4,0,0
2026-03-13 13:38:29.003994,16,4,0,1
2026-03-13 13:38:29.003994,17,4,0,47
2026-03-13 13:38:29.003994,18,4,0,48
2026-03-13 13:38:29.003994,19,4,0,47
2026-03-13 13:38:29.003994,20,4,0,61
2026-03-13 13:38:29.003994,21,4,0,4
2026-03-13 13:38:29.003994,22,4,0,1
2026-03-13 13:38:29.003994,23,4,0,4
2026-03-14 13:38:29.003994,0,5,1,0
2026-03-14 13:38:29.003994,1,5,1,6
2026-03-14 13:38:29.003994,2,5,1,0
2026-03-14 13:38:29.003994,3,5,1,0
2026-03-14 13:38:29.003994,4,5,1,4
2026-03-14 13:38:29.003994,5,5,1,6
2026-03-14 13:38:29.003994,6,5,1,3
2026-03-14 13:38:29.003994,7,5,1,34
2026-03-14 13:38:29.003994,8,5,1,24
2026-03-14 13:38:29.003994,9,5,1,25
2026-03-14 13:38:29.003994,10,5,1,4
2026-03-14 13:38:29.003994,11,5,1,49
2026-03-14 13:38:29.003994,12,5,1,40
2026-03-14 13:38:29.003994,13,5,1,70
2026-03-14 13:38:29.003994,14,5,1,6
2026-03-14 13:38:29.003994,15,5,1,6
2026-03-14 13:38:29.003994,16,5,1,1
2026-03-14 13:38:29.003994,17,5,1,63
2026-03-14 13:38:29.003994,18,5,1,114
2026-03-14 13:38:29.003994,19,5,1,51
2026-03-14 13:38:29.003994,20,5,1,60
2026-03-14 13:38:29.003994,21,5,1,3
2026-03-14 13:38:29.003994,22,5,1,1
2026-03-14 13:38:29.003994,23,5,1,6
2026-03-15 13:38:29.003994,0,6,1,0
2026-03-15 13:38:29.003994,1,6,1,6
2026-03-15 13:38:29.003994,2,6,1,1
2026-03-15 13:38:29.003994,3,6,1,0
2026-03-15 13:38:29.003994,4,6,1,0
2026-03-15 13:38:29.003994,5,6,1,0
2026-03-15 13:38:29.003994,6,6,1,4
2026-03-15 13:38:29.003994,7,6,1,22
2026-03-15 13:38:29.003994,8,6,1,36
2026-03-15 13:38:29.003994,9,6,1,19
2026-03-15 13:38:29.003994,10,6,1,1
2026-03-15 13:38:29.003994,11,6,1,64
2026-03-15 13:38:29.003994,12,6,1,39
2026-03-15 13:38:29.003994,13,6,1,42
2026-03-15 13:38:29.003994,14,6,1,0
2026-03-15 13:38:29.003994,15,6,1,0
2026-03-15 13:38:29.003994,16,6,1,6
2026-03-15 13:38:29.003994,17,6,1,46
2026-03-15 13:38:29.003994,18,6,1,49
2026-03-15 13:38:29.003994,19,6,1,118
2026-03-15 13:38:29.003994,20,6,1,115
2026-03-15 13:38:29.003994,21,6,1,3
2026-03-15 13:38:29.003994,22,6,1,6
2026-03-15 13:38:29.003994,23,6,1,4
2026-03-16 13:38:29.003994,0,0,0,0
2026-03-16 13:38:29.003994,1,0,0,1
2026-03-16 13:38:29.003994,2,0,0,1
2026-03-16 13:38:29.003994,3,0,0,1
2026-03-16 13:38:29.003994,4,0,0,1
2026-03-16 13:38:29.003994,5,0,0,0
2026-03-16 13:38:29.003994,6,0,0,0
2026-03-16 13:38:29.003994,7,0,0,21
2026-03-16 13:38:29.003994,8,0,0,22
2026-03-16 13:38:29.003994,9,0,0,21
2026-03-16 13:38:29.003994,10,0,0,0
2026-03-16 13:38:29.003994,11,0,0,24
2026-03-16 13:38:29.003994,12,0,0,35
2026-03-16 13:38:29.003994,13,0,0,25
2026-03-16 13:38:29.003994,14,0,0,2
2026-03-16 13:38:29.003994,15,0,0,0
2026-03-16 13:38:29.003994,16,0,0,1
2026-03-16 13:38:29.003994,17,0,0,52
2026-03-16 13:38:29.003994,18,0,0,72
2026-03-16 13:38:29.003994,19,0,0,42
2026-03-16 13:38:29.003994,20,0,0,68
2026-03-16 13:38:29.003994,21,0,0,1
2026-03-16 13:38:29.003994,22,0,0,1
2026-03-16 13:38:29.003994,23,0,0,3
2026-03-17 13:38:29.003994,0,1,0,4
2026-03-17 13:38:29.003994,1,1,0,0
2026-03-17 13:38:29.003994,2,1,0,1
2026-03-17 13:38:29.003994,3,1,0,3
2026-03-17 13:38:29.003994,4,1,0,3
2026-03-17 13:38:29.003994,5,1,0,3
2026-03-17 13:38:29.003994,6,1,0,0
2026-03-17 13:38:29.003994,7,1,0,23
2026-03-17 13:38:29.003994,8,1,0,28
2026-03-17 13:38:29.003994,9,1,0,22
2026-03-17 13:38:29.003994,10,1,0,3
2026-03-17 13:38:29.003994,11,1,0,39
2026-03-17 13:38:29.003994,12,1,0,35
2026-03-17 13:38:29.003994,13,1,0,42
2026-03-17 13:38:29.003994,14,1,0,1
2026-03-17 13:38:29.003994,15,1,0,4
2026-03-17 13:38:29.003994,16,1,0,4
2026-03-17 13:38:29.003994,17,1,0,63
2026-03-17 13:38:29.003994,18,1,0,51
2026-03-17 13:38:29.003994,19,1,0,79
2026-03-17 13:38:29.003994,20,1,0,52
2026-03-17 13:38:29.003994,21,1,0,3
2026-03-17 13:38:29.003994,22,1,0,2
2026-03-17 13:38:29.003994,23,1,0,0
2026-03-18 13:38:29.003994,0,2,0,2
2026-03-18 13:38:29.003994,1,2,0,1
2026-03-18 13:38:29.003994,2,2,0,4
2026-03-18 13:38:29.003994,3,2,0,0
2026-03-18 13:38:29.003994,4,2,0,0
2026-03-18 13:38:29.003994,5,2,0,4
2026-03-18 13:38:29.003994,6,2,0,0
2026-03-18 13:38:29.003994,7,2,0,18
2026-03-18 13:38:29.003994,8,2,0,26
2026-03-18 13:38:29.003994,9,2,0,24
2026-03-18 13:38:29.003994,10,2,0,0
2026-03-18 13:38:29.003994,11,2,0,39
2026-03-18 13:38:29.003994,12,2,0,28
2026-03-18 13:38:29.003994,13,2,0,23
2026-03-18 13:38:29.003994,14,2,0,3
2026-03-18 13:38:29.003994,15,2,0,4
2026-03-18 13:38:29.003994,16,2,0,3
2026-03-18 13:38:29.003994,17,2,0,72
2026-03-18 13:38:29.003994,18,2,0,54
2026-03-18 13:38:29.003994,19,2,0,40
2026-03-18 13:38:29.003994,20,2,0,60
2026-03-18 13:38:29.003994,21,2,0,2
2026-03-18 13:38:29.003994,22,2,0,3
2026-03-18 13:38:29.003994,23,2,0,1
2026-03-19 13:38:29.003994,0,3,0,4
2026-03-19 13:38:29.003994,1,3,0,0
2026-03-19 13:38:29.003994,2,3,0,2
2026-03-19 13:38:29.003994,3,3,0,0
2026-03-19 13:38:29.003994,4,3,0,4
2026-03-19 13:38:29.003994,5,3,0,2
2026-03-19 13:38:29.003994,6,3,0,4
2026-03-19 13:38:29.003994,7,3,0,25
2026-03-19 13:38:29.003994,8,3,0,22
2026-03-19 13:38:29.003994,9,3,0,17
2026-03-19 13:38:29.003994,10,3,0,4
2026-03-19 13:38:29.003994,11,3,0,45
2026-03-19 13:38:29.003994,12,3,0,37
2026-03-19 13:38:29.003994,13,3,0,48
2026-03-19 13:38:29.003994,14,3,0,0
2026-03-19 13:38:29.003994,15,3,0,0
2026-03-19 13:38:29.003994,16,3,0,1
2026-03-19 13:38:29.003994,17,3,0,77
2026-03-19 13:38:29.003994,18,3,0,49
2026-03-19 13:38:29.003994,19,3,0,34
2026-03-19 13:38:29.003994,20,3,0,67
2026-03-19 13:38:29.003994,21,3,0,0
2026-03-19 13:38:29.003994,22,3,0,0
2026-03-19 13:38:29.003994,23,3,0,2
2026-03-20 13:38:29.003994,0,4,0,0
2026-03-20 13:38:29.003994,1,4,0,0
2026-03-20 13:38:29.003994,2,4,0,4
2026-03-20 13:38:29.003994,3,4,0,2
2026-03-20 13:38:29.003994,4,4,0,2
2026-03-20 13:38:29.003994,5,4,0,0
2026-03-20 13:38:29.003994,6,4,0,2
2026-03-20 13:38:29.003994,7,4,0,28
2026-03-20 13:38:29.003994,8,4,0,28
2026-03-20 13:38:29.003994,9,4,0,13
2026-03-20 13:38:29.003994,10,4,0,3
2026-03-20 13:38:29.003994,11,4,0,29
2026-03-20 13:38:29.003994,12,4,0,44
2026-03-20 13:38:29.003994,13,4,0,23
2026-03-20 13:38:29.003994,14,4,0,4
2026-03-20 13:38:29.003994,15,4,0,1
2026-03-20 13:38:29.003994,16,4,0,3
2026-03-20 13:38:29.003994,17,4,0,55
2026-03-20 13:38:29.003994,18,4,0,38
2026-03-20 13:38:29.003994,19,4,0,49
2026-03-20 13:38:29.003994,20,4,0,74
2026-03-20 13:38:29.003994,21,4,0,1
2026-03-20 13:38:29.003994,22,4,0,0
2026-03-20 13:38:29.003994,23,4,0,4
2026-03-21 13:38:29.003994,0,5,1,4
2026-03-21 13:38:29.003994,1,5,1,1
2026-03-21 13:38:29.003994,2,5,1,0
2026-03-21 13:38:29.003994,3,5,1,6
2026-03-21 13:38:29.003994,4,5,1,1
2026-03-21 13:38:29.003994,5,5,1,1
2026-03-21 13:38:29.003994,6,5,1,4
2026-03-21 13:38:29.003994,7,5,1,18
2026-03-21 13:38:29.003994,8,5,1,19
2026-03-21 13:38:29.003994,9,5,1,16
2026-03-21 13:38:29.003994,10,5,1,1
2026-03-21 13:38:29.003994,11,5,1,55
2026-03-21 13:38:29.003994,12,5,1,60
2026-03-21 13:38:29.003994,13,5,1,37
2026-03-21 13:38:29.003994,14,5,1,3
2026-03-21 13:38:29.003994,15,5,1,6
2026-03-21 13:38:29.003994,16,5,1,4
2026-03-21 13:38:29.003994,17,5,1,63
2026-03-21 13:38:29.003994,18,5,1,114
2026-03-21 13:38:29.003994,19,5,1,57
2026-03-21 13:38:29.003994,20,5,1,69
2026-03-21 13:38:29.003994,21,5,1,3
2026-03-21 13:38:29.003994,22,5,1,6
2026-03-21 13:38:29.003994,23,5,1,6
2026-03-22 13:38:29.003994,0,6,1,3
2026-03-22 13:38:29.003994,1,6,1,3
2026-03-22 13:38:29.003994,2,6,1,1
2026-03-22 13:38:29.003994,3,6,1,4
2026-03-22 13:38:29.003994,4,6,1,0
2026-03-22 13:38:29.003994,5,6,1,0
2026-03-22 13:38:29.003994,6,6,1,6
2026-03-22 13:38:29.003994,7,6,1,40
2026-03-22 13:38:29.003994,8,6,1,15
2026-03-22 13:38:29.003994,9,6,1,33
2026-03-22 13:38:29.003994,10,6,1,6
2026-03-22 13:38:29.003994,11,6,1,48
2026-03-22 13:38:29.003994,12,6,1,70
2026-03-22 13:38:29.003994,13,6,1,60
2026-03-22 13:38:29.003994,14,6,1,4
2026-03-22 13:38:29.003994,15,6,1,1
2026-03-22 13:38:29.003994,16,6,1,6
2026-03-22 13:38:29.003994,17,6,1,79
2026-03-22 13:38:29.003994,18,6,1,81
2026-03-22 13:38:29.003994,19,6,1,78
2026-03-22 13:38:29.003994,20,6,1,94
2026-03-22 13:38:29.003994,21,6,1,4
2026-03-22 13:38:29.003994,22,6,1,3
2026-03-22 13:38:29.003994,23,6,1,1
2026-03-23 13:38:29.003994,0,0,0,1
2026-03-23 13:38:29.003994,1,0,0,0
2026-03-23 13:38:29.003994,2,0,0,4
2026-03-23 13:38:29.003994,3,0,0,0
2026-03-23 13:38:29.003994,4,0,0,4
2026-03-23 13:38:29.003994,5,0,0,0
2026-03-23 13:38:29.003994,6,0,0,4
2026-03-23 13:38:29.003994,7,0,0,27
2026-03-23 13:38:29.003994,8,0,0,21
2026-03-23 13:38:29.003994,9,0,0,25
2026-03-23 13:38:29.003994,10,0,0,0
2026-03-23 13:38:29.003994,11,0,0,35
2026-03-23 13:38:29.003994,12,0,0,38
2026-03-23 13:38:29.003994,13,0,0,27
2026-03-23 13:38:29.003994,14,0,0,3
2026-03-23 13:38:29.003994,15,0,0,1
2026-03-23 13:38:29.003994,16,0,0,4
2026-03-23 13:38:29.003994,17,0,0,68
2026-03-23 13:38:29.003994,18,0,0,61
2026-03-23 13:38:29.003994,19,0,0,67
2026-03-23 13:38:29.003994,20,0,0,40
2026-03-23 13:38:29.003994,21,0,0,1
2026-03-23 13:38:29.003994,22,0,0,2
2026-03-23 13:38:29.003994,23,0,0,1
2026-03-24 13:38:29.003994,0,1,0,3
2026-03-24 13:38:29.003994,1,1,0,0
2026-03-24 13:38:29.003994,2,1,0,0
2026-03-24 13:38:29.003994,3,1,0,3
2026-03-24 13:38:29.003994,4,1,0,4
2026-03-24 13:38:29.003994,5,1,0,3
2026-03-24 13:38:29.003994,6,1,0,3
2026-03-24 13:38:29.003994,7,1,0,23
2026-03-24 13:38:29.003994,8,1,0,10
2026-03-24 13:38:29.003994,9,1,0,27
2026-03-24 13:38:29.003994,10,1,0,4
2026-03-24 13:38:29.003994,11,1,0,37
2026-03-24 13:38:29.003994,12,1,0,29
2026-03-24 13:38:29.003994,13,1,0,29
2026-03-24 13:38:29.003994,14,1,0,4
2026-03-24 13:38:29.003994,15,1,0,1
2026-03-24 13:38:29.003994,16,1,0,1
2026-03-24 13:38:29.003994,17,1,0,53
2026-03-24 13:38:29.003994,18,1,0,69
2026-03-24 13:38:29.003994,19,1,0,66
2026-03-24 13:38:29.003994,20,1,0,31
2026-03-24 13:38:29.003994,21,1,0,1
2026-03-24 13:38:29.003994,22,1,0,0
2026-03-24 13:38:29.003994,23,1,0,1
2026-03-25 13:38:29.003994,0,2,0,3
2026-03-25 13:38:29.003994,1,2,0,1
2026-03-25 13:38:29.003994,2,2,0,1
2026-03-25 13:38:29.003994,3,2,0,3
2026-03-25 13:38:29.003994,4,2,0,0
2026-03-25 13:38:29.003994,5,2,0,3
2026-03-25 13:38:29.003994,6,2,0,4
2026-03-25 13:38:29.003994,7,2,0,20
2026-03-25 13:38:29.003994,8,2,0,19
2026-03-25 13:38:29.003994,9,2,0,26
2026-03-25 13:38:29.003994,10,2,0,3
2026-03-25 13:38:29.003994,11,2,0,21
2026-03-25 13:38:29.003994,12,2,0,25
2026-03-25 13:38:29.003994,13,2,0,33
2026-03-25 13:38:29.003994,14,2,0,2
2026-03-25 13:38:29.003994,15,2,0,0
2026-03-25 13:38:29.003994,16,2,0,3
2026-03-25 13:38:29.003994,17,2,0,58
2026-03-25 13:38:29.003994,18,2,0,46
2026-03-25 13:38:29.003994,19,2,0,72
2026-03-25 13:38:29.003994,20,2,0,74
2026-03-25 13:38:29.003994,21,2,0,4
2026-03-25 13:38:29.003994,22,2,0,3
2026-03-25 13:38:29.003994,23,2,0,4
2026-03-26 13:38:29.003994,0,3,0,3
2026-03-26 13:38:29.003994,1,3,0,2
2026-03-26 13:38:29.003994,2,3,0,0
2026-03-26 13:38:29.003994,3,3,0,4
2026-03-26 13:38:29.003994,4,3,0,3
2026-03-26 13:38:29.003994,5,3,0,2
2026-03-26 13:38:29.003994,6,3,0,4
2026-03-26 13:38:29.003994,7,3,0,24
2026-03-26 13:38:29.003994,8,3,0,25
2026-03-26 13:38:29.003994,9,3,0,25
2026-03-26 13:38:29.003994,10,3,0,2
2026-03-26 13:38:29.003994,11,3,0,28
2026-03-26 13:38:29.003994,12,3,0,41
2026-03-26 13:38:29.003994,13,3,0,36
2026-03-26 13:38:29.003994,14,3,0,1
2026-03-26 13:38:29.003994,15,3,0,0
2026-03-26 13:38:29.003994,16,3,0,2
2026-03-26 13:38:29.003994,17,3,0,34
2026-03-26 13:38:29.003994,18,3,0,42
2026-03-26 13:38:29.003994,19,3,0,54
2026-03-26 13:38:29.003994,20,3,0,65
2026-03-26 13:38:29.003994,21,3,0,3
2026-03-26 13:38:29.003994,22,3,0,1
2026-03-26 13:38:29.003994,23,3,0,3
2026-03-27 13:38:29.003994,0,4,0,0
2026-03-27 13:38:29.003994,1,4,0,2
2026-03-27 13:38:29.003994,2,4,0,3
2026-03-27 13:38:29.003994,3,4,0,3
2026-03-27 13:38:29.003994,4,4,0,2
2026-03-27 13:38:29.003994,5,4,0,0
2026-03-27 13:38:29.003994,6,4,0,1
2026-03-27 13:38:29.003994,7,4,0,23
2026-03-27 13:38:29.003994,8,4,0,26
2026-03-27 13:38:29.003994,9,4,0,23
2026-03-27 13:38:29.003994,10,4,0,1
2026-03-27 13:38:29.003994,11,4,0,49
2026-03-27 13:38:29.003994,12,4,0,22
2026-03-27 13:38:29.003994,13,4,0,41
2026-03-27 13:38:29.003994,14,4,0,4
2026-03-27 13:38:29.003994,15,4,0,1
2026-03-27 13:38:29.003994,16,4,0,0
2026-03-27 13:38:29.003994,17,4,0,42
2026-03-27 13:38:29.003994,18,4,0,61
2026-03-27 13:38:29.003994,19,4,0,77
2026-03-27 13:38:29.003994,20,4,0,48
2026-03-27 13:38:29.003994,21,4,0,4
2026-03-27 13:38:29.003994,22,4,0,3
2026-03-27 13:38:29.003994,23,4,0,1
2026-03-28 13:38:29.003994,0,5,1,3
2026-03-28 13:38:29.003994,1,5,1,4
2026-03-28 13:38:29.003994,2,5,1,0
2026-03-28 13:38:29.003994,3,5,1,6
2026-03-28 13:38:29.003994,4,5,1,4
2026-03-28 13:38:29.003994,5,5,1,3
2026-03-28 13:38:29.003994,6,5,1,3
2026-03-28 13:38:29.003994,7,5,1,31
2026-03-28 13:38:29.003994,8,5,1,22
2026-03-28 13:38:29.003994,9,5,1,27
2026-03-28 13:38:29.003994,10,5,1,0
2026-03-28 13:38:29.003994,11,5,1,33
2026-03-28 13:38:29.003994,12,5,1,58
2026-03-28 13:38:29.003994,13,5,1,63
2026-03-28 13:38:29.003994,14,5,1,3
2026-03-28 13:38:29.003994,15,5,1,1
2026-03-28 13:38:29.003994,16,5,1,3
2026-03-28 13:38:29.003994,17,5,1,60
2026-03-28 13:38:29.003994,18,5,1,84
2026-03-28 13:38:29.003994,19,5,1,109
2026-03-28 13:38:29.003994,20,5,1,63
2026-03-28 13:38:29.003994,21,5,1,3
2026-03-28 13:38:29.003994,22,5,1,4
2026-03-28 13:38:29.003994,23,5,1,6
2026-03-29 13:38:29.003994,0,6,1,1
2026-03-29 13:38:29.003994,1,6,1,4
2026-03-29 13:38:29.003994,2,6,1,6
2026-03-29 13:38:29.003994,3,6,1,6
2026-03-29 13:38:29.003994,4,6,1,6
2026-03-29 13:38:29.003994,5,6,1,0
2026-03-29 13:38:29.003994,6,6,1,3
2026-03-29 13:38:29.003994,7,6,1,36
2026-03-29 13:38:29.003994,8,6,1,36
2026-03-29 13:38:29.003994,9,6,1,43
2026-03-29 13:38:29.003994,10,6,1,3
2026-03-29 13:38:29.003994,11,6,1,66
2026-03-29 13:38:29.003994,12,6,1,63
2026-03-29 13:38:29.003994,13,6,1,51
2026-03-29 13:38:29.003994,14,6,1,3
2026-03-29 13:38:29.003994,15,6,1,3
2026-03-29 13:38:29.003994,16,6,1,1
2026-03-29 13:38:29.003994,17,6,1,72
2026-03-29 13:38:29.003994,18,6,1,115
2026-03-29 13:38:29.003994,19,6,1,51
2026-03-29 13:38:29.003994,20,6,1,64
2026-03-29 13:38:29.003994,21,6,1,1
2026-03-29 13:38:29.003994,22,6,1,1
2026-03-29 13:38:29.003994,23,6,1,6
2026-03-30 13:38:29.003994,0,0,0,4
2026-03-30 13:38:29.003994,1,0,0,0
2026-03-30 13:38:29.003994,2,0,0,3
2026-03-30 13:38:29.003994,3,0,0,3
2026-03-30 13:38:29.003994,4,0,0,0
2026-03-30 13:38:29.003994,5,0,0,3
2026-03-30 13:38:29.003994,6,0,0,4
2026-03-30 13:38:29.003994,7,0,0,15
2026-03-30 13:38:29.003994,8,0,0,25
2026-03-30 13:38:29.003994,9,0,0,25
2026-03-30 13:38:29.003994,10,0,0,1
2026-03-30 13:38:29.003994,11,0,0,23
2026-03-30 13:38:29.003994,12,0,0,33
2026-03-30 13:38:29.003994,13,0,0,31
2026-03-30 13:38:29.003994,14,0,0,1
2026-03-30 13:38:29.003994,15,0,0,3
2026-03-30 13:38:29.003994,16,0,0,1
2026-03-30 13:38:29.003994,17,0,0,42
2026-03-30 13:38:29.003994,18,0,0,62
2026-03-30 13:38:29.003994,19,0,0,45
2026-03-30 13:38:29.003994,20,0,0,34
2026-03-30 13:38:29.003994,21,0,0,4
2026-03-30 13:38:29.003994,22,0,0,2
2026-03-30 13:38:29.003994,23,0,0,3
2026-03-31 13:38:29.003994,0,1,0,3
2026-03-31 13:38:29.003994,1,1,0,0
2026-03-31 13:38:29.003994,2,1,0,3
2026-03-31 13:38:29.003994,3,1,0,0
2026-03-31 13:38:29.003994,4,1,0,4
2026-03-31 13:38:29.003994,5,1,0,2
2026-03-31 13:38:29.003994,6,1,0,2
2026-03-31 13:38:29.003994,7,1,0,11
2026-03-31 13:38:29.003994,8,1,0,26
2026-03-31 13:38:29.003994,9,1,0,13
2026-03-31 13:38:29.003994,10,1,0,4
2026-03-31 13:38:29.003994,11,1,0,20
2026-03-31 13:38:29.003994,12,1,0,29
2026-03-31 13:38:29.003994,13,1,0,43
2026-03-31 13:38:29.003994,14,1,0,4
2026-03-31 13:38:29.003994,15,1,0,2
2026-03-31 13:38:29.003994,16,1,0,0
2026-03-31 13:38:29.003994,17,1,0,74
2026-03-31 13:38:29.003994,18,1,0,47
2026-03-31 13:38:29.003994,19,1,0,51
2026-03-31 13:38:29.003994,20,1,0,34
2026-03-31 13:38:29.003994,21,1,0,1
2026-03-31 13:38:29.003994,22,1,0,2
2026-03-31 13:38:29.003994,23,1,0,2
2026-04-01 13:38:29.003994,0,2,0,0
2026-04-01 13:38:29.003994,1,2,0,2
2026-04-01 13:38:29.003994,2,2,0,1
2026-04-01 13:38:29.003994,3,2,0,0
2026-04-01 13:38:29.003994,4,2,0,2
2026-04-01 13:38:29.003994,5,2,0,2
2026-04-01 13:38:29.003994,6,2,0,4
2026-04-01 13:38:29.003994,7,2,0,14
2026-04-01 13:38:29.003994,8,2,0,15
2026-04-01 13:38:29.003994,9,2,0,15
2026-04-01 13:38:29.003994,10,2,0,2
2026-04-01 13:38:29.003994,11,2,0,43
2026-04-01 13:38:29.003994,12,2,0,46
2026-04-01 13:38:29.003994,13,2,0,28
2026-04-01 13:38:29.003994,14,2,0,2
2026-04-01 13:38:29.003994,15,2,0,1
2026-04-01 13:38:29.003994,16,2,0,2
2026-04-01 13:38:29.003994,17,2,0,65
2026-04-01 13:38:29.003994,18,2,0,45
2026-04-01 13:38:29.003994,19,2,0,77
2026-04-01 13:38:29.003994,20,2,0,55
2026-04-01 13:38:29.003994,21,2,0,0
2026-04-01 13:38:29.003994,22,2,0,1
2026-04-01 13:38:29.003994,23,2,0,3
2026-04-02 13:38:29.003994,0,3,0,4
2026-04-02 13:38:29.003994,1,3,0,1
2026-04-02 13:38:29.003994,2,3,0,0
2026-04-02 13:38:29.003994,3,3,0,3
2026-04-02 13:38:29.003994,4,3,0,2
2026-04-02 13:38:29.003994,5,3,0,3
2026-04-02 13:38:29.003994,6,3,0,1
2026-04-02 13:38:29.003994,7,3,0,19
2026-04-02 13:38:29.003994,8,3,0,16
2026-04-02 13:38:29.003994,9,3,0,15
2026-04-02 13:38:29.003994,10,3,0,4
2026-04-02 13:38:29.003994,11,3,0,47
2026-04-02 13:38:29.003994,12,3,0,37
2026-04-02 13:38:29.003994,13,3,0,33
2026-04-02 13:38:29.003994,14,3,0,4
2026-04-02 13:38:29.003994,15,3,0,1
2026-04-02 13:38:29.003994,16,3,0,3
2026-04-02 13:38:29.003994,17,3,0,76
2026-04-02 13:38:29.003994,18,3,0,41
2026-04-02 13:38:29.003994,19,3,0,41
2026-04-02 13:38:29.003994,20,3,0,75
2026-04-02 13:38:29.003994,21,3,0,2
2026-04-02 13:38:29.003994,22,3,0,1
2026-04-02 13:38:29.003994,23,3,0,4
